country,year,education,military,economic_index,trade_share,reserve_currency,financial_center,innovation,competitiveness,technology,economic_output,WorldOrderIndex
CHINA,1800,,,,,0.9017436034642116,,,,,,0.9017436034642116
CHINA,1801,,,,,0.9017755207270663,,,,,,0.9017755207270663
CHINA,1802,,,,,0.9023496577455676,,,,,,0.9023496577455676
CHINA,1803,,,,,0.9053131932510574,,,,,,0.9053131932510574
CHINA,1804,,,,,0.9057058503341129,,,,,,0.9057058503341129
CHINA,1805,,,,,0.9069537877296563,,,,,,0.9069537877296563
CHINA,1806,,,,,0.9074205118614971,,,,,,0.9074205118614971
CHINA,1807,,,,,0.9083165478169111,,,,,,0.9083165478169111
CHINA,1808,,,,,0.9090170496669231,,,,,,0.9090170496669231
CHINA,1809,,,,,0.9132901966203664,,,,,,0.9132901966203664
CHINA,1810,,,,,0.9170943745184206,,,,,,0.9170943745184206
CHINA,1811,,,,,0.9301599376269689,,,,,,0.9301599376269689
CHINA,1812,,,,,0.9380621272187334,,,,,,0.9380621272187334
CHINA,1813,,,,,0.943206057295933,,0.5,,0.5,,0.6772824229183732
CHINA,1814,,,,,0.9472617266886859,,0.5,,0.5,,0.6789046906754743
CHINA,1815,,,,,0.950756540215932,,0.5,,0.5,,0.6803026160863728
CHINA,1816,,,,,0.9378023955967401,,0.5,,0.5,,0.6751209582386961
CHINA,1817,,,,,0.9290089531158424,,0.5,,0.5,,0.671603581246337
CHINA,1818,,,,,0.9226752705540372,,0.5666666666666667,,0.5666666666666667,,0.7090701082216149
CHINA,1819,,,,,0.9163697053814817,,0.5666666666666667,,0.5666666666666667,,0.7065478821525927
CHINA,1820,,,,,0.9117926972192357,,0.5666666666666667,,0.5666666666666667,,0.7047170788876943
CHINA,1821,,,,,0.9135107596773535,,0.5666666666666667,,0.5666666666666667,,0.7054043038709414
CHINA,1822,,,,,0.9115727881454833,,0.5666666666666667,,0.5666666666666667,,0.7046291152581933
CHINA,1823,,,,,0.908038529967549,,0.5,,0.5,,0.6632154119870196
CHINA,1824,,,,,0.9032006249171218,,0.5,,0.5,,0.6612802499668488
CHINA,1825,,,,,0.8972415595666339,,0.5,,0.5,,0.6588966238266536
CHINA,1826,,,,,0.8928342937635463,,0.5,,0.5,,0.6571337175054186
CHINA,1827,,,,,0.8928144759209247,,0.5,,0.5,,0.6571257903683698
CHINA,1828,,,,0.047648382202241116,0.8937796857547703,,0.5,,0.5,,0.48326516227343186
CHINA,1829,,,,0.05005066102846632,0.8940401775393667,,0.5,,0.5,,0.4840259538765238
CHINA,1830,,,,0.04958291021629744,0.8949508394948806,,0.5,,0.5,,0.4841524999174795
CHINA,1831,,,,0.0498955960208776,0.8963584905488495,,0.5,,0.5,,0.48464402473420776
CHINA,1832,,,,0.05280394897006098,0.898135254639965,,0.5,,0.5,,0.48598262960286465
CHINA,1833,,,,0.054048667825122784,0.8973373147163857,,0.5,,0.5,,0.4861102807261453
CHINA,1834,,,,0.05213801278007731,0.8979097249783253,,0.5,,0.5,,0.48572792507382934
CHINA,1835,,,,0.05062857070189728,0.89628147145675,,0.5,,0.5,,0.4848314406167564
CHINA,1836,,,,0.04538722145092973,0.8953410961774612,,0.5,,0.5,,0.48306523360811177
CHINA,1837,,,,0.036056739917303286,0.8926038606158642,,0.5,,0.5,,0.4796173144380479
CHINA,1838,,,,0.031530613620126595,0.8915012454743547,,0.5,,0.5,,0.4780091025984233
CHINA,1839,,,,0.027774889802526338,0.8901998661490105,,0.5,,0.5,,0.47656421598615345
CHINA,1840,,,,0.024253762809718055,0.8922206097893997,,0.5,,0.5,,0.4761355350283194
CHINA,1841,,,,0.02091617227027465,0.8931924675397258,,0.5,,0.5,,0.47545961137428594
CHINA,1842,,,,0.021338458201622067,0.8942058550373797,,0.5,,0.5,,0.475869803782572
CHINA,1843,,,,0.02097115646365075,0.8952815783871918,,0.5,,0.5,,0.47607220995738364
CHINA,1844,,,,0.021922836330012758,0.8967760251026474,,0.5,,0.5,,0.47677110326647437
CHINA,1845,,,,0.020960836695037323,0.8967690304501208,,0.5,,0.5,,0.47649424775575955
CHINA,1846,,,,0.02451022819546716,0.8959899959544215,,0.5,,0.5,,0.47728577832853963
CHINA,1847,,,,0.02620592443591423,0.8962493070533819,,0.5,,0.5,,0.47784435185408464
CHINA,1848,0.12882354537499338,,,0.025816713849907625,0.9068605745558618,,0.55,,0.55,,0.39018252129365194
CHINA,1849,0.1288161074505021,,,0.02651527889121406,0.916914134781916,,0.55,,0.55,,0.3923307149697766
CHINA,1850,0.12880864418423596,,,0.029063458193682924,0.9269532228783955,,0.55,,0.55,,0.39484592946968644
CHINA,1851,0.12880115543011947,,,0.029618271575114617,0.9376257452650224,,0.55,,0.55,,0.39708914999706324
CHINA,1852,0.1287936410408766,,,0.03431079312952583,0.9479439546684828,,0.55,,0.55,,0.4000890418718647
CHINA,1853,0.12877861196662269,,,0.03889816769192659,0.9479098957019445,,0.5,,0.5,,0.385995196268761
CHINA,1854,0.12876350568635694,,,0.03752141572910714,0.9479179847552244,,0.5,,0.5,,0.3857169318027734
CHINA,1855,0.12874832160361574,,,0.03664151638611338,0.9479460834351032,,0.5,,0.5,,0.38554201644532804
CHINA,1856,0.12873305911577546,,,0.035984630427279174,0.9480103687343808,,0.5,,0.5,,0.38541891756706465
CHINA,1857,0.1287177176139727,,,0.03200491903212862,0.9479963205082014,,0.5,,0.5,,0.3846155631922578
CHINA,1858,0.12870229648302337,0.6301389464028315,,0.027348687373707166,0.9480748675043257,,0.5,0.5,0.5,,0.43981545946738665
CHINA,1859,0.12935817758052798,0.6490434670993102,,0.027866245507326564,0.9482017342357016,,0.5,0.5,0.5,,0.44255316176175075
CHINA,1860,0.13068310674636288,0.6597309215126187,,0.02887188657911629,0.9482853896777096,,0.5,0.5,0.5,,0.4443883810518653
CHINA,1861,0.13267484148997985,0.6584106448175501,,0.030448584084353702,0.9483028445244868,,0.5,0.5,0.5,,0.44482324475484813
CHINA,1862,0.13533115091350767,0.6576273363025467,,0.028906592662768137,0.9483877767067119,,0.5,0.5,0.5,,0.4450557909389718
CHINA,1863,0.1386498156355307,0.6571496081086398,,0.029973324832938443,0.9476748154917335,,0.5,0.5,0.5,,0.44570299625154775
CHINA,1864,0.14195724523635098,0.6612470853244037,,0.030287027005684437,0.94699489415289,,0.5,0.5,0.5,,0.44686198324500065
CHINA,1865,0.14525349667352747,0.6581034197811031,,0.02888733848100496,0.9460794478423405,,0.5,0.5,0.5,,0.44679339348196534
CHINA,1866,0.14853862652026373,0.6604811913486058,,0.028079741325929865,0.944470755725144,,0.5,0.5,0.5,,0.44744528375734344
CHINA,1867,0.1518126909686447,0.6675727468021163,,0.028484062275318727,0.9432734819126305,,0.5,0.5,0.5,,0.44893991032573777
CHINA,1868,0.15576306770685924,0.6832504342715682,,0.02596237888164089,0.942752943899723,,0.5666666666666667,0.5,0.5666666666666667,,0.4647480478150962
CHINA,1869,0.15893925503804815,0.6727596402861993,,0.024184475524538084,0.9419771358065118,,0.5666666666666667,0.5,0.5666666666666667,,0.4636440178899096
CHINA,1870,0.16134544295628866,0.6811878261088088,,0.02387382006839152,0.9416953083045474,,0.5666666666666667,0.5,0.5666666666666667,,0.4651700158554908
CHINA,1871,0.16298576067787934,0.6912650233713087,,0.021812951808518243,0.9416953083045474,,0.5666666666666667,0.5,0.5666666666666667,,0.4665669232668258
CHINA,1872,0.16386427836274725,0.6985078965771181,,0.019817810907766402,0.9411467501318415,,0.5666666666666667,0.5,0.5666666666666667,,0.4673691833547796
CHINA,1873,0.16329768689347374,0.6987163706703144,,0.019433061463813132,0.9403213257011073,,0.5,0.5,0.5,,0.45378897175672617
CHINA,1874,0.1627405003476236,0.710396303497944,,0.01990648615366154,0.941083942049582,,0.5,0.5,0.5,,0.4553996642963498
CHINA,1875,0.16219248645100134,0.7074960908387861,,0.018843717491095723,0.9398439724329549,,0.5,0.5,0.5,,0.4545963347252452
CHINA,1876,0.16165342051662965,0.7011046480991541,,0.018250939773929047,0.938926192795198,,0.5,0.5,0.5,,0.4534349215257635
CHINA,1877,0.16112308513742374,0.7020984588239881,,0.0182344405074833,0.9372443463221881,,0.5,0.5,0.5,,0.45323491644797276
CHINA,1878,0.16060126989368553,0.7096999697869785,,0.0185605241398192,0.9361745067017724,,0.5,0.5,0.5,,0.4540449207292132
CHINA,1879,0.16018400652616224,0.718525827397072,,0.017710252839841435,0.9335910408774053,,0.5,0.5,0.5,,0.4546804174538083
CHINA,1880,0.15986958131606435,0.7315571486043277,,0.017314904343721904,0.9328995210275105,,0.4201198561483833,0.5,0.4201198561483833,,0.4402340973562976
CHINA,1881,0.15965632212723016,0.7487618279700745,,0.017372847612188585,0.9320490525893342,,0.34021524119537455,0.5,0.34021524119537455,,0.4263988097540673
CHINA,1882,0.1595425970754921,0.7583587567485942,,0.01737365600402103,0.9320490525893342,,0.34021524119537455,0.5,0.34021524119537455,,0.4276557630331
CHINA,1883,0.15952681325075568,0.7585190476618989,,0.017215553110974408,0.9309981771461274,,0.2620949131954446,0.5,0.2620949131954446,,0.4118887156784402
CHINA,1884,0.15951118003773554,0.7707245259345873,,0.017629766635670892,0.9293819005089328,,0.186095580539039,0.5,0.186095580539039,,0.3981528445259137
CHINA,1885,0.15949569529083063,0.7814165761062085,,0.018671439737490393,0.927364219940128,,0.19311988246920905,0.5,0.19311988246920905,,0.4008500803231849
CHINA,1886,0.1594803569050038,0.793029063459123,,0.019702624802014387,0.9255947162854173,,0.2012652013111793,0.5,0.2012652013111793,,0.40392596558277727
CHINA,1887,0.15946516281482764,0.801891753214574,,0.02007379438569952,0.9232033905824538,,0.12907004255663848,0.5,0.12907004255663848,,0.3903962328319902
CHINA,1888,0.1594501109935573,0.8260926156298203,,0.020323091254423806,0.9230892012243193,,0.18477159547042565,0.5,0.18477159547042565,,0.40477832904060507
CHINA,1889,0.15940762856927687,0.8396051448665863,,0.02080032659264696,0.9228356129216209,,0.18961668557355787,0.5,0.18961668557355787,,0.4075703407460143
CHINA,1890,0.1593380189494634,0.855684115798776,,0.021262710290791426,0.920956214938603,,0.18655253731279037,0.5,0.18655253731279037,,0.40889851672287353
CHINA,1891,0.15924158054649,0.8705656884706358,,0.02060492552336519,0.9170889935080787,,0.18241114706417463,0.5,0.18241114706417463,,0.4094318265224103
CHINA,1892,0.15911860688647347,0.8790631356166507,,0.020112832325372754,0.9091230829173906,,0.17919902777119529,0.5,0.17919902777119529,,0.40877006704612234
CHINA,1893,0.15896938671517688,0.8827000589585804,,0.019606713861187904,0.900536022246985,,0.1268017840154227,0.5,0.1268017840154227,,0.39753327348835377
CHINA,1894,0.1588217749840156,0.8523843220570754,,0.018461831127587664,0.8930880382732489,,0.12417848048527853,0.5,0.12417848048527853,,0.3917912766215805
CHINA,1895,0.15867574582491312,0.8174460409790303,,0.017168247198872562,0.8846548448467347,,0.12712373509395972,0.5,0.12712373509395972,,0.38639578058705965
CHINA,1896,0.15853127392157138,0.7620558552546698,,0.01683799535961293,0.8774728581327779,,0.1320090040662104,0.5,0.1320090040662104,,0.37895695009716446
CHINA,1897,0.15838833449483603,0.7233649189061163,,0.018110609060156452,0.8761519072119117,,0.14559749257554486,0.5,0.14559749257554486,,0.3764808234378342
CHINA,1898,0.1582469032885247,0.6739178674608955,,0.018110913633837634,0.8746050170804379,,0.201015784997238,0.5,0.201015784997238,,0.38073704408050874
CHINA,1899,0.1581588032597367,0.6449552609051568,,0.018384380494151815,0.8717404096446421,,0.22388505653951934,0.5,0.22388505653951934,,0.38108611209904464
CHINA,1900,0.15812355467192604,0.6156147376562017,,0.018707545012248993,0.8683400993985451,,0.26344299929481785,0.5,0.26344299929481785,,0.3846682950689483
CHINA,1901,0.15814068447462842,0.6028736670901252,,0.019101997730792724,0.8669734474187104,,0.283847540678562,0.5,0.283847540678562,,0.38692419332925526
CHINA,1902,0.15820972617581594,0.5831401507462166,,0.018761864121899313,0.866410034642876,,0.29401013136766274,0.5,0.29401013136766274,,0.38621891144349474
CHINA,1903,0.1583302197173621,0.5585233116744575,,0.020054559070302975,0.8687580480910431,,0.2617640653345855,0.5,0.2617640653345855,,0.37699697952183003
CHINA,1904,0.15844986464948993,0.5531016938793103,,0.02088216096186053,0.8739852903892334,,0.2619703976977855,0.5,0.2619703976977855,,0.37714660516684234
CHINA,1905,0.15856866990581467,0.5634219990236957,,0.02184588750763928,0.8801792649819449,,0.2430201337452839,0.5,0.2430201337452839,,0.37571071426532376
CHINA,1906,0.15857666440559884,0.588013015189002,,0.021753904462061335,0.87870896125986,,0.2448577024827201,0.5,0.2448577024827201,,0.379150324165787
CHINA,1907,0.15847103525604841,0.5950501725502939,,0.02115024994467267,0.875512903026077,,0.2486247801989288,0.5,0.2486247801989288,,0.38031427316046795
CHINA,1908,0.15825319811322164,0.6124798291109681,,0.02004597861621007,0.8708759144841046,,0.2531528013399484,0.5,0.2531528013399484,,0.3827347628521384
CHINA,1909,0.15797373903645756,0.6086354207937952,,0.018919446361497942,0.8643270294130782,,0.25696794172545373,0.5,0.25696794172545373,,0.38190592236149845
CHINA,1910,0.15763322731467647,0.5852147374985719,,0.01805384059789629,0.863598323244126,,0.2512724012026896,0.5,0.2512724012026896,,0.37736337921555246
CHINA,1911,0.1573422039819684,0.5357035781879815,,0.01450144109934606,0.869206964783943,,0.271470831084343,0.6666666666666666,0.271470831084343,,0.4083508715560984
CHINA,1912,0.1571040437766848,0.503148856995768,,0.011055988704205162,0.8728392590581155,,0.2771997038173218,0.6666666666666666,0.2771997038173218,,0.40513329681987986
CHINA,1913,0.15691788493791342,0.4729620728927594,,0.007374636907411182,0.8726009040189554,,0.3167401241744357,0.6666666666666666,0.3167401241744357,,0.40845661699835334
CHINA,1914,0.15673368750455033,0.4397006366108047,,0.003882349290265306,0.8785590055122322,,0.33139527921311407,0.7222222222222222,0.33139527921311407,,0.4183558366430844
CHINA,1915,0.1565514206387322,0.42285098060968923,,1.3243206112451207e-05,0.8862564997484912,,0.34122797985572056,0.8333333333333333,0.34122797985572056,,0.44077197657412964
CHINA,1916,0.15637105414571786,0.3936291628370746,,1.9921846111875894e-05,0.9014436375862758,,0.32220274722482284,0.6666666666666666,0.32220274722482284,,0.4017271232433698
CHINA,1917,0.15619255845720886,0.35864592069262263,,3.518592029362988e-05,0.9244293385191,,0.3345566366723062,0.6666666666666666,0.3345566366723062,,0.40256456504350524
CHINA,1918,0.15601590461518672,0.3564842651311854,,6.480710594636398e-05,0.9493181726727699,,0.2747745248820471,0.6666666666666666,0.2747745248820471,,0.39360705188743367
CHINA,1919,0.15576672402579325,0.3866114543035655,,0.01765129596308246,0.9671842728747254,,0.2401501682280256,0.6666666666666666,0.2401501682280256,,0.3953763148696136
CHINA,1920,0.15544574037188164,0.4091103159906721,,0.03832178372520888,0.9828816747572864,,0.22173990571740382,0.65625,0.22173990571740382,,0.3973956324809461
CHINA,1921,0.15505366656403052,0.4589033205987117,,0.0577094015050309,0.9840612429715467,,0.20045260683999672,0.6458333333333333,0.20045260683999672,,0.4003577833575107
CHINA,1922,0.1546325164724056,0.5330986775047399,,0.07682222640914858,0.9793424318180091,,0.15866187544623106,0.6354166666666666,0.15866187544623106,,0.4016439898146471
CHINA,1923,0.15420314965621876,0.5539221176656202,,0.0943125816711788,0.974673917928021,,0.14877537835193558,0.625,0.14877537835193558,,0.40198352123694026
CHINA,1924,0.1538400096555451,0.5754577943656212,,0.09558420579990501,0.970152738743098,,0.13844680796013312,0.6145833333333333,0.13844680796013312,,0.4001999953776189
CHINA,1925,0.1535424464340182,0.57948582894252,,0.09183870491170712,0.9618829496216724,,0.1267887798375646,0.6041666666666666,0.1267887798375646,,0.3946605763844365
CHINA,1926,0.15330981945743466,0.5769003053599588,,0.09175496483567863,0.9609132515667135,,0.11634548086739685,0.59375,0.11634548086739685,,0.38995686296661314
CHINA,1927,0.15310018599067815,0.5540355859061048,,0.09036837287227864,0.9589455609320053,,0.11038378450788904,0.5833333333333333,0.11038378450788904,,0.3831433967277653
CHINA,1928,0.15289275639624175,0.5555087397242542,,0.08810443215872381,0.9531332290836291,,0.11310297225580852,0.5729166666666666,0.11310297225580852,,0.38068199919262435
CHINA,1929,0.15295519548828584,0.5483463116170453,,0.08613192711567541,0.9435215645702328,,0.11776465040363086,0.5625,0.11776465040363086,,0.3770439429521105
CHINA,1930,0.1532851886299692,0.5649226231518766,0.07658509690083806,0.08616909329894315,0.9347012146192532,,0.12335711808432656,0.5520833333333333,0.12335711808432656,0.07658509690083806,0.327084337388086
CHINA,1931,0.15388045113035617,0.578825249889525,0.07824777568669715,0.08107825151109584,0.9205812652019603,,0.13056750522349975,0.5416666666666666,0.13056750522349975,0.07824777568669715,0.32633648496260126
CHINA,1932,0.15473872626397076,0.5947875175165355,0.0743727043901362,0.07465683521533453,0.9072291246940534,,0.13667678871417843,0.53125,0.13667678871417843,0.0743727043901362,0.32469231183092795
CHINA,1933,0.15583949275694092,0.5991888166558879,0.07243945708280083,0.07043294831844936,0.8965529159832288,,0.14218216913079523,0.5208333333333333,0.14218216913079523,0.07243945708280083,0.32256848437926355
CHINA,1934,0.1568761819080086,0.5909677674694869,0.07032794702225234,0.06311499195990808,0.8858131754075702,,0.14504922574820028,0.5104166666666666,0.14504922574820028,0.07032794702225234,0.31821121853940637
CHINA,1935,0.15783053733603075,0.5803747388254374,0.06565196826555397,0.054616771730679824,0.8761269133419851,,0.14531690851312218,0.5,0.14531690851312218,0.06565196826555397,0.31270194945224034
CHINA,1936,0.15870261184645904,0.5700109884907025,0.06052887113895324,0.04636086100393031,0.8653948152599382,,0.14173549238574765,0.5,0.14173549238574765,0.06052887113895324,0.30813523642347906
CHINA,1937,0.159492470567748,0.5550927720328828,0.05745992762545475,0.038703069893641445,0.8789770567337323,,0.13320039511937606,0.5,0.13320039511937606,0.05745992762545475,0.3053335654032361
CHINA,1938,0.16021848249730097,0.5320605950445602,0.05339060656808382,0.029670804592595773,0.8935822192577811,,0.1339773089464192,0.5,0.1339773089464192,0.05339060656808382,0.3029659128791826
CHINA,1939,0.16106577781057158,0.5048279861577566,0.04794565401289584,0.021819921309932953,0.9150019611445627,,0.13557679018110633,0.5,0.13557679018110633,0.04794565401289584,0.3009480224021237
CHINA,1940,0.16205131993548327,0.45736926185897164,0.04306151012812281,0.016011949330608347,0.9374544978645393,,0.13986469512603544,0.5,0.13986469512603544,0.04306151012812281,0.2975891107598424
CHINA,1941,0.16317379254234662,0.4060135967279441,0.03696252439685898,0.01332028353273142,0.9672624060938713,,0.14727949462380363,0.5,0.14727949462380363,0.03696252439685898,0.29530222263322903
CHINA,1942,0.1643513262581965,0.35494278750992897,0.03050124483039789,0.013360967876262234,0.973729759590034,,0.16304147784017647,0.5,0.16304147784017647,0.03050124483039789,0.2920971764854869
CHINA,1943,0.165578955773592,0.3119315391348695,0.02464564784605531,0.015383472638406979,0.9807077955733977,,0.1846677848441581,0.5,0.1846677848441581,0.02464564784605531,0.29115126556026477
CHINA,1944,0.16670703959238584,0.3041851962916873,0.02143685318894533,0.017934070443671467,0.9859241975284544,,0.19349243152751336,0.5,0.19349243152751336,0.02143685318894533,0.2922775500807867
CHINA,1945,0.1677358466372899,0.311880174845114,0.0199924585344427,0.019739146228382912,0.9894021714506556,,0.18868928976301771,0.5,0.18868928976301771,0.0199924585344427,0.2928497649918087
CHINA,1946,0.16866566069681962,0.3321988810774188,0.019836734660864157,0.021090552560979546,0.9919064813378083,,0.19082529160762435,0.5,0.19082529160762435,0.019836734660864157,0.29602082726935214
CHINA,1947,0.16957735034176585,0.35281146638589334,0.020907129704692322,0.022143190178953987,0.9938037745100191,,0.187889280279744,0.4375,0.187889280279744,0.020907129704692322,0.28806323017379665
CHINA,1948,0.17030091796218377,0.3802791935255009,0.022368789037518322,0.022876409267474647,0.9951048096839947,,0.1673468225310151,0.3888888888888889,0.1673468225310151,0.022368789037518322,0.28017983778959776
CHINA,1949,0.17101331656380717,0.3906766784592151,0.023950848562580986,0.02347468507693497,0.9965598708027633,,0.16133258515874377,0.33333333333333337,0.16133258515874377,0.023950848562580986,0.271684039974068
CHINA,1949,0.1728564502609134,0.378612590798162,0.025136239551873198,0.02397240772319762,0.9976843052539017,,0.16973432726739693,0.33333333333333337,0.16973432726739693,0.025136239551873198,0.27242886993283744
CHINA,1950,0.1758152788284927,0.3624378657701687,0.026447297455520668,0.02439312511665762,0.9985476572024874,,0.17050050420132518,0.33333333333333337,0.17050050420132518,0.026447297455520668,0.271613696535258
CHINA,1951,0.1798750590336567,0.3473836416651159,0.028073566803524085,0.024757680524114697,0.9991792886273829,,0.17469332064704884,0.2916666666666667,0.17469332064704884,0.028073566803524085,0.2647537256158843
CHINA,1952,0.18519532959494858,0.3383748325514037,0.029930024918130703,0.025047821580542806,0.9998109200522786,,0.17946194982784439,0.2916666666666667,0.17946194982784439,0.029930024918130703,0.265846058966179
CHINA,1953,0.1915852912807723,0.3236270322594681,0.0313441913745714,0.026722422437773563,0.9998430189413268,,0.1824262888462906,0.2916666666666667,0.1824262888462906,0.0313441913745714,0.2661917923212245
CHINA,1954,0.19788945832543653,0.33407245033221006,0.03325867943655618,0.027915925979916923,0.9998579654739503,,0.18656173204997106,0.2916666666666667,0.18656173204997106,0.03325867943655618,0.26954568294489145
CHINA,1955,0.20410954723819458,0.350200863012719,0.03512728679667724,0.023614881163700113,0.9990959282153407,,0.19266699680494695,0.28750000000000003,0.19266699680494695,0.03512728679667724,0.2724463798501654
CHINA,1956,0.2102472290376411,0.38155320185411296,0.03813896232872012,0.019790764119914477,0.9983367957643529,,0.20185544234587494,0.2833333333333333,0.20185544234587494,0.03813896232872012,0.2777825791451928
CHINA,1957,0.21630413074890523,0.4165513004785543,0.04102442074985009,0.016376220281824453,0.9975733404704142,,0.2122500093308614,0.2791666666666667,0.2122500093308614,0.04102442074985009,0.28373541138613534
CHINA,1958,0.22251313318999305,0.4587040966543528,0.04353342530063224,0.011306148830643629,0.9968081777313176,,0.22814180321544134,0.275,0.22814180321544134,0.04353342530063224,0.29117788508615716
CHINA,1959,0.22913368394427494,0.48302671370214484,0.04266460522694128,0.006424114591767752,0.9960429487058626,,0.23691847277465147,0.27083333333333337,0.23691847277465147,0.04266460522694128,0.294979879990953
CHINA,1960,0.23615937878414658,0.5036953621172038,0.04070224566499717,0.007039183371073686,0.9960375020576844,,0.2446025855337645,0.26666666666666666,0.2446025855337645,0.04070224566499717,0.29877426250225825
CHINA,1961,0.24358395920061401,0.5142159776163264,0.037352720424570066,0.007420024723899752,0.9960354482530492,,0.2522971218255498,0.2625,0.2522971218255498,0.037352720424570066,0.3012524614188196
CHINA,1962,0.2514013080750086,0.5204584898752243,0.034621637919088,0.008025195051545189,0.9960407813795644,,0.2549230393164626,0.25833333333333336,0.2549230393164626,0.034621637919088,0.30260482714135256
CHINA,1963,0.25937414916062507,0.5177964091257544,0.03294404208341238,0.009615385731514456,0.9960459883857959,,0.2522218145152153,0.25416666666666665,0.2522218145152153,0.03294404208341238,0.30239086576466045
CHINA,1964,0.26723873147316024,0.5232625488642343,0.03423794561845682,0.012096159962875839,0.9960508798514965,,0.25891383482220476,0.25,0.25891383482220476,0.03423794561845682,0.30522170628325995
CHINA,1965,0.2749432644880757,0.5258049603016911,0.03560445424973623,0.014233892561884209,0.9960550256135703,,0.26597315995043697,0.25,0.26597315995043697,0.03560445424973623,0.3084305773899466
CHINA,1966,0.28232384981787484,0.5269595795835839,0.03602183005098951,0.016228561517225258,0.9960564466665505,,0.2688274995022108,0.25,0.2688274995022108,0.03602183005098951,0.3105560396471081
CHINA,1967,0.28937633213308045,0.5278519636594134,0.0365971780530837,0.018388735241547896,0.9960573285683921,,0.27836597605314084,0.1875,0.27836597605314084,0.0365971780530837,0.3033396952031457
CHINA,1968,0.2960968963258826,0.5443009420659383,0.037919414319406396,0.016064474977853658,0.9960551778861484,,0.2899305638562535,0.1875,0.2899305638562535,0.037919414319406396,0.30817676740913935
CHINA,1969,0.3025998583086979,0.5705908137887562,0.039278050170184785,0.013015295170109086,0.9963174081861901,,0.3032135363819703,0.125,0.3032135363819703,0.039278050170184785,0.3038956316040372
CHINA,1970,0.3089403859575076,0.6015751783297609,0.041159759513263686,0.010209962938401478,0.9968972541721648,,0.31598093742053607,0.125,0.31598093742053607,0.041159759513263686,0.31058933553080986
CHINA,1971,0.31528570968180103,0.6329261935412029,0.04384060787965536,0.007388127504937536,0.9974829738991733,,0.3277854561886208,0.125,0.3277854561886208,0.04384060787965536,0.3172961061744922
CHINA,1972,0.3215847551751437,0.6629224264908119,0.04590621445542372,0.003928857967410567,0.9980639365514719,,0.3354663455153305,0.125,0.3354663455153305,0.04590621445542372,0.32298346596983796
CHINA,1973,0.32769613339972475,0.6743684165615789,0.04740133673288758,0.004001050515906433,0.9986587066851186,,0.3412001938889338,0.125,0.3412001938889338,0.04740133673288758,0.3265527410883248
CHINA,1974,0.3335055731530067,0.6766605529275657,0.047888362595913045,0.00419724255692367,0.9989808329735979,,0.34347344763136933,0.125,0.34347344763136933,0.047888362595913045,0.32829330039205795
CHINA,1975,0.33901213616493975,0.6807468763889225,0.048774319951779645,0.004469874003348959,0.9989948779587852,,0.34792683642030575,0.125,0.34792683642030575,0.048774319951779645,0.3305868407951772
CHINA,1976,0.3442150614473087,0.6868769257888152,0.05002503504766703,0.005068878905783834,0.9990218234532376,,0.35231004598570065,0.125,0.35231004598570065,0.05002503504766703,0.3331436490965391
CHINA,1977,0.34917227098927256,0.6908329860384544,0.051461095010589555,0.00573011172332999,0.9990645270633653,,0.36228535253716665,0.125,0.36228535253716665,0.051461095010589555,0.3363895225145215
CHINA,1978,0.35403177267287667,0.6965577884010392,0.052934441442659165,0.006293856184821237,0.999102527754542,,0.356813386399304,0.125,0.356813386399304,0.052934441442659165,0.33723595256807365
CHINA,1979,0.35884332367663035,0.7043238955962803,0.055389656050254074,0.0069440952817387104,0.9991268607419386,,0.35169261495778853,0.125,0.35169261495778853,0.055389656050254074,0.3385314715163297
CHINA,1980,0.36361929337315785,0.7065976225933905,0.05891494402793729,0.007712983845977203,0.9991247951623687,0.9847129689391373,0.3426467327331924,0.125,0.3426467327331924,0.05891494402793729,0.4033419825742306
CHINA,1981,0.3683715498646043,0.703247808177453,0.06268587270627195,0.00904061634228724,0.9991039387303768,0.9852895388487148,0.3400165292784757,0.125,0.3400165292784757,0.06268587270627195,0.40407928298728607
CHINA,1982,0.3731114816837398,0.6967348772997985,0.06707057685230305,0.011776776337987382,0.9990346679252363,0.9867404693434976,0.33569359330944715,0.125,0.33569359330944715,0.06707057685230305,0.40456002686747555
CHINA,1983,0.3778500184048089,0.6843226501800035,0.07193108969412465,0.018059399150350732,0.9988982126175326,0.9881072479245485,0.34536075836564845,0.125,0.34536075836564845,0.07193108969412465,0.40696003095693095
CHINA,1984,0.3825507541719705,0.6734678999941828,0.07737761999086402,0.023094552035547233,0.9987322466325146,0.9890568492523368,0.35422169255905367,0.125,0.35422169255905367,0.07737761999086402,0.40930766479974146
CHINA,1985,0.38721413952944167,0.6637324040181162,0.08287076051285387,0.028309487365674978,0.9985569441870735,0.990027843485475,0.36799362643199324,0.125,0.36799362643199324,0.08287076051285387,0.41252444687677736
CHINA,1986,0.3918406178895865,0.6577617113916034,0.08885523116867627,0.03481502970120405,0.9983821140145531,0.9905018841044552,0.3781442809131089,0.125,0.3781442809131089,0.08885523116867627,0.4157220934168874
CHINA,1987,0.3964306256734801,0.6754565625350396,0.09387979322898124,0.03979246675639701,0.9984474927211057,0.9916433580534296,0.3833084177049272,0.125,0.3833084177049272,0.09387979322898124,0.4203268134977055
CHINA,1988,0.4009845924481617,0.7045760476422892,0.09795093162094155,0.04227604634361638,0.9985948848871035,0.9921406537402457,0.3887398258787846,0.125,0.3887398258787846,0.09795093162094155,0.42566006575350873
CHINA,1989,0.40632631257655066,0.7468886774169553,0.10310798849729741,0.05211627421139011,0.9988352440516411,0.992400456488079,0.39637630568702004,0.125,0.39637630568702004,0.10310798849729741,0.43364565623093687
CHINA,1990,0.4124800132243247,0.7851023834350495,0.10924325130629389,0.04556995430061235,0.9991093771781531,0.9932722885614466,0.4086967908649276,0.125,0.4086967908649276,0.10924325130629389,0.4406184086568581
CHINA,1991,0.4194700880397348,0.8245077101172551,0.11681557856118627,0.03628708811448438,0.9993734446426578,0.9945090511872806,0.4236163504877547,0.125,0.4236163504877547,0.11681557856118627,0.4482030319694692
CHINA,1992,0.42732110353666963,0.8583150873923522,0.1266933055393818,0.055701561911566874,0.9993832440558986,0.9933197877724925,0.43661935477484953,0.125,0.43661935477484953,0.1266933055393818,0.4580170326908662
CHINA,1993,0.4360578055779893,0.8999329487629171,0.13859549090734377,0.07705852509205506,0.9993781933140873,0.9919829389036549,0.45593198758426057,0.125,0.45593198758426057,0.13859549090734377,0.4701730532177106
CHINA,1994,0.44488175444767714,0.9270314557625248,0.1504647488561433,0.09467023998018007,0.999332439083674,0.9918665533681006,0.47101059903272924,0.125,0.47101059903272924,0.1504647488561433,0.47999363416993046
CHINA,1995,0.45379426367215336,0.9599556734672999,0.16155365545548678,0.13143618655699046,0.9992886322541024,0.9911645665320441,0.4800841533380405,0.125,0.4800841533380405,0.16155365545548678,0.4912493167508959
CHINA,1996,0.4625435560796401,0.9882411081422184,0.17108730345381531,0.16776907931256324,0.999272205345666,0.9897541753659038,0.49242664278528103,0.125,0.49242664278528103,0.17108730345381531,0.5021622821644457
CHINA,1997,0.4709834826261897,1.0,0.17923567228880335,0.17649103113425074,0.9993113950276055,0.9889320613613165,0.50728688639164,0.125,0.50728688639164,0.17923567228880335,0.5088493549483123
CHINA,1998,0.4786937851330129,1.0,0.18657626243300848,0.18746720559685326,0.9993468292831504,0.9874898021827789,0.5169395180388126,0.125,0.5169395180388126,0.18657626243300848,0.5135118185470035
CHINA,1999,0.48528810929547506,1.0,0.19490574009706435,0.20191727017360495,0.9994001571085164,0.9840353445587855,0.5485301592984432,0.125,0.5485301592984432,0.19490574009706435,0.5215938784877382
CHINA,2000,0.49063660903758183,1.0,0.20478653251004575,0.22417710525066514,0.9994604110345527,0.9805030641460263,0.6007083036075853,0.125,0.6007083036075853,0.20478653251004575,0.5335837748164065
CHINA,2001,0.4947855715693169,1.0,0.21674876344475366,0.2635474720406406,0.9994942999015587,0.9783241426844462,0.6460488295573206,0.125,0.6460488295573206,0.21674876344475366,0.5465240661483733
CHINA,2002,0.49786334870164034,1.0,0.23066267040483393,0.3084376916435728,0.9995102869399568,0.97555635475586,0.6743990291852059,0.125,0.6743990291852059,0.23066267040483393,0.5575391905776911
CHINA,2003,0.5002721392915624,1.0,0.24694740257115605,0.35714779746950903,0.9995259010935605,0.9740018869230734,0.7211999266824473,0.125,0.7211999266824473,0.24694740257115605,0.5720804788303893
CHINA,2004,0.5024820795176843,1.0,0.2657495281814576,0.41077996251721044,0.9995266905915431,0.9729559648497951,0.760163082381478,0.125,0.760163082381478,0.2657495281814576,0.5863354653079479
CHINA,2005,0.5047146145016596,1.0,0.28881414833110663,0.4666959468749562,0.9995170118896075,0.9680603179803787,0.765411318085021,0.125,0.765411318085021,0.28881414833110663,0.5960183398121625
CHINA,2006,0.5071549341005579,1.0,0.3152191016282187,0.5249768388152564,0.9995255539781385,0.9599916910148861,0.765411318085021,0.125,0.765411318085021,0.3152191016282187,0.6053672114528978
CHINA,2007,0.5098003023961872,1.0,0.3479566544910221,0.5824740717859693,0.999586691372766,0.9445851195775017,0.765411318085021,0.125,0.765411318085021,0.3479566544910221,0.6148898295194584
CHINA,2008,0.512648007093044,1.0,0.38327134549569697,0.6403899162973394,0.9996453454983953,0.9374748537966339,0.765411318085021,0.125,0.765411318085021,0.38327134549569697,0.6257006121603013
CHINA,2009,0.514128321386844,1.0,0.4203474385403707,0.7007869246856104,0.9996925817104048,0.9262763243493367,0.765411318085021,0.125,0.765411318085021,0.4203474385403707,0.6364086447763707
CHINA,2010,0.5156034670823821,1.0,0.4554080442735852,0.7537693894285307,0.999730055829013,0.9152757215837517,0.765411318085021,0.125,0.765411318085021,0.4554080442735852,0.646090941100278
CHINA,2011,0.5170734745693072,1.0,0.4896455570445493,0.7969917862564755,0.9997566502623496,0.8944210161512065,0.765411318085021,0.125,0.765411318085021,0.4896455570445493,0.6536864977218348
CHINA,2012,0.5185383739837398,1.0,0.5198322124194372,0.8345515042293463,0.9997525930953637,0.8944210161512065,0.765411318085021,0.125,0.765411318085021,0.5198322124194372,0.6621897970208215
CHINA,2013,0.5185383739837398,1.0,0.5480277633127931,0.8564654314311622,0.9997533114937746,0.8944210161512065,0.765411318085021,0.125,0.765411318085021,0.5480277633127931,0.6686105942148475
CHINA,2014,0.5185383739837398,1.0,0.574937219023919,0.8633528660565764,0.9997620635180023,0.8944210161512065,0.765411318085021,0.125,0.765411318085021,0.574937219023919,0.6733366312364807
CHINA,2015,0.5185383739837398,1.0,0.6019704579323122,0.8703617052232122,0.9997775527970723,0.8944210161512065,0.765411318085021,0.125,0.765411318085021,0.6019704579323122,0.6780940499173103
CHINA,2016,0.5185383739837398,1.0,0.6280619750998356,0.8745276962345656,0.999801177476116,0.8944210161512065,0.765411318085021,0.125,0.765411318085021,0.6280619750998356,0.6824267390614784
CHINA,2017,0.5185383739837398,1.0,0.653360914838513,0.8765487273546734,0.9998136432634281,0.8944210161512065,0.765411318085021,0.125,0.765411318085021,0.653360914838513,0.6864249297130219
CHINA,2018,0.5185383739837398,1.0,0.6803976798441634,0.890409468547316,0.9998233737739847,0.8944210161512065,0.765411318085021,0.125,0.765411318085021,0.6803976798441634,0.6918674916341895
CHINA,2019,0.5185383739837398,1.0,0.7048304768347582,0.9115087337551605,0.9998351384990565,0.8944210161512065,0.765411318085021,0.125,0.765411318085021,0.7048304768347582,0.6976435141760703
CHINA,2020,0.5185383739837398,1.0,0.7243960037160341,0.9151085692721077,0.9998433571639709,0.8944210161512065,0.765411318085021,0.125,0.765411318085021,0.7243960037160341,0.7009391486264479
CHINA,2021,0.5185383739837398,1.0,0.7426015392689866,0.9149325560968162,0.9998434881669886,0.8944210161512065,0.765411318085021,0.125,0.765411318085021,0.7426015392689866,0.7036523907421635
CHINA,2022,0.5185383739837398,1.0,0.7594741928740334,0.914514008061477,0.9998735871581861,0.8944210161512065,0.765411318085021,0.125,0.765411318085021,0.7594741928740334,0.7061444438785063
CHINA,2023,0.5185383739837398,1.0,0.7657838165523767,0.9120487289209807,0.9998813582577499,0.8944210161512065,0.765411318085021,0.125,0.765411318085021,0.7657838165523767,0.7068451366261644
CHINA,2024,0.5185383739837398,1.0,0.77077653030172,0.8985544508561966,0.9998906008131178,0.8944210161512065,0.765411318085021,0.125,0.765411318085021,0.77077653030172,0.7062455401376243
FRANCE,1800,,,,0.17352503266034094,0.9984964859725434,,1.0,,1.0,,0.7634347196093956
FRANCE,1801,,,,0.16457594117248714,0.9984960997772285,,1.0,,1.0,,0.7608777259856331
FRANCE,1802,,,,0.16307560878037236,0.9984958680720016,,1.0,,1.0,,0.7604489933863926
FRANCE,1803,,,,0.15753244393657104,0.9984955126803529,,1.0,,1.0,,0.7588651304619783
FRANCE,1804,,,,0.15731631527791615,0.9984955126965385,,1.0,,1.0,,0.7588033794212727
FRANCE,1805,,,,0.17983719930069275,0.9984949412683861,,1.0,,1.0,,0.7652377544483083
FRANCE,1806,,,,0.19749984345430804,0.9984949412883408,,1.0,,1.0,,0.7702842242121855
FRANCE,1807,,,,0.1993680762997902,0.9984949412999663,,1.0,,1.0,,0.7708180050285018
FRANCE,1808,,,,0.20798796992372584,0.998494941269277,,1.0,,1.0,,0.7732808317694294
FRANCE,1809,,,,0.2037242924219711,0.9984949412488471,,1.0,,1.0,,0.7720626381916624
FRANCE,1810,,,,0.1945001188684178,0.9984949412706052,,1.0,,1.0,,0.7694271600397209
FRANCE,1811,,,,0.18126473583445998,0.9986822746585678,,1.0,,1.0,,0.765699145855151
FRANCE,1812,,,,0.17984087689593325,0.9988222504907588,,1.0,,1.0,,0.7653323221104835
FRANCE,1813,,,0.9123825266923824,0.17034235901385217,0.9989848325523507,,0.95,,0.95,0.9123825266923824,0.7925801963209553
FRANCE,1814,,0.3451420791459864,0.9561912633461912,0.16951211314057643,0.9991600579774087,,0.9,,0.9,0.9561912633461912,0.7163501908805431
FRANCE,1815,,0.3453040434725397,0.9707941755641274,0.15271188649782386,0.9992889359492219,,0.85,,0.85,0.9707941755641274,0.7047493548776295
FRANCE,1816,,0.34563915838123105,0.9780956316730955,0.14765883411266004,0.9991039973495441,,0.8,,0.8,0.9780956316730955,0.6932575728921798
FRANCE,1817,,0.3564736241737267,0.9824765053384764,0.13990935855648,0.9989655453121546,,0.75,,0.75,0.9824765053384764,0.682343881008346
FRANCE,1818,,0.36246596359888705,1.0,0.13787029469688802,0.9988138955284699,,0.651573329009837,,0.651573329009837,1.0,0.6627516912231668
FRANCE,1819,,0.3687172544926249,1.0,0.1263053343476107,0.9986956360740382,,0.651573329009837,,0.651573329009837,1.0,0.6618463697381716
FRANCE,1820,,0.3838514500736478,1.0,0.12772597279803993,0.9986537113714193,,0.651573329009837,,0.651573329009837,1.0,0.6645985212929771
FRANCE,1821,,0.4061177515791396,1.0,0.1251351184410976,0.9986978151823742,,0.651573329009837,,0.651573329009837,1.0,0.6678851131195612
FRANCE,1822,,0.4106337752765373,1.0,0.12924824116402084,0.9987000113214879,,0.651573329009837,,0.651573329009837,1.0,0.6693236702128003
FRANCE,1823,,0.4146185327283646,0.9976817897354078,0.14012727669810657,0.9986890790423107,,0.7,,0.7,0.9976817897354078,0.6833262621786489
FRANCE,1824,,0.42265218282191225,0.9976817897354078,0.16675852869895752,0.9986321130686809,,0.65,,0.65,0.9976817897354078,0.6765942515321104
FRANCE,1825,,0.41880550531985444,0.9974420527093389,0.17492141687061322,0.9985455638520284,,0.6,,0.6,0.9974420527093389,0.664739260851084
FRANCE,1826,,0.414818480313054,0.9974420527093389,0.19890302273071844,0.9985000054061131,,0.5657407407407408,,0.5657407407407408,0.9974420527093389,0.6594992831041675
FRANCE,1827,,0.4163888517079418,0.9974420527093389,0.20886418714186378,0.9984962854544234,,0.5295618789521228,,0.5295618789521228,0.9974420527093389,0.6523758702994037
FRANCE,1828,,0.4264556292214888,0.9977639728200728,0.2037117950553157,0.9984962854702207,,0.564434490417091,,0.564434490417091,0.9977639728200728,0.6619935674337951
FRANCE,1829,,0.443149266876802,0.9972799206574088,0.18661562412174332,0.9984962854762778,,0.5963233793059799,,0.5963233793059799,0.9972799206574088,0.669777687736651
FRANCE,1830,,0.456430914599279,0.9975196576834774,0.1864295844382579,0.9984958814016315,,0.6285056997479688,,0.6285056997479688,0.9975196576834774,0.6800657360977229
FRANCE,1831,,0.45973420128274,0.9975196576834776,0.17800696097919594,0.9984949412465578,,0.643838170321704,,0.643838170321704,0.9975196576834776,0.683045474252711
FRANCE,1832,,0.46537424775303454,0.9975196576834776,0.1762887343823616,0.9984949412478497,,0.6620670321103219,,0.6620670321103219,0.9975196576834776,0.6882563263456575
FRANCE,1833,,0.4629376143868086,0.9988734884426881,0.18824021043825206,0.9984949412394268,,0.6562601645899904,,0.6562601645899904,0.9988734884426881,0.6887288742689175
FRANCE,1834,,0.45069837969440013,0.994156292612448,0.20089256451213192,0.9984949412345674,,0.6528769942490876,,0.6528769942490876,0.994156292612448,0.6867726359555673
FRANCE,1835,,0.44781211069680227,0.994156292612448,0.20229621794639252,0.9985036500749176,,0.6574745210204489,,0.6574745210204489,0.994156292612448,0.6876763665279096
FRANCE,1836,,0.4462668593945593,0.994156292612448,0.20659220948062235,0.9985036500918039,,0.6226903795972925,,0.6226903795972925,0.994156292612448,0.6794387878802661
FRANCE,1837,,0.4423022346715461,0.9936350313346519,0.21162659829769695,0.998508861554296,,0.585732215937292,,0.585732215937292,0.9936350313346519,0.6702480942385758
FRANCE,1838,,0.44966145198383795,0.9942774907292998,0.21401604151015508,0.9985149490476732,,0.5569984588053091,,0.5569984588053091,0.9942774907292998,0.6648510611405967
FRANCE,1839,,0.46420567145908587,0.9994787387222039,0.21250548218306023,0.9985190936010447,,0.5379988899924669,,0.5379988899924669,0.9994787387222039,0.6635744483858663
FRANCE,1840,,0.4794068710188165,0.9994787387222039,0.21541888023325959,0.9985103847904802,,0.501994783430457,,0.501994783430457,0.9994787387222039,0.6575910698785913
FRANCE,1841,,0.4902081126759829,0.9994787387222039,0.21269385971495786,0.9985103847867993,,0.4990106041529021,,0.4990106041529021,0.9994787387222039,0.6581910619150666
FRANCE,1842,,0.49839832881169616,1.0,0.2136131690881844,0.9985051733445394,,0.5041281516154065,,0.5041281516154065,1.0,0.6611181497779217
FRANCE,1843,,0.49082076406206,0.9918033507201022,0.20855903151270705,0.9984990858729506,,0.4990442016716831,,0.4990442016716831,0.9918033507201022,0.655691701672566
FRANCE,1844,,0.47897800076253205,0.9735756277887884,0.20075884925065646,0.9984949413170312,,0.48339048404327434,,0.48339048404327434,0.9735756277887884,0.6439468265130524
FRANCE,1845,,0.47122746626861234,0.9735756277887884,0.1889057586679239,0.9984949412975673,,0.4736982744568037,,0.4736982744568037,0.9735756277887884,0.6382565032670819
FRANCE,1846,,0.46008043433199114,0.9673275838253689,0.1755625955304315,0.998494941260103,,0.47207052870343025,1.0,0.47207052870343025,0.9673275838253689,0.7057646853220967
FRANCE,1847,,0.4528066785685222,0.9582673924985408,0.16943711077799556,0.9984949412457291,,0.4656848629215462,1.0,0.4656848629215462,0.9582673924985408,0.700888948496317
FRANCE,1848,,0.44735975590514093,0.9590637350095456,0.1676770326431029,0.9986489108652199,,0.45557737416711913,1.0,0.45557737416711913,0.9590637350095456,0.6980863150904615
FRANCE,1849,,0.4402195852107097,0.957911234666641,0.1726389828355522,0.9988056905834674,,0.4611295516484969,0.875,0.4611295516484969,0.957911234666641,0.6736967250803249
FRANCE,1850,,0.4272019373662924,0.9427234673128098,0.18760573945214096,0.9989608564106278,,0.4605625773658518,0.6666666666666666,0.4605625773658518,0.9427234673128098,0.6291596800329404
FRANCE,1851,,0.42911279661150203,0.9130854258320328,0.20282764602356185,0.99911645838621,,0.47141724163630033,0.5,0.47141724163630033,0.9130854258320328,0.5943747869631698
FRANCE,1852,,0.41702396668600705,0.891482147815181,0.24512024115880884,0.9992725112262368,,0.4807755114048513,0.5,0.4807755114048513,0.891482147815181,0.5959737610534802
FRANCE,1853,,0.4320128939842972,0.864277126538135,0.29386421692054665,0.9992736355929482,,0.5009068142959435,0.5,0.5009068142959435,0.864277126538135,0.6030568876998548
FRANCE,1854,,0.44348049991651894,0.8466449650315988,0.30609151763019493,0.9992720193452689,,0.49915232489499406,0.25,0.49915232489499406,0.8466449650315988,0.5523386629042497
FRANCE,1855,,0.4542094422192549,0.8373979036392303,0.3122983066029218,0.9992718339320721,,0.5015395896366054,0.25,0.5015395896366054,0.8373979036392303,0.5532247763557336
FRANCE,1856,,0.4538815369355825,0.857085295762408,0.31919159537862424,0.9992708891164673,,0.4982011032125338,0.25,0.4982011032125338,0.857085295762408,0.557369815985745
FRANCE,1857,,0.474787778783999,0.8466400045122485,0.3013469830372474,0.9992704597044415,,0.510085232578419,0.25,0.510085232578419,0.8466400045122485,0.5580657436215586
FRANCE,1858,,0.4647864807558846,0.8509539554615797,0.26649919965901275,0.9992697111741873,,0.5105838351256161,0.25,0.5105838351256161,0.8509539554615797,0.5530482769959838
FRANCE,1859,,0.4539239330260593,0.8484734685638496,0.2690154706484031,0.9992677727417263,,0.5196164004899934,0.25,0.5196164004899934,0.8484734685638496,0.5532455973329271
FRANCE,1860,,0.442564964923716,0.8552323266872618,0.28184400579721675,0.9992666067649413,,0.5340058245755483,0.25,0.5340058245755483,0.8552323266872618,0.557671040584012
FRANCE,1861,,0.4334848661844489,0.8522878606275477,0.29450971303712953,0.9992656356738816,,0.5408593463532719,0.375,0.5408593463532719,0.8522878606275477,0.5839308033822254
FRANCE,1862,,0.41805126044151963,0.8763269695083435,0.2859949311007758,0.9992636924522527,,0.5324020286416188,0.375,0.5324020286416188,0.8763269695083435,0.5838537841625989
FRANCE,1863,,0.4160397953922496,0.8773286268358846,0.300955511577898,0.9992633423046703,,0.5291461820737828,0.5,0.5291461820737828,0.8773286268358846,0.6101294483519093
FRANCE,1864,,0.4200482721023543,0.8911634570941926,0.30746628051298774,0.9992641417801635,,0.5238669479941521,0.5,0.5238669479941521,0.8911634570941926,0.6132432402704031
FRANCE,1865,,0.4275307766039389,0.8737615404135048,0.3000217211207625,0.9992645911247807,,0.5149542781800536,0.5,0.5149542781800536,0.8737615404135048,0.6079854422319761
FRANCE,1866,,0.43608092139524623,0.871311957275859,0.29514099883694644,0.9992650229573782,,0.5115973958358255,0.5,0.5115973958358255,0.871311957275859,0.6073134630476131
FRANCE,1867,,0.44808680345285323,0.8685224169095408,0.2960702529565548,0.9992654723019954,,0.50073115458191,0.75,0.50073115458191,0.8685224169095408,0.6563070514598106
FRANCE,1868,0.678052805280528,0.4672398586077948,0.8227129150244028,0.27252948439929364,0.9992848545791407,,0.48853321674871364,0.6416666666666666,0.48853321674871364,0.8227129150244028,0.6317225114629663
FRANCE,1869,0.6818847141585886,0.49290635708235275,0.7753251192973517,0.25277867554107003,0.9992994709825611,,0.4823893138195331,0.6416666666666666,0.4823893138195331,0.7753251192973517,0.6240981360576883
FRANCE,1870,0.6856735213144646,0.4875085402712971,0.740900108277296,0.2514763592669131,0.9993136895843208,,0.47428098756180564,0.6416666666666666,0.47428098756180564,0.740900108277296,0.6168978349836534
FRANCE,1871,0.6894200380257455,0.4884890175016844,0.6887636497774695,0.24097470132101373,0.9993308998605388,,0.45904603556026735,0.6416666666666666,0.45904603556026735,0.6887636497774695,0.6052376893031624
FRANCE,1872,0.6931250540325938,0.48676579584812085,0.6379970714799713,0.22956037780993924,0.9993462784062169,,0.45006606796488774,0.5333333333333333,0.45006606796488774,0.6379970714799713,0.5763838602533842
FRANCE,1873,0.7005366448752224,0.47086220993565703,0.6352868239771763,0.23291459640213735,0.9993464307128974,,0.44815142755576665,0.5333333333333333,0.44815142755576665,0.6352868239771763,0.5754539535181045
FRANCE,1874,0.7078252097845279,0.4439956267484784,0.6280146793561062,0.2371349440401802,0.9993473117694547,,0.4410295888877503,0.5333333333333333,0.4410295888877503,0.6280146793561062,0.571753566622299
FRANCE,1875,0.7149937871424725,0.4432912174259247,0.6161673626189039,0.22830880572913154,0.9993396510218655,,0.43817672636432514,0.375,0.43817672636432514,0.6161673626189039,0.543049609818386
FRANCE,1876,0.722045316082513,0.44056586667571673,0.5976766145571026,0.21762220031519117,0.9993236973453717,,0.43974674362793265,0.375,0.43974674362793265,0.5976766145571026,0.5399127528597336
FRANCE,1877,0.7289826405097313,0.44373044131683115,0.5729449652584085,0.21436806597449634,0.9993080116469597,,0.4414245195709525,0.375,0.4414245195709525,0.5729449652584085,0.5372149674385474
FRANCE,1878,0.7358085129271065,0.45337363656205054,0.5649086903964455,0.21197928416168157,0.9992886237341885,0.6133726230654939,0.44668321134157163,0.375,0.44668321134157163,0.5649086903964455,0.5461614789521101
FRANCE,1879,0.7430826125211791,0.46870723122599395,0.5590650864130525,0.21047512521689815,0.9992729607787559,0.5649372967502466,0.46801440964466823,0.375,0.46801440964466823,0.5590650864130525,0.5461135776840245
FRANCE,1880,0.7508098646304052,0.48818638569191225,0.5524242632404455,0.21058079112692502,0.9992671301022042,0.5812270114483431,0.48491502224789657,0.375,0.48491502224789657,0.5524242632404455,0.5523985043547506
FRANCE,1881,0.7589949021806761,0.5047858200916839,0.5490878870462967,0.21679180051743652,0.9992664635873802,0.5874323437155586,0.4997721472306715,0.375,0.4997721472306715,0.5490878870462967,0.5582558832598528
FRANCE,1882,0.7676420782917287,0.5119065508269567,0.5449823331819345,0.21946149597479558,0.9992670661723801,0.589300937189116,0.5146025408151252,0.375,0.5146025408151252,0.5449823331819345,0.5623276478596432
FRANCE,1883,0.7767554783079634,0.5064090943112418,0.5255227049026014,0.21906327684099355,0.9992676321406634,0.5683129647778928,0.5245834757736871,0.38392857142857145,0.5245834757736871,0.5255227049026014,0.5609238313690028
FRANCE,1884,0.7857819168404925,0.5030205077268732,0.5010015541272705,0.22353076483933815,0.9992681981089468,0.5980559370796592,0.5143972628464701,0.39285714285714285,0.5143972628464701,0.5010015541272705,0.5614932222761883
FRANCE,1885,0.7947226327348508,0.49652773650943594,0.47286101018558757,0.22687502283691563,0.9992673491565217,0.5963068450333315,0.5089506676056678,0.4017857142857143,0.5089506676056678,0.47286101018558757,0.5586456990753936
FRANCE,1886,0.8035788414154306,0.49073331357737604,0.44948746430861686,0.22481883746961176,0.9992667831882383,0.5968986314659865,0.5045683225712282,0.4107142857142857,0.5045683225712282,0.44948746430861686,0.5564240936715555
FRANCE,1887,0.8123517354363912,0.49118246310069524,0.4280396963312846,0.22493176876044738,0.9992670661723799,0.6015346946705,0.49549744117566663,0.41964285714285715,0.49549744117566663,0.4280396963312846,0.5550213587833323
FRANCE,1888,0.8210424850170904,0.5036819735114937,0.40806636874645585,0.22101047145447686,0.9992667831882383,0.6266660774212657,0.47797361188348686,0.42857142857142855,0.47797361188348686,0.40806636874645585,0.5554106146903168
FRANCE,1889,0.8285314468232625,0.5130178680466729,0.39335900858508743,0.21847821141348756,0.9992670661723799,0.6170834985080759,0.4693288247355179,0.4375,0.4693288247355179,0.39335900858508743,0.5540925564356419
FRANCE,1890,0.8348290780062146,0.5222124014660565,0.3820014407031901,0.22027084448992024,0.9992679151248052,0.6153177048796217,0.4603236032212849,0.4464285714285714,0.4603236032212849,0.3820014407031901,0.5542442905999296
FRANCE,1891,0.8399457025686756,0.5341209292980806,0.3750870677752518,0.21647761831933546,0.9992687640772304,0.6069395403312554,0.4507532728924275,0.45535714285714285,0.4507532728924275,0.3750870677752518,0.553852163116615
FRANCE,1892,0.8438915135522963,0.5378596536809185,0.3815575903233758,0.20813880488985234,0.9992693300473702,0.6032298086054559,0.44729276375012017,0.4642857142857143,0.44729276375012017,0.3815575903233758,0.5554038970090858
FRANCE,1893,0.8466765751822714,0.5347158742685643,0.38210377910764953,0.20036199663864288,0.9992704619857934,0.5832905774649129,0.45417943295726193,0.4732142857142857,0.45417943295726193,0.38210377910764953,0.5551900019800118
FRANCE,1894,0.8494316167092932,0.5307542234685989,0.38665744079878184,0.1858175848516715,0.999271593940923,0.567034973734494,0.45374774038405724,0.48214285714285715,0.45374774038405724,0.38665744079878184,0.5540847858548172
FRANCE,1895,0.8521571209379776,0.5253463481019016,0.38812072470514025,0.1712183044384382,0.999271876926921,0.5608251064118601,0.4535374720781782,0.49107142857142855,0.4535374720781782,0.38812072470514025,0.5533991755318208
FRANCE,1896,0.8548535603744849,0.497656360822298,0.3847779253371745,0.16806956192233155,0.9992707449903542,0.5540821599563326,0.4521363743751726,0.5,0.4521363743751726,0.3847779253371745,0.5506730617821565
FRANCE,1897,0.8575213974996684,0.4810752735405682,0.36795634005283234,0.1745139856205317,0.9992701790202144,0.5388770868980739,0.44856395037586794,0.5,0.44856395037586794,0.36795634005283234,0.5454799056971942
FRANCE,1898,0.8601610850335731,0.4575160454902492,0.3607118477599655,0.1790654916658217,0.9992696130500747,0.5498860006260369,0.43348688502847,0.5,0.43348688502847,0.3607118477599655,0.5417276877565196
FRANCE,1899,0.8635071287354886,0.42545482246368815,0.3430318448995968,0.18133411582842585,0.9992687640790867,0.5488382019274586,0.4187171835492525,0.5,0.4187171835492525,0.3430318448995968,0.5342780140075167
FRANCE,1900,0.8675564134175489,0.3917221337486408,0.3269428750869008,0.18035228136975767,0.999270442939606,0.5464595385653054,0.4013880949336187,0.5,0.4013880949336187,0.3269428750869008,0.5261635471780413
FRANCE,1901,0.8723058270425182,0.3775974752483497,0.3143696330014247,0.17850325455648935,0.9992774826246272,0.5499548265006673,0.3875317611665376,0.5,0.3875317611665376,0.3143696330014247,0.5216643870745855
FRANCE,1902,0.877752261304197,0.35803217537986837,0.30733999278329677,0.17110040519529796,0.9992888424743285,0.549802326416782,0.3769340339412386,0.5,0.3769340339412386,0.30733999278329677,0.5171263181509376
FRANCE,1903,0.88389261218139,0.33688513468360987,0.2962289143856446,0.16510098819149524,0.9993064690124396,0.5212087645515792,0.37527648644232525,0.5,0.37527648644232525,0.2962289143856446,0.5105598375953164
FRANCE,1904,0.8899897179226238,0.3283968600119992,0.28874438296387134,0.16344712394280037,0.9993231400257215,0.5025665716804238,0.3753722295121217,0.5119047619047619,0.3753722295121217,0.28874438296387134,0.5092750334116014
FRANCE,1905,0.8960440337849314,0.3210941496927511,0.2877721676767704,0.16674912661834954,0.999324619614929,0.4614714139227017,0.37520268078308394,0.5238095238095238,0.37520268078308394,0.2877721676767704,0.5072881918930197
FRANCE,1906,0.9014234856632157,0.3229474650914364,0.2933120030810055,0.1644791039043867,0.9993146361702865,0.4185120618918969,0.3753051647166043,0.5357142857142857,0.3753051647166043,0.2933120030810055,0.5063885675820674
FRANCE,1907,0.9061049724348381,0.31661112876390396,0.2930780127875269,0.16196637765244992,0.9993052112491767,0.36781059310446446,0.37317098073344496,0.5476190476190476,0.37317098073344496,0.2930780127875269,0.5025652831132281
FRANCE,1908,0.9100897982182546,0.3204753197818985,0.29417668380285933,0.15977102293816453,0.9992929512322657,0.33705312028088275,0.37097124128583214,0.5595238095238095,0.37097124128583214,0.29417668380285933,0.5018734713479346
FRANCE,1909,0.9133015975141163,0.3228380633159308,0.3021943875438145,0.15600750038135308,0.9992831818183487,0.3122344488120037,0.368905223495587,0.5714285714285714,0.368905223495587,0.3021943875438145,0.5024107864300771
FRANCE,1910,0.9157441783987869,0.3252694188306728,0.30949539085525163,0.15105352679035328,0.9992874370701985,0.31699164242103195,0.3637527356277536,0.5833333333333333,0.3637527356277536,0.30949539085525163,0.5051090482434946
FRANCE,1911,0.9180538572690115,0.31603741085036435,0.3070936523205378,0.12114431302919437,0.9993006424564903,0.3315518960469677,0.35765782364966403,0.5952380952380952,0.35765782364966403,0.3070936523205378,0.5035099405098981
FRANCE,1912,0.9202579562866123,0.326257046429777,0.30135040101699145,0.091694136954841,0.9993105829665312,0.4053104004554314,0.3626908912556437,0.6071428571428571,0.3626908912556437,0.30135040101699145,0.5109735325359739
FRANCE,1913,0.9223593709260764,0.33535640467387073,0.2899351118725865,0.061626016476002896,0.9993006685754535,0.45867312242300934,0.36151421406291717,0.6190476190476191,0.36151421406291717,0.2899351118725865,0.5144240686012136
FRANCE,1914,0.9244386446558417,0.3430999715388641,0.274111425323151,0.03155368751775806,0.999289793344302,0.4722441657938691,0.36323924217504383,0.6309523809523809,0.36323924217504383,0.274111425323151,0.5135300157854421
FRANCE,1915,0.9264961255825994,0.3477903606980752,0.2560998333354127,0.0001193708757441841,0.9992832334325341,0.41708822458602235,0.36038540056770996,0.6428571428571428,0.36038540056770996,0.2560998333354127,0.5043038943106674
FRANCE,1916,0.9285321545532931,0.3459211873433283,0.23031979152837856,0.00016301325448847887,0.9993285473695058,0.36209228129945503,0.35647815245922077,0.6547619047619048,0.35647815245922077,0.23031979152837856,0.4962643034220974
FRANCE,1917,0.9305470653433993,0.3056654223457941,0.2136695346987874,0.00024704162997846944,0.999415817830581,0.23411142512518487,0.3551692577165898,0.6666666666666666,0.3551692577165898,0.2136695346987874,0.47885184935697045
FRANCE,1918,0.932541184839379,0.27458572039268025,0.20959898558935536,0.0004175109623896506,0.9995028074364771,0.12221212030633022,0.3570051019575636,0.6666666666666666,0.3570051019575636,0.20959898558935536,0.46454360676773243
FRANCE,1919,0.9335731902964142,0.24050605558856822,0.2049969624943851,0.08447532439778865,0.9996015533717347,0.04594455622892561,0.3620497428788774,0.6666666666666666,0.3620497428788774,0.2049969624943851,0.4621457333091533
FRANCE,1920,0.9336529139278108,0.2165079019819455,0.20622363706594643,0.18605452807858186,0.9997414195575545,0.02678058977612794,0.37667533808879095,0.6666666666666666,0.37667533808879095,0.20622363706594643,0.47039122730180327
FRANCE,1921,0.9327900379705042,0.19894522897254058,0.21498877545544065,0.28387507520947663,0.9996837729221149,0.0,0.38034982932363937,0.6666666666666666,0.38034982932363937,0.21498877545544065,0.47746970412285084
FRANCE,1922,0.9309977309421911,0.21490982862281682,0.2241499294843253,0.3839622645523358,0.9995570463568597,0.0,0.37689200061362255,0.6666666666666666,0.37689200061362255,0.2241499294843253,0.4896488631092222
FRANCE,1923,0.9282874757099913,0.2221030218217229,0.22940115084419088,0.47476316644385735,0.9994287636705362,0.0,0.3659788184977087,0.6666666666666666,0.3659788184977087,0.22940115084419088,0.4981796119513954
FRANCE,1924,0.9256104855668023,0.2283471487912745,0.23445498391706648,0.47466442874233666,0.9991958796467904,0.04592910660255223,0.34263941263100123,0.6666666666666666,0.34263941263100123,0.23445498391706648,0.500219388695526
FRANCE,1925,0.9229666633430643,0.23604270832015395,0.2323212505645229,0.4677448950410776,0.9989706272501699,0.0689357759888131,0.3189349051358968,0.71875,0.3189349051358968,0.2323212505645229,0.5061153235165442
FRANCE,1926,0.9203559095844268,0.24262842565336498,0.2354791610797784,0.45946588473730576,0.9988894000705748,0.10778239296570111,0.3066054616039043,0.7708333333333333,0.3066054616039043,0.2354791610797784,0.5158676901829111
FRANCE,1927,0.9177744894536758,0.24083091631239234,0.23620483100268458,0.449417791439169,0.9988327201007607,0.14578686375957545,0.30513711670773114,0.8229166666666666,0.30513711670773114,0.23620483100268458,0.5257917947358035
FRANCE,1928,0.9152202077396131,0.24705398953895527,0.24053887427271073,0.4568357234098811,0.9987946253156108,0.17794575201660584,0.3044165803762353,0.875,0.3044165803762353,0.24053887427271073,0.5383393583863894
FRANCE,1929,0.9130968579917426,0.2611547322884221,0.24739032082915785,0.47750134937038646,0.9988485305492251,0.16025767292101362,0.31037208414814405,0.875,0.31037208414814405,0.24739032082915785,0.5416551179582615
FRANCE,1930,0.9113996723791169,0.2785239128334556,0.2580930039113839,0.4895346175653644,0.9988490247377287,0.2608754395500175,0.3172887574161387,0.875,0.3172887574161387,0.2580930039113839,0.5570455145246527
FRANCE,1931,0.9101239608574601,0.29177783188402373,0.2689562404950073,0.5117695417848089,0.9988938318357421,0.34522124665504694,0.32382496490426865,0.875,0.32382496490426865,0.2689562404950073,0.5714520201544727
FRANCE,1932,0.9092651010501613,0.3037487019749238,0.27088447866166465,0.5243357789627463,0.9989471572549782,0.4258309116668948,0.31177211605533983,0.875,0.31177211605533983,0.27088447866166465,0.5803245093510293
FRANCE,1933,0.9087134751025291,0.30378697376540853,0.2643291931486972,0.5113850319032984,0.9989800193485188,0.47220057608602667,0.3120642591548506,0.875,0.3120642591548506,0.2643291931486972,0.5826512992212369
FRANCE,1934,0.9078528591983656,0.29537698847155347,0.2517107308589751,0.4871268650436301,0.9989972981194575,0.5208353390432092,0.31158234915558386,0.875,0.31158234915558386,0.2517107308589751,0.5821555399497238
FRANCE,1935,0.9065837635436387,0.27276416197452413,0.23550364269631552,0.4505993579758417,0.9989227269754949,0.47712151137855596,0.3145111106278618,0.875,0.3145111106278618,0.23550364269631552,0.5696805533606142
FRANCE,1936,0.9049116837261998,0.26388664603101686,0.21725823538316594,0.4028957343801404,0.9987366853986606,0.424621179978235,0.3086893048092315,0.9166666666666666,0.3086893048092315,0.21725823538316594,0.5611429081665948
FRANCE,1937,0.9028420166545252,0.2491166807851696,0.20498822045224233,0.3447941371456799,0.9988488169993286,0.3802565480147413,0.2994168309782127,0.9583333333333334,0.2994168309782127,0.20498822045224233,0.5521386785072391
FRANCE,1938,0.9004851248000229,0.27059742549985955,0.18683747054421734,0.2784778840384169,0.9990066463915503,0.3827022287933217,0.2748896795682427,1.0,0.2748896795682427,0.18683747054421734,0.5474102597091874
FRANCE,1939,0.8977516359787175,0.2319731049687034,0.16770612761034293,0.2075669268824769,0.9991941486139535,0.38549955912155937,0.2694655180046038,1.0,0.2694655180046038,0.16770612761034293,0.532661866197719
FRANCE,1940,0.8947489117329301,0.19554137753956444,0.14623267363008877,0.14787435705719443,0.9994794093310226,0.4039474464857896,0.2620055503193307,1.0,0.2620055503193307,0.14623267363008877,0.5201323293937097
FRANCE,1941,0.8914791946950011,0.17778672098911547,0.12154382492556884,0.09173597292537176,0.9998358247771224,0.4470130501179548,0.2623630667975077,1.0,0.2623630667975077,0.12154382492556884,0.5129450698436682
FRANCE,1942,0.8875205197911867,0.13644828845243906,0.09384553892981284,0.05201229942021577,0.999888206691528,0.5239076345145056,0.2588231689395355,1.0,0.2588231689395355,0.09384553892981284,0.5072540270569492
FRANCE,1943,0.8828663277133003,0.054281044921883716,0.08029340035269025,0.039714258150136114,0.9999157428760561,0.5975297695244395,0.2664285679510203,1.0,0.2664285679510203,0.08029340035269025,0.5035823259498033
FRANCE,1944,0.8778313200103319,0.059712982194625105,0.07977728606906764,0.03505036248253533,0.9998706276697927,0.6844984023374607,0.26477931128292775,1.0,0.26477931128292775,0.07977728606906764,0.5112714250727907
FRANCE,1945,0.8724249473647386,0.07436695727455188,0.08429788783023845,0.03310583044628431,0.999835173016988,0.7546501824345484,0.2637925230784436,1.0,0.2637925230784436,0.08429788783023845,0.5192731180582504
FRANCE,1946,0.8666563832605568,0.0816054145946052,0.09370148124544611,0.033173426976779254,0.999765357846908,0.8115604205446232,0.2632156887690218,1.0,0.2632156887690218,0.09370148124544611,0.5261464949875454
FRANCE,1947,0.8609587180512692,0.09719165165579327,0.10933865008500901,0.04643389470837494,0.9997288464750522,0.8333622600496906,0.2730065192444268,1.0,0.2730065192444268,0.10933865008500901,0.5341672483959969
FRANCE,1948,0.8553493550380145,0.11119989764860291,0.12238274176031996,0.059647375254277324,0.9997344773172987,0.8551880742200939,0.26787624183388703,1.0,0.26787624183388703,0.12238274176031996,0.5394182332388606
FRANCE,1949,0.8503632551385394,0.11464973019906918,0.12745362742933763,0.08140267292571042,0.9997989407944268,0.8679096541187942,0.25333890833150174,1.0,0.25333890833150174,0.12745362742933763,0.5410494684387069
FRANCE,1950,0.8459896151501484,0.11350807693756249,0.13067640907236652,0.09862233201012667,0.9998473838981609,0.8787394080506731,0.23651015359507857,1.0,0.23651015359507857,0.13067640907236652,0.5410481467622914
FRANCE,1951,0.8422179044822673,0.11180299522953926,0.13155467118764103,0.11327645321910315,0.999926342546533,0.8853393735965532,0.21843267862093038,1.0,0.21843267862093038,0.13155467118764103,0.5398653046027988
FRANCE,1952,0.8390378562001832,0.10928709636368202,0.13234661916556537,0.11750790192011729,0.999969460049949,0.8892579428831736,0.20255806010745547,1.0,0.20255806010745547,0.13234661916556537,0.5376936204426729
FRANCE,1953,0.8364394584293716,0.10892144509153827,0.13235868208309867,0.12001151505562399,0.9999694457934734,0.8896384927320098,0.2009454439080378,1.0,0.2009454439080378,0.13235868208309867,0.5373156275303409
FRANCE,1954,0.8338759479732729,0.1132570477334502,0.13373358320068776,0.11784194368585266,0.9999693972850021,0.8862777124468757,0.20041163747534876,1.0,0.20041163747534876,0.13373358320068776,0.5369377854125146
FRANCE,1955,0.8313466268349291,0.11749197316690899,0.13630124289273984,0.0956259142163203,0.9997901628523509,0.8821066003472208,0.20214827169453323,1.0,0.20214827169453323,0.13630124289273984,0.5349708862716105
FRANCE,1956,0.8288508155155885,0.1258668805189367,0.14021326715264426,0.07774811231998494,0.9995900861868521,0.8792955378144416,0.20916682672960193,1.0,0.20916682672960193,0.14021326715264426,0.5349846980936969
FRANCE,1957,0.8263878524058896,0.13086257837328838,0.14134624041760852,0.06020876540400653,0.9993552738541636,0.8767820946532684,0.20535406999314443,0.85,0.20535406999314443,0.14134624041760852,0.5101840956509691
FRANCE,1958,0.8240117044003513,0.13836163065326074,0.14442242921228948,0.043771424981123006,0.999120471852972,0.8756307682276715,0.2020923089936261,0.85,0.2020923089936261,0.14442242921228948,0.5087673959624428
FRANCE,1959,0.8239356416121133,0.14222145016066973,0.14747777660422193,0.02645930692931691,0.998885636736247,0.8768591058825592,0.19829432363840133,0.85,0.19829432363840133,0.14747777660422193,0.5073987112490899
FRANCE,1960,0.8261283126857712,0.14456626878967738,0.14970052374730142,0.03102712511422453,0.9988302386007515,0.8795249154495568,0.1930525315687182,0.85,0.1930525315687182,0.14970052374730142,0.5082270599956897
FRANCE,1961,0.8305590031390248,0.1438801688602457,0.15152035091295474,0.036317913126959284,0.9987963836452703,0.8831336294572619,0.18422867669909732,0.7,0.18422867669909732,0.15152035091295474,0.4861590141216353
FRANCE,1962,0.83719761822332,0.14382098126860562,0.15473439898700664,0.04452421460259994,0.9987981786476684,0.8883261208209465,0.18266660844623575,0.7,0.18266660844623575,0.15473439898700664,0.4887367433824665
FRANCE,1963,0.8459600551579569,0.14085418124687038,0.155966887017696,0.05504641816263724,0.9987998968287946,0.8932348771673739,0.18306931441222823,0.75,0.18306931441222823,0.155966887017696,0.49904297582874985
FRANCE,1964,0.8546035118368032,0.13720953550765408,0.15605363879164805,0.06875577039460054,0.9988009774414162,0.897874413746486,0.18408987456871265,0.75,0.18408987456871265,0.15605363879164805,0.5019761234885903
FRANCE,1965,0.8629667719603822,0.13420709889549914,0.1566832678451769,0.08375406658203292,0.9988012813303125,0.8997004285972281,0.18598109291715934,0.75,0.18598109291715934,0.1566832678451769,0.5049909574489151
FRANCE,1966,0.8705621648857924,0.13064050795077553,0.15655100527858595,0.10111944185764796,0.9987991954652605,0.9000685667877871,0.18758828715986373,0.75,0.18758828715986373,0.15655100527858595,0.5077679898047835
FRANCE,1967,0.8773934874516929,0.12713619963710704,0.15741321176676953,0.12757130410631806,0.998784853326281,0.8993901522887604,0.1895996011849623,0.7916666666666666,0.1895996011849623,0.15741321176676953,0.5176991959963605
FRANCE,1968,0.8834646581954744,0.12657277564135244,0.16068139951174437,0.1176281887034574,0.9987535348226597,0.8874904181551466,0.20082618745701164,0.8333333333333333,0.20082618745701164,0.16068139951174437,0.5247903285068962
FRANCE,1969,0.8882072025279332,0.1294075402506089,0.16502543390910726,0.10344179548102284,0.9988138779337076,0.8703191563020105,0.21222497063625717,0.8333333333333333,0.21222497063625717,0.16502543390910726,0.5250168780577296
FRANCE,1970,0.8918019599359145,0.13282454133430782,0.16848813721408268,0.0863228013008967,0.9989825879668516,0.8660262896808261,0.21702211440943292,0.8333333333333333,0.21702211440943292,0.16848813721408268,0.5250124537622028
FRANCE,1971,0.8947558283887748,0.1379149723809407,0.17230564051045222,0.06496389267885418,0.9991551287012201,0.8667159508085744,0.2210237053353606,0.8333333333333333,0.2210237053353606,0.17230564051045222,0.5250877705921472
FRANCE,1972,0.8969262686889123,0.14191556014497114,0.17659976032191316,0.03234031989489898,0.9993314241777569,0.8688621955316282,0.22218455509316443,0.8333333333333333,0.22218455509316443,0.17659976032191316,0.5236015375905241
FRANCE,1973,0.8979397657620678,0.1418427748351085,0.178683341255881,0.03178721635559865,0.9995331809706759,0.8810637383542028,0.2147166034667412,0.8333333333333333,0.2147166034667412,0.178683341255881,0.5241236476242621
FRANCE,1974,0.8983918915831774,0.14076097003257243,0.17971136507099922,0.03390922332334184,0.9996360916459354,0.9006331505630243,0.2077412167356134,0.8333333333333333,0.2077412167356134,0.17971136507099922,0.5253706145649559
FRANCE,1975,0.8982919446786042,0.13922981623215241,0.18056657784040053,0.03758147845828449,0.9996290329757616,0.9124131843183454,0.20980845909351512,0.85,0.20980845909351512,0.18056657784040053,0.5296853984403325
FRANCE,1976,0.8976489890846638,0.13735516412742696,0.180693668569211,0.043803201326942987,0.9996263047164724,0.919988773132399,0.21362706227033276,0.8666666666666666,0.21362706227033276,0.180693668569211,0.5338728023189554
FRANCE,1977,0.89662944673578,0.1373960692273078,0.1792307838321172,0.04942210084624814,0.9996352804377369,0.9273384610834962,0.21652828610092062,0.8833333333333333,0.21652828610092062,0.1792307838321172,0.5377374686598017
FRANCE,1978,0.8956299998253829,0.13901281487405623,0.17871017065108658,0.053220613978691364,0.9996363880644651,0.9369423212518126,0.2285372202672394,0.8999999999999999,0.2285372202672394,0.17871017065108658,0.543312822428459
FRANCE,1979,0.8944481771632367,0.13795783300374725,0.1780925979842889,0.05349365942148489,0.9996258599877852,0.9427814917748114,0.23352862081379241,0.9166666666666666,0.23352862081379241,0.1780925979842889,0.5467962938129807
FRANCE,1980,0.8930829804874157,0.1346610453297314,0.17939048967804,0.0538960438797768,0.9996001936225921,0.9445401955559174,0.23532150677109348,0.9333333333333333,0.23532150677109348,0.17939048967804,0.5494389943792842
FRANCE,1981,0.8915334960630755,0.12924715238811793,0.18003327903559146,0.05693126911485422,0.9995563243774926,0.9478395732108359,0.2344920982878353,0.95,0.2344920982878353,0.18003327903559146,0.5517662629171054
FRANCE,1982,0.889798890515442,0.12216209600349708,0.17869105494992218,0.06467456046866506,0.9994914884941389,0.9483076833545331,0.2371082447812614,0.9666666666666667,0.2371082447812614,0.17869105494992218,0.5543033113690774
FRANCE,1983,0.8878784068811502,0.11389780853580085,0.17588118784738666,0.08373494696793327,0.9994224825782239,0.947197166531855,0.2271446064638388,0.9833333333333333,0.2271446064638388,0.17588118784738666,0.5555608706402377
FRANCE,1984,0.8859732436121133,0.1091976517037024,0.17318104492369701,0.10676672287004799,0.9994042168709466,0.9468175023336105,0.22831366743720025,1.0,0.22831366743720025,0.17318104492369701,0.5593388027737825
FRANCE,1985,0.884083218107067,0.10725360763338751,0.16867504383384707,0.13227493703901366,0.999417141536675,0.9450693022999405,0.23112249487750874,1.0,0.23112249487750874,0.16867504383384707,0.5609836123736652
FRANCE,1986,0.8822081506552191,0.10685303895019078,0.16550129436163646,0.15533942899180123,0.9994425500294748,0.9430128816752836,0.2357503233476584,1.0,0.2357503233476584,0.16550129436163646,0.5629837552193523
FRANCE,1987,0.8803478643792797,0.11079319939766767,0.16447925864655816,0.17977768472947733,0.9995323672914646,0.950120620707511,0.2406590269590982,1.0,0.2406590269590982,0.16447925864655816,0.5668453097103526
FRANCE,1988,0.8785021851798346,0.1191134500714045,0.1645683762432621,0.20816202060241523,0.9996436336303821,0.9560350808690219,0.2441839462281689,1.0,0.2441839462281689,0.1645683762432621,0.5713835946650123
FRANCE,1989,0.8777521708789078,0.12936046640820714,0.1654899771454629,0.258232594831936,0.9997320603746352,0.9606461327360035,0.24689194753097565,1.0,0.24689194753097565,0.1654899771454629,0.5783172397683802
FRANCE,1990,0.8781019905401024,0.13692649337592697,0.16600335895718005,0.22431384890067885,0.9998091855824411,0.9667576212883328,0.24440856589756335,1.0,0.24440856589756335,0.16600335895718005,0.5760578022239649
FRANCE,1991,0.8795559542142103,0.1436542881961864,0.16533888557259047,0.18586321890787377,0.9998837294427853,0.9710763551112841,0.2602865376418427,1.0,0.2602865376418427,0.16533888557259047,0.5758249657801096
FRANCE,1992,0.8821185145150819,0.14930698794095104,0.16388462767632186,0.22072090456350651,0.9999115402727357,0.959832535015377,0.26686638291116427,1.0,0.26686638291116427,0.16388462767632186,0.5799076255446423
FRANCE,1993,0.8857942682592927,0.15311503650026947,0.1620665988502749,0.24855221138319963,0.9999231442140608,0.9422594782715216,0.2748098042254726,1.0,0.2748098042254726,0.1620665988502749,0.5827855877371613
FRANCE,1994,0.889506728973082,0.1529260910190593,0.1590448256861708,0.24753762956970832,0.9999260476596195,0.9348103538493527,0.27457994646926426,1.0,0.27457994646926426,0.1590448256861708,0.5819897373790516
FRANCE,1995,0.8932564492905707,0.15316302877776197,0.15614400010572604,0.31819484372531265,0.9999252487161334,0.9232182083934026,0.29636094134136215,1.0,0.29636094134136215,0.15614400010572604,0.59131434157191
FRANCE,1996,0.8965678969268189,0.15314561163095503,0.15397278176639526,0.3935793336735388,0.999928017623987,0.9108429221264807,0.3008678937394777,1.0,0.3008678937394777,0.15397278176639526,0.5984608743704001
FRANCE,1997,0.8991822466801276,0.14820873797522896,0.15186704857351732,0.38351176831269973,0.9999303133696597,0.9084823303326524,0.3150466501933873,1.0,0.3150466501933873,0.15186704857351732,0.598927706816079
FRANCE,1998,0.9003513165150817,0.1390487934273493,0.14991222551737252,0.36110061417623773,0.9999293977229252,0.9118853638509984,0.33160664660614525,1.0,0.33160664660614525,0.14991222551737252,0.5984769452135411
FRANCE,1999,0.9013525436716796,0.12957980340838843,0.14895482760721174,0.34614149760906265,0.9999308691151395,0.9031088834409472,0.3331683641701623,1.0,0.3331683641701623,0.14895482760721174,0.595397465674712
FRANCE,2000,0.9019725311763468,0.12549456481325608,0.14839631337376097,0.34414988682130765,0.9999360141135751,0.8984317482558186,0.3305173903353843,1.0,0.3305173903353843,0.14839631337376097,0.5939341566332197
FRANCE,2001,0.9023375192931307,0.12152461752002557,0.14761217824419942,0.34698405445790625,0.9999418167511875,0.8992110632453981,0.34755598972540047,1.0,0.34755598972540047,0.14761217824419942,0.5963920082868615
FRANCE,2002,0.9026989556345203,0.11851156986241365,0.14689156029167413,0.35701293426023284,0.9999474567790105,0.8943672251851373,0.3453624377700174,1.0,0.3453624377700174,0.14689156029167413,0.5962268616631113
FRANCE,2003,0.9037975342275532,0.11792803007632899,0.14567423884965355,0.37106552362303874,0.99995471991566,0.8899846288564074,0.3426560816235276,1.0,0.3426560816235276,0.14567423884965355,0.5967124684522538
FRANCE,2004,0.9043679106031723,0.11702553022896489,0.14423605990904345,0.380396373650271,0.9999600721468077,0.8868929394404704,0.3838045424797174,1.0,0.3838045424797174,0.14423605990904345,0.6032887684954414
FRANCE,2005,0.9046371228985091,0.1115449204450635,0.14310234285685833,0.3887399815613687,0.9999637083337453,0.8797906108403385,0.4368952899791415,1.0,0.4368952899791415,0.14310234285685833,0.610699135478228
FRANCE,2006,0.9049467998237807,0.10597318430725407,0.1425310316297746,0.39068155378255903,0.9999656223682722,0.8568677054015013,0.4368952899791415,1.0,0.4368952899791415,0.1425310316297746,0.6080047748008633
FRANCE,2007,0.9052965507425774,0.0984061886067266,0.14228659122191203,0.39071853166747933,0.9999703427713309,0.815345833958137,0.4368952899791415,1.0,0.4368952899791415,0.14228659122191203,0.6031158544919121
FRANCE,2008,0.9056859883139816,0.0910302749677758,0.14222129860022684,0.38498070745672974,0.9999747453284146,0.7716914918943335,0.4368952899791415,1.0,0.4368952899791415,0.14222129860022684,0.5974881084987279
FRANCE,2009,0.9058915800359211,0.08384797553414972,0.14237214418075145,0.3824957578109313,0.9999784653507742,0.7207740846212453,0.4368952899791415,1.0,0.4368952899791415,0.14237214418075145,0.5914834804610822
FRANCE,2010,0.9060964539231269,0.07683124299224378,0.1418123849302926,0.37083413095102596,0.9999803801322764,0.6738718362040952,0.4368952899791415,1.0,0.4368952899791415,0.1418123849302926,0.5848723783528484
FRANCE,2011,0.90630061419623,0.07019938890090507,0.14088091560974564,0.3589282408273024,0.9999816564705668,0.6393799248135339,0.4368952899791415,1.0,0.4368952899791415,0.14088091560974564,0.5794604440689985
FRANCE,2012,0.9065040650406505,0.0664544236762507,0.1395898506859469,0.3464951129510063,0.9999807969904602,0.6256816602401492,0.4368952899791415,1.0,0.4368952899791415,0.1395898506859469,0.5763095802416475
FRANCE,2013,0.9065040650406505,0.06282116958492105,0.13801714256542916,0.3362786785864998,0.9999796929383116,0.6138941687598157,0.4368952899791415,1.0,0.4368952899791415,0.13801714256542916,0.5735098456247381
FRANCE,2014,0.9065040650406505,0.06072555230019041,0.13590068221118212,0.3267389021842711,0.99997936642164,0.6117689175199726,0.4368952899791415,1.0,0.4368952899791415,0.13590068221118212,0.5718162794272537
FRANCE,2015,0.9065040650406505,0.0598256638345523,0.13431827790546164,0.32346606628657004,0.9999803501826289,0.6093802194434401,0.4368952899791415,1.0,0.4368952899791415,0.13431827790546164,0.5709228749135072
FRANCE,2016,0.9065040650406505,0.0589889834244298,0.13271119943547563,0.31984231964850907,0.9999806870818023,0.6112843594238848,0.4368952899791415,1.0,0.4368952899791415,0.13271119943547563,0.5704262181261528
FRANCE,2017,0.9065040650406505,0.05802927964871921,0.1313804166210451,0.31613208289574846,0.9999801100111256,0.6073218601270683,0.4368952899791415,1.0,0.4368952899791415,0.1313804166210451,0.5693632990143919
FRANCE,2018,0.9065040650406505,0.05801051610041104,0.12913099858691537,0.31174132352957434,0.9999814338885751,0.5965513847771798,0.4368952899791415,1.0,0.4368952899791415,0.12913099858691537,0.5675080188705801
FRANCE,2019,0.9065040650406505,0.05801051610041104,0.12734751960678342,0.30244943113098705,0.9999827354761596,0.5766737216598256,0.4368952899791415,1.0,0.4368952899791415,0.12734751960678342,0.5643236716307247
FRANCE,2020,0.9065040650406505,0.05801051610041104,0.12563235488243268,0.29360191223772786,0.9999831727826661,0.5748913382045211,0.4368952899791415,1.0,0.4368952899791415,0.12563235488243268,0.5630034504178664
FRANCE,2021,0.9065040650406505,0.05801051610041104,0.1238473033548861,0.28765758926497487,0.999984380124275,0.5568060458671988,0.4368952899791415,1.0,0.4368952899791415,0.1238473033548861,0.5603328518918878
FRANCE,2022,0.9065040650406505,0.05801051610041104,0.12180782458107327,0.2785086959527586,0.9999883290764011,0.5481250231834167,0.4368952899791415,1.0,0.4368952899791415,0.12180782458107327,0.5582443333714286
FRANCE,2023,0.9065040650406505,0.05801051610041104,0.12169792208427538,0.2774913556540431,0.9999889312755581,0.5466586206569014,0.4368952899791415,1.0,0.4368952899791415,0.12169792208427538,0.5579795339343016
FRANCE,2024,0.9065040650406505,0.05801051610041104,0.12121761170035132,0.27972586462628435,0.9999895619065332,0.5647341306804876,0.4368952899791415,1.0,0.4368952899791415,0.12121761170035132,0.5599385523393932
GERMANY,1800,,,,,,,,,,,0.0
GERMANY,1801,,,,,,,,,,,0.0
GERMANY,1802,,,,,,,,,,,0.0
GERMANY,1803,,,,,,,,,,,0.0
GERMANY,1804,,,,,,,,,,,0.0
GERMANY,1805,,,,,,,,,,,0.0
GERMANY,1806,,,,,,,,,,,0.0
GERMANY,1807,,,,,,,,,,,0.0
GERMANY,1808,,,,,,,,,,,0.0
GERMANY,1809,,,,,,,,,,,0.0
GERMANY,1810,,,,,,,,,,,0.0
GERMANY,1811,,,,,,,,,,,0.0
GERMANY,1812,,,,,,,,,,,0.0
GERMANY,1813,,,,,,,,,,,0.0
GERMANY,1814,,0.1508757601902828,,,,,,,,,0.1508757601902828
GERMANY,1815,,0.15292563666475797,,,,,0.8072324198552223,,0.8072324198552223,,0.5455097065790365
GERMANY,1816,,0.1541044401215015,,,,,0.8107356599051219,,0.8107356599051219,,0.5480831719916737
GERMANY,1817,,0.15677674492669408,,,,,0.8140965382897242,,0.8140965382897242,,0.5511686209445121
GERMANY,1818,,0.15759446768003044,,,,,0.629382357522196,,0.629382357522196,,0.44066720158532974
GERMANY,1819,,0.1580612211366093,,,,,0.6702251090248204,,0.6702251090248204,,0.4653595538695359
GERMANY,1820,,0.15878848251038352,,,,,0.6765171299020711,,0.6765171299020711,,0.4694256709453961
GERMANY,1821,,0.15757397833938275,,,,,0.6823991736011588,,0.6823991736011588,,0.47246909549644833
GERMANY,1822,,0.15298097155636797,,,,,0.6877581508690157,,0.6877581508690157,,0.47384727914395663
GERMANY,1823,,0.1492715546350622,,,,,0.7579739896296507,,0.7579739896296507,,0.5144930156318153
GERMANY,1824,,0.14821705922893993,,,,,0.6770081413033606,,0.6770081413033606,,0.46549170847359234
GERMANY,1825,,0.14508031817487038,,,,,0.5953896437062587,,0.5953896437062587,,0.41526591349370334
GERMANY,1826,,0.14411322464385354,,,,,0.5131393275976112,,0.5131393275976112,,0.3655288864161081
GERMANY,1827,,0.14435217972805475,,,,,0.4081394505447884,,0.4081394505447884,,0.3026245422180949
GERMANY,1828,,0.1450417062540354,,,,,0.4099354503911606,,0.4099354503911606,,0.3039779527363105
GERMANY,1829,,0.14646412179324259,,,,,0.4114404210957063,,0.4114404210957063,,0.3054499013747208
GERMANY,1830,,0.14950925842695242,,,,,0.4129408603780029,,0.4129408603780029,,0.30756821959758274
GERMANY,1831,,0.15214059358249626,,,,,0.414438424126948,,0.414438424126948,,0.30951929190916727
GERMANY,1832,,0.15576385552834415,,,,,0.415706204997693,,0.415706204997693,,0.3117292652099535
GERMANY,1833,,0.15820733684703095,,,,,0.4177781197941476,,0.4177781197941476,,0.3139498066153009
GERMANY,1834,,0.1618609172982889,,,,,0.4198030084449515,,0.4198030084449515,,0.31662617198628645
GERMANY,1835,,0.16588130200393078,,,,,0.42256781047703945,,0.42256781047703945,,0.319893207087796
GERMANY,1836,,0.1706511849159214,,,,,0.4295379043573758,,0.4295379043573758,,0.32598321658079404
GERMANY,1837,,0.17204691698307556,,,,,0.4379788041840351,,0.4379788041840351,,0.3316060493036513
GERMANY,1838,,0.17292178925878252,,,,,0.4837728109590877,,0.4837728109590877,,0.3594324022789656
GERMANY,1839,,0.1714794444055756,,,,,0.5225652120996294,,0.5225652120996294,,0.38213090502200786
GERMANY,1840,,0.17204632851952334,,,,,0.5704870176391159,,0.5704870176391159,,0.4111107419912789
GERMANY,1841,,0.1705886038170788,,,,,0.6175041973308267,,0.6175041973308267,,0.43873795992532755
GERMANY,1842,,0.17068517754932003,,,,,0.6549208503404136,,0.6549208503404136,,0.4612265812239762
GERMANY,1843,,0.1703212053757285,,,,,0.6686474565537759,,0.6686474565537759,,0.46931695608255697
GERMANY,1844,,0.17015724317915717,,,,,0.6980025274198682,,0.6980025274198682,,0.4868644137235838
GERMANY,1845,,0.16768247936764286,,,,,0.7217148431741957,,0.7217148431741957,,0.5001018976515745
GERMANY,1846,,0.1641417833917576,,,,,0.7444493102505751,,0.7444493102505751,,0.5123262995070481
GERMANY,1847,,0.1617247467933928,,,,,0.7609259528912563,,0.7609259528912563,,0.5212454704521109
GERMANY,1848,,0.16144043147567838,,,,,0.6755541174206792,,0.6755541174206792,,0.4699086430426789
GERMANY,1849,,0.1634839166068021,,,,,0.5927372830262744,,0.5927372830262744,,0.42103593645848547
GERMANY,1850,,0.16547910543782457,,,,,0.5111170745721167,,0.5111170745721167,,0.3728618869183999
GERMANY,1851,,0.17025872078421997,,,,,0.4200668349332128,,0.4200668349332128,,0.3201435892736157
GERMANY,1852,,0.16739851255878097,,,,,0.369746144260922,,0.369746144260922,,0.28880709158006557
GERMANY,1853,,0.16756827996006612,,,,,0.380966788071252,,0.380966788071252,,0.2956073848267776
GERMANY,1854,,0.16716854648470342,,,,,0.3819539394240866,,0.3819539394240866,,0.2960397822483333
GERMANY,1855,,0.16958767280521342,,,,,0.37941662275833166,,0.37941662275833166,,0.2954850427770843
GERMANY,1856,,0.1736635649764733,,,,,0.3824285807560895,,0.3824285807560895,,0.29892257444424297
GERMANY,1857,,0.1819250320810983,,,,,0.37524734504509355,,0.37524734504509355,,0.29791841985949546
GERMANY,1858,,0.1870820361421673,,,,,0.37564931253830436,,0.37564931253830436,,0.3002224019798495
GERMANY,1859,,0.1928543683857261,,,,,0.3733507836995299,,0.3733507836995299,,0.30115221757400834
GERMANY,1860,,0.19802928592820265,,,,,0.3674550129523227,,0.3674550129523227,,0.29968472214267466
GERMANY,1861,,0.20159352087874444,,,,,0.36611576714481514,,0.36611576714481514,,0.30030686863838685
GERMANY,1862,,0.21134369588308194,,,,,0.37243507727629005,,0.37243507727629005,,0.3079985247190068
GERMANY,1863,,0.22459519550733317,,,,,0.37482403706138767,,0.37482403706138767,,0.31473250043976586
GERMANY,1864,,0.2370038565834073,,,,,0.3798201473940114,,0.3798201473940114,,0.3226936310697698
GERMANY,1865,,0.24907787134133538,,,,,0.38052872795521986,,0.38052872795521986,,0.3279483853096661
GERMANY,1866,,0.269433903844411,,,,,0.38139226870930826,,0.38139226870930826,,0.33660892276334936
GERMANY,1867,,0.29078210122760234,,,,,0.3810024642788782,,0.3810024642788782,,0.34491431905836784
GERMANY,1868,0.8960396039603961,0.32805816417808,1.0,,0.9999999999998276,,0.36592907486173376,,0.36592907486173376,1.0,0.7263094126786311
GERMANY,1869,0.8943548805142294,0.37430191461568274,1.0,,0.9999999999998261,0.862351151622859,0.3757347113582904,,0.3757347113582904,1.0,0.7522383272062865
GERMANY,1870,0.8926891070181386,0.4007449043388103,1.0,0.23707378337873158,0.9999999999998256,0.8981960654814696,0.39443268767524076,,0.39443268767524076,1.0,0.7019644053222244
GERMANY,1871,0.8910419267887005,0.42128339486633204,1.0,0.23629219382500266,0.9999999999998264,0.9168481403469458,0.4098718390749676,,0.4098718390749676,1.0,0.7089169856274835
GERMANY,1872,0.8894129926115604,0.44065406045633687,1.0,0.22562619175746979,0.9999999999998257,0.9278205664576039,0.42405833526981135,,0.42405833526981135,1.0,0.7134479777050934
GERMANY,1873,0.8861544389080886,0.4407369853864515,1.0,0.22447171332589552,0.9999999999998254,0.9336113994427183,0.45308731509795486,,0.45308731509795486,1.0,0.7185509093134067
GERMANY,1874,0.8829499743494666,0.42557652274543073,1.0,0.22788085385821022,0.9999999999998247,0.9487693983051677,0.45491513263636163,,0.45491513263636163,1.0,0.7187087571043973
GERMANY,1875,0.8797982630914734,0.42835688487394263,1.0,0.2318050019350817,0.9999999999998217,0.9481913927860323,0.4525920011638841,,0.4525920011638841,1.0,0.7184633736444607
GERMANY,1876,0.8766980129251329,0.4309600305780896,1.0,0.22573454555863437,0.9999999999998164,0.9502524515417686,0.4485269694318135,0.5,0.4485269694318135,1.0,0.684478450121373
GERMANY,1877,0.873647973509239,0.438137497592425,1.0,0.22655740771408817,0.9999999999998117,0.9403967209764895,0.4447088607727224,0.5,0.4447088607727224,1.0,0.6832626877705757
GERMANY,1878,0.8706469346881086,0.44700672385750223,1.0,0.22270153587515013,0.9999999999998067,0.9251260560499821,0.43343869209234215,0.5,0.43343869209234215,1.0,0.6800962755953118
GERMANY,1879,0.8686386019529001,0.461417995513996,0.9937299682382774,0.21687038893902968,0.9999999999998028,0.9066242359157448,0.4416186794024869,0.5,0.4416186794024869,0.9937299682382774,0.679089349475907
GERMANY,1880,0.8676093490684356,0.47749614012508895,0.9802698670623089,0.20805335116973503,0.9999999999998013,0.8925737282846778,0.43917967194271573,0.5,0.43917967194271573,0.9802698670623089,0.6758711551689495
GERMANY,1881,0.8675458431650881,0.49482892606954565,0.9692163316161502,0.2110706091379689,0.9999999999998013,0.8707499142487599,0.4387269706820686,0.5,0.4387269706820686,0.9692163316161502,0.6739883167651037
GERMANY,1882,0.868435036051545,0.5093866056164942,0.9692163316161502,0.21478435900765822,0.9999999999998016,0.8595680244403303,0.4383975315108774,0.5,0.4383975315108774,0.9692163316161502,0.6747812337832144
GERMANY,1883,0.8702641558552845,0.5189808723912612,0.9692163316161502,0.22198782274484602,0.9999999999998016,0.8498679438677195,0.44566890017182426,0.5,0.44566890017182426,0.9692163316161502,0.6768560720468517
GERMANY,1884,0.8720758219127024,0.5338593512575536,0.9707913389382627,0.23084646132984207,0.9999999999998016,0.8581520119677138,0.43260433707590834,0.475,0.43260433707590834,0.9707913389382627,0.6748565071445223
GERMANY,1885,0.8738702828683114,0.5595932942379162,0.9705496093597075,0.24169453316271486,0.9999999999998014,0.8585745144893255,0.4302516673385101,0.45,0.4302516673385101,0.9705496093597075,0.6746869681239553
GERMANY,1886,0.8756477826658445,0.5897367865932616,0.9646834993035511,0.24577136573031702,0.9999999999998016,0.8614849707043224,0.42414634875794227,0.425,0.42414634875794227,0.9646834993035511,0.673120956911871
GERMANY,1887,0.8774085606588284,0.6063929784775086,0.9452690025874053,0.25008942909237525,0.9999999999998014,0.8633988262898598,0.42807481439809764,0.4,0.42807481439809764,0.9452690025874053,0.6696009800326044
GERMANY,1888,0.8791528517180467,0.6404732395999032,0.913055113524796,0.25377406898624083,0.9999999999998016,0.8691331371791124,0.42021737069465176,0.375,0.42021737069465176,0.913055113524796,0.6644518449671302
GERMANY,1889,0.8806414562972604,0.6647574536533144,0.8845534415904067,0.2600700680802754,0.9999999999998014,0.859265618075872,0.4220023067681429,0.375,0.4220023067681429,0.8845534415904067,0.6627388946792979
GERMANY,1890,0.8818766309651567,0.6843856210304965,0.8592492952495265,0.26468220214024707,0.9999999999998016,0.8514263766283829,0.42463064088879926,0.375,0.42463064088879926,0.8592492952495265,0.6611629050454153
GERMANY,1891,0.8828606030026916,0.7069519704466396,0.8596506149589322,0.26457037940841605,0.9999999999998016,0.8400045094634325,0.4294409593650868,0.375,0.4294409593650868,0.8596506149589322,0.6631955125308358
GERMANY,1892,0.883595570897399,0.7298457475001423,0.877987266137439,0.257515477022778,0.9999999999998016,0.8315445573375053,0.4271926729283259,0.375,0.4271926729283259,0.877987266137439,0.6664569046804975
GERMANY,1893,0.8840837048276132,0.7355748587060955,0.8937848923660396,0.25169911893708113,0.9999999999998017,0.8200099780962222,0.44195617989233515,0.375,0.44195617989233515,0.8937848923660396,0.6699521121368184
GERMANY,1894,0.8845665771755762,0.7474128183221469,0.9205675991636362,0.24027455841151504,0.9999999999998017,0.8106092706616643,0.446820887907724,0.375,0.446820887907724,0.9205675991636362,0.6738729243765533
GERMANY,1895,0.885044272561791,0.757688588502216,0.950590185952991,0.23052197794774867,0.9999999999998016,0.8050894808528104,0.4530319702678175,0.375,0.4530319702678175,0.950590185952991,0.6788799690476477
GERMANY,1896,0.8855168738017637,0.7269666951521648,0.9488613830230476,0.23135112102005362,0.9999999999998014,0.7974813518622762,0.4636165517375138,0.4270833333333333,0.4636165517375138,0.9488613830230476,0.6843416380877785
GERMANY,1897,0.8859844619538789,0.7151144086340766,0.9199932085410465,0.24362233806925565,0.9999999999998013,0.7863679130452528,0.4675608865849307,0.4791666666666667,0.4675608865849307,0.9199932085410465,0.6874162495368172
GERMANY,1898,0.8864471163657575,0.7089630080511219,0.9046762882012128,0.2558211301186837,0.999999999999801,0.7862894325556188,0.46574740994625907,0.53125,0.46574740994625907,0.9046762882012128,0.693325479249507
GERMANY,1899,0.8876071794475286,0.685725151325035,0.8723023350218575,0.26389325131590685,0.999999999999801,0.7827948363440935,0.46545817234095094,0.5833333333333334,0.46545817234095094,0.8723023350218575,0.6945464769200344
GERMANY,1900,0.8894600370726206,0.6556172068314738,0.8379978368653044,0.2671317644849739,0.9999999999998014,0.7780492677407074,0.45483588654019236,0.6354166666666667,0.45483588654019236,0.8379978368653044,0.6927363879774134
GERMANY,1901,0.8920011187917403,0.6567531495953799,0.8145821151408785,0.2695644880405762,0.999999999999803,0.7749101987585577,0.448660827527652,0.6875,0.448660827527652,0.8145821151408785,0.6965343928584724
GERMANY,1902,0.8952258973272065,0.6506272985156425,0.8148340833506225,0.2695065203251352,0.999999999999806,0.7717138426093662,0.4450370177813484,0.7395833333333334,0.4450370177813484,0.8148340833506225,0.7033868159138716
GERMANY,1903,0.8991298880733025,0.6258296435544322,0.8069971413459076,0.26830601818632704,0.9999999999998108,0.7546851840614615,0.4430410081020407,0.7916666666666667,0.4430410081020407,0.8069971413459076,0.7060072902083909
GERMANY,1904,0.9030063838742439,0.6201329347926385,0.8005679577748854,0.2717037386543007,0.9999999999998153,0.7385935836787487,0.4344260394132592,0.84375,0.4344260394132592,0.8005679577748854,0.7103055828719087
GERMANY,1905,0.9068556741791648,0.6131911872840302,0.800161247755996,0.28137916198554525,0.9999999999998155,0.7056481777689982,0.42774973879325406,0.8958333333333334,0.42774973879325406,0.800161247755996,0.7146118518131013
GERMANY,1906,0.9100425639519424,0.6289610880463113,0.8253317278174626,0.28115104163127724,0.9999999999998129,0.673228598127974,0.42106382228839845,0.9479166666666667,0.42106382228839845,0.8253317278174626,0.7239872898892081
GERMANY,1907,0.9125467228983627,0.618526408455325,0.828364425075072,0.2751887935119168,0.9999999999998103,0.6328861003138089,0.4162624691975988,1.0,0.4162624691975988,0.828364425075072,0.7262361728037412
GERMANY,1908,0.914372304417272,0.623234637183472,0.8423662943615817,0.2666887733460547,0.999999999999807,0.6027953296140129,0.4094761123611751,1.0,0.4094761123611751,0.8423662943615817,0.7242040806853391
GERMANY,1909,0.9156538981260443,0.6297621242079422,0.8637054920127867,0.25893295878088696,0.9999999999998046,0.5735849791274268,0.409825118537172,1.0,0.409825118537172,0.8637054920127867,0.7246056825130066
GERMANY,1910,0.9163944841514153,0.6325878090448205,0.8802580018861608,0.2511602073594375,0.999999999999806,0.5645173810441196,0.4113745740191245,1.0,0.4113745740191245,0.8802580018861608,0.7260305987533235
GERMANY,1911,0.9172325048476224,0.6192207677401458,0.8709629744313923,0.20013514870944568,0.9999999999998096,0.56228843193956,0.4102595294407565,1.0,0.4102595294407565,0.8709629744313923,0.7179326861468619
GERMANY,1912,0.9181915156223516,0.6524632860894375,0.8740654842028303,0.15124952185137747,0.9999999999998115,0.6143967156389716,0.37733007483321124,1.0,0.37733007483321124,0.8740654842028303,0.7172490135567189
GERMANY,1913,0.9192705660445633,0.6687257267005349,0.849316206966742,0.10335952763617924,0.9999999999998078,0.6644883117559921,0.36336997801610177,1.0,0.36336997801610177,0.849316206966742,0.7134508692633625
GERMANY,1914,0.9203382473835344,0.6706135726995897,0.8030236276667996,0.05347143988927401,0.9999999999997986,0.7146354183723853,0.34852980772740855,1.0,0.34852980772740855,0.8030236276667996,0.7046557955127662
GERMANY,1915,0.921394738387745,0.6780944293072183,0.7436054925908822,0.00013293701517586351,0.9999999999997808,0.7567300449740738,0.31478334908465755,0.9166666666666666,0.31478334908465755,0.7436054925908822,0.6779632781391177
GERMANY,1916,0.9224402140778842,0.6647273709446775,0.6706417631336239,0.0001488613704337348,0.9999999999997847,0.8046489519543023,0.3121059898008798,0.8333333333333333,0.3121059898008798,0.6706417631336239,0.6577307134787781
GERMANY,1917,0.9234748458435302,0.5516694859517084,0.585077730918242,0.00017615964169730362,0.9999999999997862,0.8114193918450578,0.34520576701584604,0.7333333333333333,0.34520576701584604,0.585077730918242,0.6243902553104679
GERMANY,1918,0.9244988015368367,0.46532204942722116,0.5360605311149819,0.00023985147873956315,0.9999999999997327,0.8228648842579807,0.3523574294911219,0.7333333333333333,0.3523574294911219,0.5360605311149819,0.6107801928378086
GERMANY,1919,0.9249918639501511,0.40959439333925607,0.5151699772156103,0.05973319301598566,0.9999999999996465,0.8511617438660265,0.36407475304511483,0.7333333333333333,0.36407475304511483,0.5151699772156103,0.612684422153723
GERMANY,1920,0.9249594543981823,0.3456023354736485,0.5083107404643337,0.13157014565500486,0.9999999999994447,0.888247405965164,0.38886291529317846,0.7333333333333333,0.38886291529317846,0.5083107404643337,0.6198619552326805
GERMANY,1921,0.9244069115634892,0.295298367590752,0.48886903560730666,0.19546490975201966,0.9983853793992503,0.9180628796316471,0.3673374547953281,0.6333333333333333,0.3673374547953281,0.48886903560730666,0.6028131639322856
GERMANY,1922,0.9233433884578719,0.3178428473464379,0.4864568113920966,0.2660884764927075,0.9857074840887229,0.9456410892248133,0.3500764029272272,0.6333333333333333,0.3500764029272272,0.4864568113920966,0.6105094801318476
GERMANY,1923,0.9217761466824907,0.33233855105050963,0.47853883142688536,0.354112589061138,0.9729773801124398,0.9697233997933058,0.3324940555001737,0.6333333333333333,0.3324940555001737,0.47853883142688536,0.6178365470431719
GERMANY,1924,0.9202308259142079,0.3194774938648805,0.45778188821264293,0.3790449931931251,0.9602472761361946,0.9713967662099836,0.3072642546582205,0.6333333333333333,0.3072642546582205,0.45778188821264293,0.6108081982581792
GERMANY,1925,0.9187073420087687,0.32443962809775645,0.4475121164983104,0.4130513453549777,0.9474868625002054,0.9635942077516253,0.30049180761766736,0.6261904761904762,0.30049180761766736,0.4475121164983104,0.60879246571774
GERMANY,1926,0.9172056099352013,0.32247362087563475,0.464025740174851,0.45799773309903646,0.9364016887839224,0.9493940200686598,0.3054087229025051,0.619047619047619,0.3054087229025051,0.464025740174851,0.6124798600917518
GERMANY,1927,0.91572164854812,0.3235915786601665,0.4671621904846449,0.49577680815080355,0.9363581809443151,0.9275124810710164,0.3007401564216437,0.6119047619047618,0.3007401564216437,0.4671621904846449,0.6126532184865059
GERMANY,1928,0.9142532880165495,0.32416364951993615,0.46780676541513416,0.518678739157725,0.9364057916664598,0.8966577024243589,0.3027982776888417,0.6047619047619047,0.3027982776888417,0.46780676541513416,0.6110336236592125
GERMANY,1929,0.9135581252130827,0.32877281738954195,0.466615612584389,0.5480603235025651,0.9363928656511998,0.8710756328685244,0.30505835123958536,0.5976190476190476,0.30505835123958536,0.466615612584389,0.610857834439599
GERMANY,1930,0.9136291071010453,0.32920736249169286,0.4619521883983174,0.55125563203947,0.9364102492958082,0.8561093192093668,0.2963672189597863,0.5904761904761904,0.2963672189597863,0.4619521883983174,0.6066619620439349
GERMANY,1931,0.9144592782243711,0.3402440044518691,0.46362482320424886,0.5480509968140815,0.9388187603655609,0.8495795175407131,0.2849404207481898,0.5833333333333333,0.2849404207481898,0.46362482320424886,0.604623006243744
GERMANY,1932,0.9160417703229307,0.3665995430690808,0.4715147501325723,0.5434227667717563,0.9417370818157584,0.8530853625677631,0.27485147658928233,0.5833333333333333,0.27485147658928233,0.4715147501325723,0.6073456749791537
GERMANY,1933,0.9182629968410252,0.40796640201597045,0.48200080895977104,0.5281748956880148,0.9435551852044032,0.8586729623262921,0.2679813441546234,0.5833333333333333,0.2679813441546234,0.48200080895977104,0.6115737170167811
GERMANY,1934,0.9201462138691152,0.4548315220885901,0.4976189359080392,0.5113476765732576,0.9456921555658246,0.8643723057366387,0.27525354957609227,0.5833333333333333,0.27525354957609227,0.4976189359080392,0.6190771708994182
GERMANY,1935,0.9215881096568269,0.5011293960671007,0.5144991291492659,0.502001745587309,0.9483252671563956,0.8573310014068383,0.2768330552512272,0.5833333333333333,0.2768330552512272,0.5144991291492659,0.6253167851303625
GERMANY,1936,0.9225921695199062,0.6060502804936295,0.537226766803447,0.4977614826735124,0.9497353428176238,0.8297960230973542,0.29297715600861163,0.5833333333333333,0.29297715600861163,0.537226766803447,0.6387537267580068
GERMANY,1937,0.923161847040453,0.7113872694746155,0.5731944173687877,0.4760913024932436,0.9581733271095318,0.7879453725610456,0.2847507817405335,0.5833333333333333,0.2847507817405335,0.5731944173687877,0.64802578408631
GERMANY,1938,0.9234073683791773,0.7749672429709438,0.6138795011717035,0.4278124302867782,0.9683517065710564,0.7202494926540013,0.28521016024832235,0.5833333333333333,0.28521016024832235,0.6138795011717035,0.6500126417181586
GERMANY,1939,0.9230670779925465,0.8287674152843479,0.6516169503955833,0.3794308844646924,0.9785025106860508,0.6079073444885602,0.2681501012803499,0.4666666666666666,0.2681501012803499,0.6516169503955833,0.6258859349426372
GERMANY,1940,0.9222531719622099,0.8344351118033403,0.6678389742605352,0.3253124348395826,0.9882709560933405,0.47488142520035537,0.2632209444169925,0.35,0.2632209444169925,0.6678389742605352,0.5927869563896226
GERMANY,1941,0.9209709189018044,0.7426780554086383,0.6584575759183565,0.2625178213212572,0.9968789702301031,0.32930142651177396,0.23838774192496529,0.23333333333333328,0.23838774192496529,0.6584575759183565,0.5408100628589463
GERMANY,1942,0.9187847078880752,0.6247810899815665,0.611417171765485,0.20818719663090324,0.9980163980669028,0.28706408265159233,0.23694359684938537,0.11666666666666664,0.23694359684938537,0.611417171765485,0.49437669820853836
GERMANY,1943,0.9156888703015387,0.49667028293764715,0.49792759427181554,0.18050484506743825,0.9986157843926202,0.28993400459081753,0.1900601786437742,0.0,0.1900601786437742,0.49792759427181554,0.4371239881814216
GERMANY,1944,0.9121748769666208,0.4139083905331785,0.37970246105860694,0.1455020914146563,0.9978706260475327,0.3722199795549423,0.16168940058959697,0.0,0.16168940058959697,0.37970246105860694,0.4109851195472548
GERMANY,1945,0.9082512906075373,0.34692296995943855,0.28092222197308103,0.10860782330824574,0.9967792021862725,0.4935984074959432,0.1301004537361884,0.0,0.1301004537361884,0.28092222197308103,0.39248193524251107
GERMANY,1946,0.9039264415499039,0.29824947141671665,0.19683289056631434,0.0746829879590995,0.9968696533209791,0.654228992453924,0.11220280903638298,0.0,0.11220280903638298,0.19683289056631434,0.38434743168796215
GERMANY,1947,0.8996492276200062,0.20805674507779767,0.14392913098658128,0.055960693602763845,0.9969187195473795,0.7341757971708635,0.10228347738162769,0.0,0.10228347738162769,0.14392913098658128,0.37139047093811284
GERMANY,1948,0.8954383017869055,0.20805674507779767,0.14849706601584406,0.04846776899221472,0.9969807943628872,0.8120626236073812,0.12866493609130447,0.0,0.12866493609130447,0.14849706601584406,0.38244683878813623
GERMANY,1949,0.8932054100693045,0.20805674507779767,0.16246784288021845,0.050452617504449515,0.9981566659745011,0.8602046459065145,0.14835149509636414,0.0,0.14835149509636414,0.16246784288021845,0.3922907796532094
GERMANY,1950,0.8929218962472065,0.20805674507779767,0.17445117734804297,0.05834682683002508,0.999565020580843,0.8979296749423605,0.1715248701322441,0.0,0.1715248701322441,0.17445117734804297,0.4022245183022267
GERMANY,1951,0.8945597252284723,0.20803383728994734,0.18468032260096673,0.0699329980507146,0.9997232206462071,0.9202777294968723,0.1877572972318803,0.0,0.1877572972318803,0.18468032260096673,0.40984638030757214
GERMANY,1952,0.8980914651447446,0.20801092950209704,0.19190991702184151,0.07926964705431926,0.9998772861184186,0.9284329464871088,0.19887889032813577,0.0,0.19887889032813577,0.19190991702184151,0.4148911217904027
GERMANY,1953,0.9034902700907563,0.2079880217142467,0.20016406929151084,0.08894869304294557,0.9998772303639522,0.924464775637461,0.20765230498873305,0.0,0.20765230498873305,0.20016406929151084,0.4188238687315107
GERMANY,1954,0.9088165881337463,0.2079651139263964,0.2112704920540744,0.09632873156053363,0.9998772144323688,0.9205179671745745,0.21380120057097787,0.0,0.21380120057097787,0.2112704920540744,0.4225521448232072
GERMANY,1955,0.9140718695325898,0.20794220613854608,0.2223218484373472,0.08304756429264226,0.9992142641733833,0.9164236760407288,0.2180710489155075,0.0,0.2180710489155075,0.2223218484373472,0.4238324860973468
GERMANY,1956,0.9192575261116287,0.20791929835069578,0.23434635230671635,0.07154799695341921,0.9985518547874642,0.9154809266623358,0.22356923580518573,0.0,0.22356923580518573,0.23434635230671635,0.4259259748089212
GERMANY,1957,0.9243749325256336,0.20789639056284545,0.24362512311153073,0.05891452482722559,0.9978877958283874,0.9168027991792698,0.21936399273692161,0.0,0.21936399273692161,0.24362512311153073,0.42625475829588577
GERMANY,1958,0.9294437296068242,0.20787348277499512,0.253735641484658,0.04433275306099822,0.9972252299888718,0.9183795852449972,0.21935171179109628,0.0,0.21935171179109628,0.253735641484658,0.42716076753937304
GERMANY,1959,0.9347614296233125,0.20785057498714482,0.26145576042128255,0.030266395099090217,0.9965870507968427,0.9267645927107235,0.2185109135795445,0.0,0.2185109135795445,0.26145576042128255,0.42835607690300115
GERMANY,1960,0.9403239814810732,0.2078276671992945,0.26659097202692894,0.03743888859383702,0.9966158043532273,0.93462747300263,0.2170202165875604,0.0,0.2170202165875604,0.26659097202692894,0.43124125882923336
GERMANY,1961,0.9461274293253348,0.2078047594114442,0.2683847380126486,0.045513231675460515,0.9966477873191838,0.9421917803786728,0.21395099669189738,0.0,0.21395099669189738,0.2683847380126486,0.43348523048295834
GERMANY,1962,0.9521679096404956,0.20778185162359386,0.2701011717149634,0.05611151374623816,0.9966858377576597,0.9494091528778243,0.2175899575699447,0.0,0.2175899575699447,0.2701011717149634,0.4369776914393423
GERMANY,1963,0.958423346326174,0.20775894383574353,0.269201780703985,0.07001674479431381,0.9967191712950294,0.955299695275384,0.2166171870191052,0.0,0.2166171870191052,0.269201780703985,0.43961580262743677
GERMANY,1964,0.9645938439175687,0.20773603604789323,0.26550501345470084,0.0880598752467237,0.9967271709085864,0.9528118361214715,0.21384273600483442,0.0,0.21384273600483442,0.26550501345470084,0.44112473083903314
GERMANY,1965,0.9704983937917315,0.2077131282600429,0.2610556417644315,0.10709881696421497,0.9967324584340274,0.9479067536427334,0.20919364995072223,0.0,0.20919364995072223,0.2610556417644315,0.4420572685561347
GERMANY,1966,0.9755944799941811,0.2076902204721926,0.25780497904363997,0.13109821060148785,0.9967326633817566,0.9429910725589226,0.2064509168331164,0.0,0.2064509168331164,0.25780497904363997,0.44382877308207663
GERMANY,1967,0.9798900990778986,0.20766731268434227,0.25619723733911404,0.16866089036421555,0.9967416430284087,0.9391411485796006,0.20433882999739833,0.0,0.20433882999739833,0.25619723733911404,0.4472850244278184
GERMANY,1968,0.9833931750695466,0.20764440489649197,0.2577818098208883,0.1569785615272044,0.996796987570975,0.9366358943411303,0.2102446529649388,0.0,0.2102446529649388,0.2577818098208883,0.4475185305118863
GERMANY,1969,0.9863392169805147,0.20762149710864164,0.2611664586805321,0.1394595266431827,0.9970710476885373,0.9337885919754656,0.21590072476191047,0.0,0.21590072476191047,0.2611664586805321,0.44730502640502634
GERMANY,1970,0.9889175251188073,0.2075985893207913,0.2655875561818255,0.11815802740711949,0.9975724578935796,0.9364411398522068,0.22424332545514686,0.0,0.22424332545514686,0.2655875561818255,0.44778928246073674
GERMANY,1971,0.99167874885937,0.207575681532941,0.2692067498288158,0.08961699682712708,0.9980871908739765,0.9409058547976171,0.23095629441439472,0.0,0.23095629441439472,0.2692067498288158,0.44739484136855334
GERMANY,1972,0.994447724234203,0.20755277374509068,0.27151312986852694,0.04475505264818737,0.9985895719948509,0.9443105329849759,0.23687511477835127,0.0,0.23687511477835127,0.27151312986852694,0.44494618846947276
GERMANY,1973,0.996792121546393,0.20752986595724038,0.27089947318087115,0.043096358048594595,0.9990556421350213,0.9431169048141044,0.2305392448853396,0.0,0.2305392448853396,0.27089947318087115,0.4440145030373867
GERMANY,1974,0.9984927325192136,0.20750695816939005,0.27014540184670693,0.04518088483223152,0.9993009730364767,0.9436528544988596,0.22640643782327072,0.0,0.22640643782327072,0.27014540184670693,0.4438208528820745
GERMANY,1975,0.9995589594113579,0.20748405038153975,0.26922956997843406,0.05001105498819972,0.9993281460869496,0.9428473120414278,0.22584070187214644,0.0,0.22584070187214644,0.26922956997843406,0.4441614410391025
GERMANY,1976,1.0,0.20746114259368942,0.2674848173369272,0.058404436714340494,0.9993601577256268,0.939133583718931,0.22484277819595463,0.0,0.22484277819595463,0.2674848173369272,0.44428507140519113
GERMANY,1977,1.0,0.2074382348058391,0.26546356702713914,0.06605459369380964,0.9994007949563735,0.9363787902721107,0.22042792707764042,0.0,0.22042792707764042,0.26546356702713914,0.4438109654885303
GERMANY,1978,1.0,0.2074153270179888,0.26467826581551723,0.07073384287124158,0.9994356244812133,0.9384657391664494,0.2182256247149542,0.0,0.2182256247149542,0.26467826581551723,0.4440406369332601
GERMANY,1979,1.0,0.20739241923013846,0.26307423811682373,0.07026847158244749,0.9994493956511054,0.9389156785691501,0.21519258801289456,0.0,0.21519258801289456,0.26307423811682373,0.443342620422742
GERMANY,1980,1.0,0.20736951144228816,0.2628767705619973,0.07010412176769767,0.9994450960440601,0.9380323063701301,0.20850632718251286,0.0,0.20850632718251286,0.2628767705619973,0.4422025682240942
GERMANY,1981,1.0,0.20734660365443783,0.2624268854590694,0.07335675567932694,0.9994225581742816,0.9405632724127067,0.20343560635151828,0.0,0.20343560635151828,0.2624268854590694,0.44194829276366354
GERMANY,1982,1.0,0.2073236958665875,0.2593631620036757,0.08297561038447898,0.9993757639339684,0.9417910278026896,0.20310814134587654,0.0,0.20310814134587654,0.2593631620036757,0.44251730530120537
GERMANY,1983,1.0,0.2073007880787372,0.2545516126885817,0.10854114226554193,0.9993231968469486,0.9425969536079934,0.2053882468533664,0.0,0.2053882468533664,0.2545516126885817,0.4447671870112144
GERMANY,1984,1.0,0.20727788029088687,0.2502331948000058,0.14205658359190887,0.9993339596942263,0.9452287974343069,0.2121107688445655,0.0,0.2121107688445655,0.2502331948000058,0.4487413166478187
GERMANY,1985,1.0,0.20725497250303657,0.244214615795668,0.17884149839574315,0.999371343952034,0.9460191758334828,0.21567731555895525,0.0,0.21567731555895525,0.244214615795668,0.45213248877162326
GERMANY,1986,1.0,0.20723206471518624,0.2395102093712656,0.2116547121604267,0.9994121319032157,0.9460779159859098,0.2156658702353135,0.0,0.2156658702353135,0.2395102093712656,0.4547140944174608
GERMANY,1987,1.0,0.20720915692733594,0.23702540152085155,0.24578868581341337,0.9995147423300945,0.9540892602704624,0.21865105752641437,0.0,0.21865105752641437,0.23702540152085155,0.45901165339122063
GERMANY,1988,1.0,0.2071862491394856,0.2369629096968096,0.2910230357984682,0.9996396314077401,0.9604017383175829,0.21908428793621706,0.0,0.21908428793621706,0.2369629096968096,0.46423214511128175
GERMANY,1989,1.0,0.2174737124863672,0.23997966680882915,0.37637612903515166,0.9997336611649821,0.9652254231263004,0.21424258679037136,0.0,0.21424258679037136,0.23997966680882915,0.47401423062116027
GERMANY,1990,1.0,0.21589721640804013,0.24300002704271034,0.3293394265273287,0.9998112053628061,0.9711100113847696,0.2171019320653141,0.0,0.2171019320653141,0.24300002704271034,0.47063107983449814
GERMANY,1991,1.0,0.21309660430218752,0.24441071112521012,0.27654921294398604,0.9998850709275168,0.9761521331152491,0.21874210656480414,0.0,0.21874210656480414,0.24441071112521012,0.4660412247823962
GERMANY,1992,1.0,0.2124789343332206,0.2450861839444915,0.33500754479380496,0.999912685688184,0.9684007809353403,0.22542550549239343,0.0,0.22542550549239343,0.2450861839444915,0.4721567479905878
GERMANY,1993,1.0,0.21468039187891597,0.24370110504929832,0.38076304987689497,0.9999246782474186,0.9549433385670666,0.22929354519791004,0.0,0.22929354519791004,0.24370110504929832,0.475980343394111
GERMANY,1994,1.0,0.21013580401659882,0.23855710494527466,0.3716971531493485,0.9999275425853049,0.9496832604160588,0.23707847524038037,0.0,0.23707847524038037,0.23855710494527466,0.47448971304457943
GERMANY,1995,1.0,0.20659374276431336,0.23325972207725884,0.4765744390867129,0.999926646821773,0.9414277835626319,0.24162896140552528,0.0,0.24162896140552528,0.23325972207725884,0.48368556374596083
GERMANY,1996,0.9994737498083051,0.20373301165218577,0.22867184727580908,0.5862775364761592,0.9999290649998385,0.932312758034741,0.2516167468979769,0.0,0.2516167468979769,0.22867184727580908,0.49418958871360624
GERMANY,1997,0.9981402767324811,0.19696964254753097,0.22355408687490086,0.5697316855801006,0.9999310627795033,0.9299713574761167,0.25768866904059873,0.0,0.25768866904059873,0.22355408687490086,0.49156782973552227
GERMANY,1998,0.9951860518803386,0.18561179594617924,0.21855135344743676,0.5328401317423361,0.9999296398784386,0.9331319802287901,0.27568038543045537,0.0,0.27568038543045537,0.21855135344743676,0.48856402339330907
GERMANY,1999,0.9919938230763649,0.1763651768966826,0.21511076632652482,0.5114063544771479,0.9999309190579811,0.9271691758410059,0.29208807441040674,0.0,0.29208807441040674,0.21511076632652482,0.48636606219927625
GERMANY,2000,0.9883356170920206,0.17025664596331222,0.2119838173926989,0.5093558204168729,0.9999360083705826,0.9245094081854941,0.3043998722317688,0.0,0.3043998722317688,0.2119838173926989,0.4861136843010995
GERMANY,2001,0.9843653297251077,0.16293549917321223,0.20861815676733092,0.5213792110441452,0.9999418167511875,0.9256927089409965,0.33675695120821236,0.0,0.33675695120821236,0.20861815676733092,0.4904559892460518
GERMANY,2002,0.9803647037368244,0.1561119430049701,0.20519761736923017,0.5459113284584017,0.9999474567790105,0.9226517061283301,0.3488052387061518,0.0,0.3488052387061518,0.20519761736923017,0.4926173774089023
GERMANY,2003,0.9771480370275636,0.15070559674749684,0.20125685011760086,0.5768086968192124,0.99995471991566,0.9195443322490096,0.35833563908231264,0.0,0.35833563908231264,0.20125685011760086,0.49521241350725953
GERMANY,2004,0.9733405944546065,0.1438929985834991,0.19745044317180666,0.603718285768236,0.9999600721468077,0.9156944543170944,0.3733169727471559,0.0,0.3733169727471559,0.19745044317180666,0.49794278263759917
GERMANY,2005,0.9691816912944085,0.13425607987199953,0.19480338770338165,0.6337010423497546,0.9999637083337453,0.9091121370237747,0.4282846744546356,0.0,0.4282846744546356,0.19480338770338165,0.5065437597757914
GERMANY,2006,0.9650479575225159,0.1255243221350887,0.19371401152075363,0.6479280230386572,0.9999656223682722,0.8925042938623763,0.4282846744546356,0.0,0.4282846744546356,0.19371401152075363,0.5046492226651254
GERMANY,2007,0.9609428651943833,0.11562496495183802,0.19267021866153794,0.651577617227605,0.9999703427713309,0.8671418339498203,0.4282846744546356,0.0,0.4282846744546356,0.19267021866153794,0.5007161396366431
GERMANY,2008,0.9568698543167621,0.10730908209798229,0.19302841385683758,0.6511278991974914,0.9999747453284147,0.8339855682956644,0.4282846744546356,0.0,0.4282846744546356,0.19302841385683758,0.49596717088619063
GERMANY,2009,0.9548369071171159,0.09983531044474855,0.19378036303712803,0.6516435080585945,0.9999784653507741,0.800145799973647,0.4282846744546356,0.0,0.4282846744546356,0.19378036303712803,0.49169560007410845
GERMANY,2010,0.9528110580637258,0.09275154121718321,0.19353024032030644,0.6331841797205364,0.9999803801322764,0.769162092846299,0.4282846744546356,0.0,0.4282846744546356,0.19353024032030644,0.4857017153174298
GERMANY,2011,0.950792265421839,0.08599741587977865,0.1924639461362349,0.6139135838271901,0.9999816564705668,0.7488389383816857,0.4282846744546356,0.0,0.4282846744546356,0.1924639461362349,0.48060429235782864
GERMANY,2012,0.9487804878048781,0.08233894038595943,0.19243697588762818,0.5990481636833584,0.9999807969904604,0.7421861059609478,0.4282846744546356,0.0,0.4282846744546356,0.19243697588762818,0.477780721424144
GERMANY,2013,0.9487804878048781,0.07805454279461994,0.19135712819153244,0.5814229928854207,0.9999796929383116,0.7470413804191048,0.4282846744546356,0.0,0.4282846744546356,0.19135712819153244,0.47591320447140273
GERMANY,2014,0.9487804878048781,0.07496940437811254,0.18956136539344579,0.5643738172112476,0.99997936642164,0.7590155032224712,0.4282846744546356,0.0,0.4282846744546356,0.18956136539344579,0.47482778827129113
GERMANY,2015,0.9487804878048781,0.07348979956569515,0.1885967295739484,0.5583164984940703,0.9999803501826291,0.7730338600329614,0.4282846744546356,0.0,0.4282846744546356,0.1885967295739484,0.475331334602555
GERMANY,2016,0.9487804878048781,0.07253441172028856,0.18756946213296072,0.554366257991469,0.9999806870818023,0.7884808758824501,0.4282846744546356,0.0,0.4282846744546356,0.18756946213296072,0.4762314169264722
GERMANY,2017,0.9487804878048781,0.07165938522667349,0.18611417699895735,0.5492256701738623,0.9999801100111256,0.7885299508857245,0.4282846744546356,0.0,0.4282846744546356,0.18611417699895735,0.47541641251850936
GERMANY,2018,0.9487804878048781,0.07194760010548586,0.18436967233371815,0.5481560499970612,0.9999814338885751,0.7817941995567792,0.4282846744546356,0.0,0.4282846744546356,0.18436967233371815,0.47440315354377505
GERMANY,2019,0.9487804878048781,0.07194760010548586,0.18166496440590896,0.5376768748557362,0.9999827354761596,0.7794024890159832,0.4282846744546356,0.0,0.4282846744546356,0.18166496440590896,0.47271048894515
GERMANY,2020,0.9487804878048781,0.07194760010548586,0.17839669069764658,0.5227594165627323,0.9999831727826664,0.7725842757430917,0.4282846744546356,0.0,0.4282846744546356,0.17839669069764658,0.47004672446297174
GERMANY,2021,0.9487804878048781,0.07194760010548586,0.1748128112707067,0.5122768326862287,0.999984380124275,0.7471224041395863,0.4282846744546356,0.0,0.4282846744546356,0.1748128112707067,0.4659148177350907
GERMANY,2022,0.9487804878048781,0.07194760010548586,0.1708812482299637,0.4971879687629589,0.9999883290764011,0.7368190164917653,0.4282846744546356,0.0,0.4282846744546356,0.1708812482299637,0.46278625301708276
GERMANY,2023,0.9487804878048781,0.07194760010548586,0.16907221211939608,0.4913962806173362,0.9999889312755581,0.7368190164917653,0.4282846744546356,0.0,0.4282846744546356,0.16907221211939608,0.4619357890058511
GERMANY,2024,0.9487804878048781,0.07194760010548586,0.16741760001380265,0.4896422876756141,0.9999895619065334,0.7368190164917653,0.4282846744546356,0.0,0.4282846744546356,0.16741760001380265,0.4615122609589374
RUSSIA,1800,,,,1.0,0.9999634992094082,,,,,,0.9999817496047041
RUSSIA,1801,,,,1.0,0.999964418142865,,,,,,0.9999822090714325
RUSSIA,1802,,,,1.0,0.9999649806212407,,,,,,0.9999824903106204
RUSSIA,1803,,,,1.0,0.9999665052609134,,,,,,0.9999832526304566
RUSSIA,1804,,,,1.0,0.9999662166821647,,,,,,0.9999831083410824
RUSSIA,1805,,,,1.0,0.9999634817203018,,,,,,0.9999817408601509
RUSSIA,1806,,,,0.9920470172327992,0.9999588869493007,,,,,,0.9960029520910499
RUSSIA,1807,,,,0.984838351614196,0.9999543878613251,,,,,,0.9923963697377605
RUSSIA,1808,,,,0.9469851899973001,0.9999427928556989,,,,,,0.9734639914264995
RUSSIA,1809,,,,0.9469851899973001,0.9999330566009027,,,,,,0.9734591232991014
RUSSIA,1810,,,,0.9469851899973001,0.9999229650437467,,,,,,0.9734540775205234
RUSSIA,1811,,,,0.954938172764501,0.9999146580333651,,,,,,0.977426415398933
RUSSIA,1812,,,,0.9621468383831042,0.9999179440206323,,,,,,0.9810323912018682
RUSSIA,1812,,,,1.0,0.9999219510789956,,,,,,0.9999609755394978
RUSSIA,1813,,,,1.0,0.9999284595848035,,0.5,,0.5,,0.7856938455956582
RUSSIA,1814,,0.48552273825271747,,1.0,0.9999391594039084,,0.5,,0.5,,0.7189915328125838
RUSSIA,1815,,0.4812694560832169,,1.0,0.9999470009296012,,0.5,,0.5,,0.7180481015584042
RUSSIA,1816,,0.47600139396681884,,1.0,0.9999346157253075,,0.5,,0.5,,0.7168746688204726
RUSSIA,1817,,0.47528582826800064,,1.0,0.9999293426755166,,0.5,,0.5,,0.7167144824318927
RUSSIA,1818,,0.4814131379347195,,1.0,0.9999222979905398,,0.4548074333176021,,0.4548074333176021,,0.7030103524225917
RUSSIA,1819,,0.49344165883254537,,1.0,0.9999148309824054,,0.45480743331760215,,0.45480743331760215,,0.7056816977314122
RUSSIA,1820,,0.5089794186887088,,1.0,0.9999119102363073,,0.45480743331760215,,0.45480743331760215,,0.7091338842003155
RUSSIA,1821,,0.5135485393803536,,1.0,0.9999166408802866,,0.45480743331760215,,0.45480743331760215,,0.7101502956082321
RUSSIA,1822,,0.5214271961978636,,1.0,0.9999177526040425,,0.45480743331760215,,0.45480743331760215,,0.711901355284069
RUSSIA,1823,,0.5196355590690303,,1.0,0.9999130536315771,,0.45,,0.45,,0.7098996917112462
RUSSIA,1824,,0.5009589947204556,,1.0,0.9999096162353796,,0.4,,0.4,,0.6890819135457413
RUSSIA,1825,,0.4853083329267668,,1.0,0.9999053911570295,,0.35,,0.35,,0.6689363831297327
RUSSIA,1826,,0.48061685929176046,,1.0,0.999898492463322,,0.3,,0.3,,0.6512256337233517
RUSSIA,1827,,0.48016048920975346,,1.0,0.999897652097674,,0.25,,0.25,,0.634457364734984
RUSSIA,1828,,0.4833538591624949,,1.0,0.9999007766996988,,0.25,,0.25,,0.6351676968582654
RUSSIA,1829,,0.4929687112916553,,1.0,0.9999000898431069,,0.25,,0.25,,0.6373041780299472
RUSSIA,1830,,0.501685971497885,,1.0,0.999899846843103,,0.25,,0.25,,0.6392412929646641
RUSSIA,1831,,0.51197680988734,,1.0,0.9999034317622527,,0.25,,0.25,,0.6415289425887986
RUSSIA,1832,,0.5104820254864026,,1.0,0.999904771272346,,0.25,,0.25,,0.6411970659463887
RUSSIA,1833,,0.5067090581305038,,1.0,0.9999063577284492,,0.25,,0.25,,0.6403589813019898
RUSSIA,1834,,0.5169318491413899,,1.0,0.9999088146304492,,0.25,,0.25,,0.6426312586159644
RUSSIA,1835,,0.5062031196702683,,1.0,0.9999104568766608,,0.25,,0.25,,0.6402474614548733
RUSSIA,1836,,0.4927303087021405,,1.0,0.999911275483103,,0.25076108537392455,,0.25076108537392455,,0.6375073804991401
RUSSIA,1837,,0.4788389513919241,,1.0,0.9999117702646203,,0.30076108537392454,,0.30076108537392454,,0.651087188826096
RUSSIA,1838,,0.46824334939533224,,1.0,0.999924657382197,,0.30076108537392454,,0.30076108537392454,,0.6487354744085371
RUSSIA,1839,,0.4470056570876217,,1.0,0.9999376491014861,,0.30076108537392454,,0.30076108537392454,,0.6440188742777767
RUSSIA,1840,,0.44958587386654364,,1.0,0.9999500972398361,,0.30076108537392454,,0.30076108537392454,,0.6445950220371706
RUSSIA,1841,,0.4557616764371347,,1.0,0.999963091063098,,0.3,,0.3,,0.6457166150000518
RUSSIA,1842,,0.4607874197748811,,1.0,0.9999753840935035,,0.25,,0.25,,0.6301695119707522
RUSSIA,1843,,0.46016925016490795,,1.0,0.9999753337511557,,0.23442667760010932,,0.23442667760010932,,0.6248410222924952
RUSSIA,1844,,0.4558700279435587,,1.0,0.9999753629672414,,0.21974648237791566,,0.21974648237791566,,0.6189922476617055
RUSSIA,1845,,0.4520113795854117,,1.0,0.9999754366455775,,0.20539478762242042,,0.20539478762242042,,0.6133508883699157
RUSSIA,1846,,0.4363613082349671,,1.0,0.999975210727231,,0.19097380909373332,,0.19097380909373332,,0.6050660516895108
RUSSIA,1847,,0.43016783810333825,,1.0,0.9999750812328483,,0.19097380909373332,,0.19097380909373332,,0.6036896962170637
RUSSIA,1848,,0.4372444121210498,,1.0,0.9999776044447399,,0.19058511289352303,,0.19058511289352303,,0.6051332635346833
RUSSIA,1849,,0.4340601848743785,,1.0,0.9999800281860249,,0.19181570688577532,,0.19181570688577532,,0.6048363940864593
RUSSIA,1850,,0.42903398238764956,,1.0,0.9999824439373219,,0.20616740164127054,,0.20616740164127054,,0.6085038952859728
RUSSIA,1851,,0.44268371927475014,,1.0,0.9999851756028406,,0.2063263193540405,,0.2063263193540405,,0.6115907497574783
RUSSIA,1852,,0.43848971808419046,,0.9869905476053619,0.9999877020226068,,0.2063263193540405,,0.2063263193540405,,0.6077683214984934
RUSSIA,1853,,0.4466265990374293,,0.9381766726597063,0.9999875526738873,,0.22228833795414152,,0.22228833795414152,,0.6040496291782745
RUSSIA,1854,,0.47585716653428844,,0.9381766726597063,0.9999875651569093,,0.2357379391840829,,0.2357379391840829,,0.6150285140282287
RUSSIA,1855,,0.474903886332705,,0.9381766726597063,0.9999875019617954,,0.22075262517941438,,0.22075262517941438,,0.6098215552718509
RUSSIA,1856,,0.4641418189526355,,0.9381766726597063,0.9999873767603209,,0.23501468599533148,,0.23501468599533148,,0.612183977192369
RUSSIA,1857,,0.46260317178083143,,0.9511861250543443,0.9999870495903498,,0.2096062354935536,,0.2096062354935536,,0.6062634888146348
RUSSIA,1858,,0.42399434117904145,,1.0,0.9999870879434181,,0.19480849584776766,,0.19480849584776766,,0.6035987050875804
RUSSIA,1859,,0.3773948616689959,,1.0,0.9999869025160211,,0.18001075620198168,,0.18001075620198168,,0.5883106441084421
RUSSIA,1860,,0.35557800590713057,,0.9951744882893021,0.999986852249062,,0.18019833056086426,,0.18019833056086426,,0.582452631619287
RUSSIA,1860,,0.3365799703061062,,0.9903489765786041,0.9999867650020224,,0.1654005909150783,,0.1654005909150783,,0.5722259107243001
RUSSIA,1860,,0.3210204677546177,,0.9903489765786041,0.9999870975813403,,0.17601130177107024,,0.17601130177107024,,0.572305221015815
RUSSIA,1860,,0.3210204677546177,,0.9903489765786041,0.9999870157204441,,0.17601130177107024,,0.17601130177107024,,0.5723052028245048
RUSSIA,1860,,0.3210204677546177,,0.9855234648679063,0.9999870975813403,,0.17601130177107024,,0.17601130177107024,,0.5712328850801045
RUSSIA,1860,,0.3210204677546177,,0.9855234648679063,0.9999870157204441,,0.17601130177107024,,0.17601130177107024,,0.5712328668887942
RUSSIA,1860,,0.31767319788203185,,0.9903489765786041,0.999986933859548,,0.17665998180920353,,0.17665998180920353,,0.5717775735631088
RUSSIA,1860,,0.31432592800944603,,0.9903489765786041,0.9999867193969845,,0.1773086618473368,,0.1773086618473368,,0.5712499148346756
RUSSIA,1861,,0.31097865813686015,,0.9835160056173372,0.9999866375360881,,0.17795734188547013,,0.17795734188547013,,0.569203847581887
RUSSIA,1861,,0.3076313882642743,,0.981508546366768,0.9999864230735248,,0.1786060219236034,,0.1786060219236034,,0.5682300867977716
RUSSIA,1861,,0.30428411839168845,,0.9863340580774658,0.9999863412126284,,0.17925470196173668,,0.17925470196173668,,0.5687747934720861
RUSSIA,1861,,0.30428411839168845,,0.9863340580774658,0.9999862904718576,,0.17925470196173668,,0.17925470196173668,,0.5687747821963594
RUSSIA,1861,,0.30428411839168845,,0.9795010871161989,0.9999863412126284,,0.17925470196173668,,0.17925470196173668,,0.5672563554806935
RUSSIA,1861,,0.30428411839168845,,0.9795010871161989,0.9999862904718574,,0.17925470196173668,,0.17925470196173668,,0.5672563442049667
RUSSIA,1861,,0.2958602759017398,,0.9788384729981207,0.9999862397310864,,0.18059024924573489,,0.18059024924573489,,0.5656823027776776
RUSSIA,1861,,0.2874364334117912,,0.9713428879187754,0.9999863201454868,,0.18192579652973312,,0.18192579652973312,,0.5625898525045897
RUSSIA,1862,,0.2790125909218425,,0.9705250208049307,0.9999862694047158,,0.18326134381373133,,0.18326134381373133,,0.5609813104115748
RUSSIA,1862,,0.2705887484318939,,0.976540124652353,0.999986349819116,,0.18459689109772953,,0.18459689109772953,,0.5608912354555462
RUSSIA,1862,,0.26216490594194525,,0.9758775105342747,0.999986299078345,,0.18593243838172777,,0.18593243838172777,,0.5593171940282572
RUSSIA,1862,,0.26216490594194525,,0.9758775105342747,0.9999864809742876,,0.18593243838172777,,0.18593243838172777,,0.5593172344495777
RUSSIA,1862,,0.26216490594194525,,0.9825552284997752,0.9999862990783452,,0.18593243838172777,,0.18593243838172777,,0.560801131353924
RUSSIA,1862,,0.26216490594194525,,0.9825552284997752,0.9999864809742876,,0.18593243838172777,,0.18593243838172777,,0.5608011717752445
RUSSIA,1862,,0.2684629310681507,,0.969157477126809,0.9999866628702302,,0.18581550861940832,,0.18581550861940832,,0.5591845186654006
RUSSIA,1862,,0.27476095619435614,,0.9624374437193433,0.9999866955673467,,0.1856985788570889,,0.1856985788570889,,0.5590517697259288
RUSSIA,1863,,0.2810589813205616,,0.9482248554130704,0.9999868774632892,,0.18558164909476943,,0.18558164909476943,,0.5572540417420169
RUSSIA,1863,,0.2873570064467671,,0.9273345491412972,0.9999869101604058,,0.18546471933245,,0.18546471933245,,0.5539723432771434
RUSSIA,1863,,0.29365503157297257,,0.9139367977683308,0.9999870920563481,,0.18534778957013057,,0.18534778957013057,,0.5523556901672995
RUSSIA,1863,,0.29365503157297257,,0.9139367977683308,0.9999867609615796,,0.18534778957013057,,0.18534778957013057,,0.5523556165906842
RUSSIA,1863,,0.29365503157297257,,0.9064442428695239,0.9999870920563483,,0.18534778957013057,,0.18534778957013057,,0.5506906779675647
RUSSIA,1863,,0.29365503157297257,,0.9064442428695237,0.9999867609615796,,0.18534778957013057,,0.18534778957013057,,0.5506906043909494
RUSSIA,1863,,0.2992030600531105,,0.8644010139585843,0.9999864298668111,,0.196547745459762,,0.196547745459762,,0.5463138049040333
RUSSIA,1863,,0.30475108853324834,,0.8148652301488377,0.9999858532581285,,0.20774770134939344,,0.20774770134939344,,0.5402719386587345
RUSSIA,1864,,0.3102991170133862,,0.7702397271420638,0.99998552216336,,0.2189476572390249,,0.2189476572390249,,0.5353213004838551
RUSSIA,1864,,0.31584714549352405,,0.7331067790340968,0.9999849455546777,,0.2301476131286563,,0.2301476131286563,,0.532035619950063
RUSSIA,1864,,0.3213951739736619,,0.6910635501231575,0.9999846144599089,,0.24134756901828774,,0.24134756901828774,,0.5276588204631467
RUSSIA,1864,,0.3213951739736619,,0.6910635501231575,0.9999847000407638,,0.24134756901828774,,0.24134756901828774,,0.5276588394811145
RUSSIA,1864,,0.3213951739736619,,0.69597383092613,0.9999846144599089,,0.24134756901828774,,0.24134756901828774,,0.5287499939749184
RUSSIA,1864,,0.3213951739736619,,0.69597383092613,0.9999847000407638,,0.24134756901828774,,0.24134756901828774,,0.5287500129928862
RUSSIA,1864,,0.3167229841462008,,0.7360133623525451,0.9999847856216183,,0.22182042508585828,,0.22182042508585828,,0.5301003932775894
RUSSIA,1864,,0.3120507943187397,,0.7809631745819328,0.9999846584417348,,0.20229328115342882,,0.20229328115342882,,0.5325418997939002
RUSSIA,1865,,0.30737860449127863,,0.8230655843602234,0.9999847440225892,,0.18276613722099938,,0.18276613722099938,,0.5343506974901313
RUSSIA,1865,,0.30270641466381754,,0.8602577133355412,0.9999846168427059,,0.16323899328856992,,0.16323899328856992,,0.5350682743944267
RUSSIA,1865,,0.29803422483635644,,0.9002972447619563,0.9999847024235603,,0.14371184935614045,,0.14371184935614045,,0.5364186546791297
RUSSIA,1865,,0.29803422483635644,,0.9002972447619563,0.9999844040819676,,0.14371184935614045,,0.14371184935614045,,0.5364185883809981
RUSSIA,1865,,0.29803422483635644,,0.8974498423108592,0.9999847024235604,,0.14371184935614045,,0.14371184935614045,,0.5357858985788861
RUSSIA,1865,,0.29803422483635644,,0.8974498423108592,0.9999844040819676,,0.14371184935614045,,0.14371184935614045,,0.5357858322807544
RUSSIA,1865,,0.30153921941989525,,0.8666015022007931,0.9999841057403748,,0.16386276508994918,,0.16386276508994918,,0.5364264388879972
RUSSIA,1865,,0.305044214003434,,0.83290575963963,0.9999839516523279,,0.18401368082375794,,0.18401368082375794,,0.5364343214513398
RUSSIA,1866,,0.3085492085869729,,0.8429957823822409,0.9999836533107352,,0.20416459655756664,,0.20416459655756664,,0.5461723420258443
RUSSIA,1866,,0.31205420317051163,,0.8559332075759489,0.9999834992226884,,0.22431551229137542,,0.22431551229137542,,0.5565431507569361
RUSSIA,1866,,0.31555919775405045,,0.8250848674658828,0.9999832008810955,,0.24446642802518415,,0.24446642802518415,,0.557183757364179
RUSSIA,1866,,0.31555919775405045,,0.8250848674658828,0.9999836434762344,,0.24446642802518415,,0.24446642802518415,,0.5571838557186543
RUSSIA,1866,,0.31555919775405045,,0.8688706327696568,0.9999832008810955,,0.24446642802518415,,0.24446642802518415,,0.5669139274316843
RUSSIA,1866,,0.31555919775405045,,0.8688706327696568,0.9999836434762344,,0.24446642802518415,,0.24446642802518415,,0.5669140257861597
RUSSIA,1866,,0.31243412427360473,,0.8775822000942158,0.9999840860713732,,0.22543296235990243,,0.22543296235990243,,0.5618110786620106
RUSSIA,1866,,0.30930905079315907,,0.9300795327225488,0.9999848906260761,,0.20639949669462068,,0.20639949669462068,,0.5664383820408256
RUSSIA,1867,,0.30618397731271335,,0.9725577743048323,0.999985333221215,,0.18736603102933896,,0.18736603102933896,,0.5688391403072821
RUSSIA,1867,,0.30305890383226763,,0.9712502505833417,0.9999861377759178,,0.16833256536405722,,0.16833256536405722,,0.5615098089416918
RUSSIA,1867,,0.299933830351822,,0.9799618179079006,0.9999865803710566,,0.1492990996987755,,0.1492990996987755,,0.5564068618175428
RUSSIA,1867,,0.299933830351822,,0.9799618179079006,0.9999864997354821,,0.1492990996987755,,0.1492990996987755,,0.5564068438985263
RUSSIA,1867,,0.299933830351822,,0.969942726861851,0.9999865803710566,,0.1492990996987755,,0.1492990996987755,,0.5541803971406429
RUSSIA,1867,,0.299933830351822,,0.969942726861851,0.9999864997354819,,0.1492990996987755,,0.1492990996987755,,0.5541803792216263
RUSSIA,1867,,0.30475124614149063,,0.9713195513889741,0.9999864190999075,,0.15220733741637682,,0.15220733741637682,,0.5565262717233196
RUSSIA,1867,,0.30956866193115934,,0.9626772848700476,0.9999860903040325,,0.15511557513397817,,0.15511557513397817,,0.5566456444013793
RUSSIA,1868,,0.314386077720828,,0.958170289451526,0.9999860096684579,,0.15802381285157951,,0.15802381285157951,,0.5576840213595959
RUSSIA,1868,,0.3192034935104967,,0.9636823850790541,0.9999856808725827,,0.16093205056918086,,0.16093205056918086,,0.560948807847979
RUSSIA,1868,,0.32402090930016536,,0.9650592096061773,0.9999856002370082,,0.16384028828678218,,0.16384028828678218,,0.5632947003496721
RUSSIA,1868,,0.32402090930016536,,0.9650592096061773,0.9999854327122822,,0.16384028828678218,,0.16384028828678218,,0.5632946631219553
RUSSIA,1868,,0.32402090930016536,,0.9691944807065823,0.9999856002370082,,0.16384028828678218,,0.16384028828678218,,0.5642136494830955
RUSSIA,1868,,0.32402090930016536,,0.9691944807065823,0.9999854327122822,,0.16384028828678218,,0.16384028828678218,,0.5642136122553786
RUSSIA,1868,,0.33094661196125447,,0.9517664190824611,0.9999852651875564,,0.16016475069181377,,0.16016475069181377,,0.5606545382819984
RUSSIA,1868,,0.3378723146223436,,0.9384736285587447,0.9999849564725884,,0.1564892130968454,,0.1564892130968454,,0.5580143820664323
RUSSIA,1869,,0.34479801728343273,,0.9470596911367292,0.9999847889478625,,0.152813675501877,,0.152813675501877,,0.560236224582409
RUSSIA,1869,,0.35172371994452184,,0.9515104826143087,0.9999844802328948,,0.1491381379069086,,0.1491381379069086,,0.561539086589353
RUSSIA,1869,,0.35864942260561095,,0.9340824209901875,0.9999843127081688,,0.1454626003119402,,0.1454626003119402,,0.5579800126159729
RUSSIA,1869,,0.35864942260561095,,0.9340824209901875,0.9999843390426528,,0.1454626003119402,,0.1454626003119402,,0.5579800184680804
RUSSIA,1869,,0.35864942260561095,,0.9559612740918884,0.9999843127081688,,0.1454626003119402,,0.1454626003119402,,0.5628419799719064
RUSSIA,1869,,0.35864942260561095,,0.9559612740918884,0.9999843390426528,,0.1454626003119402,,0.1454626003119402,,0.5628419858240139
RUSSIA,1869,0.14686468646864687,0.35405853478198457,,0.9409292068725813,0.9999843653771368,,0.1689929378011717,,0.1689929378011717,,0.46145975723940513
RUSSIA,1869,0.14686468646864687,0.3494676469583583,,0.9477759927549751,0.9999845542840131,,0.1925232752904032,,0.1925232752904032,,0.467718356105987
RUSSIA,1870,0.14686468646864687,0.344876759134732,,0.969711049797618,0.999984580618497,,0.2160536127796347,,0.2160536127796347,,0.4764916397372116
RUSSIA,1870,0.14686468646864687,0.3402858713111056,,0.9697672537385602,0.9999847695253731,,0.2395839502688662,,0.2395839502688662,,0.4816184749468848
RUSSIA,1870,0.14686468646864687,0.3356949834874793,,0.9547351865192532,0.9999847958598572,,0.2631142877580977,,0.2631142877580977,,0.4842305712011178
RUSSIA,1870,0.14686468646864687,0.3356949834874793,,0.9547351865192532,0.9999849320977653,,0.2631142877580977,,0.2631142877580977,,0.4842305939074358
RUSSIA,1870,0.14686468646864687,0.3356949834874793,,0.9698234576795022,0.9999847958598572,,0.2631142877580977,,0.2631142877580977,,0.48674528306115933
RUSSIA,1870,0.14686468646864687,0.3356949834874793,,0.9698234576795022,0.9999849320977653,,0.2631142877580977,,0.2631142877580977,,0.48674530576747727
RUSSIA,1870,0.1469420109550222,0.33490919738727787,,0.9615826653130469,0.9999850683356734,,0.2506685033169782,,0.2506685033169782,,0.4821487837406665
RUSSIA,1870,0.14701933544139753,0.33412341128707645,,0.9684301441068405,0.999985339152915,,0.2382227188758587,,0.2382227188758587,,0.4800669960037861
RUSSIA,1871,0.1470966599277729,0.333337625186875,,0.9777394036477624,0.999985475390823,,0.2257769344347392,,0.2257769344347392,,0.4783954826282048
RUSSIA,1871,0.14717398441414822,0.3325518390866735,,0.9719603920284354,0.999985746208065,,0.21333114999361968,,0.21333114999361968,,0.47420927982247096
RUSSIA,1871,0.14725130890052357,0.3317660529864721,,0.9637195996619802,0.9999858824459729,,0.2008853655525002,,0.2008853655525002,,0.46961275779566014
RUSSIA,1871,0.14725130890052357,0.3317660529864721,,0.9637195996619802,0.9999858807873988,,0.2008853655525002,,0.2008853655525002,,0.46961275751923115
RUSSIA,1871,0.14725130890052357,0.3317660529864721,,0.9661813804091086,0.9999858824459731,,0.2008853655525002,,0.2008853655525002,,0.47002305458684834
RUSSIA,1871,0.14725130890052357,0.3317660529864721,,0.9661813804091086,0.9999858807873986,,0.2008853655525002,,0.2008853655525002,,0.47002305431041924
RUSSIA,1871,0.1473273287557206,0.34790583019589333,,0.966487718527827,0.9999858791288243,,0.18623397167961558,,0.18623397167961558,,0.4691202297509248
RUSSIA,1871,0.14740334861091764,0.36404560740531455,,0.9692558373936737,0.9999858640917649,,0.17158257780673095,,0.17158257780673095,,0.468627699752871
RUSSIA,1872,0.14747936846611467,0.3801853846147358,,0.9774966297601292,0.9999858624331907,,0.1569311839338463,,0.1569311839338463,,0.4690472842346662
RUSSIA,1872,0.1475553883213117,0.396325161824157,,0.9832756413794559,0.9999858473961313,,0.14227979006096172,,0.14227979006096172,,0.4690565696955258
RUSSIA,1872,0.14763140817650874,0.4124649390335782,,0.9835819794981745,0.999985845737557,,0.1276283961880771,,0.1276283961880771,,0.4681537451360315
RUSSIA,1872,0.14763140817650874,0.4124649390335782,,0.9835819794981745,0.9999858340176461,,0.1276283961880771,,0.1276283961880771,,0.46815374318271297
RUSSIA,1872,0.14763140817650874,0.4124649390335782,,0.989054652998783,0.999985845737557,,0.1276283961880771,,0.1276283961880771,,0.4690658573861328
RUSSIA,1872,0.14763140817650874,0.4124649390335782,,0.989054652998783,0.9999858340176461,,0.1276283961880771,,0.1276283961880771,,0.4690658554328143
RUSSIA,1872,0.1477061561422366,0.4132326462207643,,0.9746934995579896,0.9999858222977351,,0.1349539737689465,,0.1349539737689465,,0.468650360490544
RUSSIA,1872,0.14778090410796443,0.41400035340795044,,0.9658050196178045,0.9999858382533683,,0.14227955134981593,,0.14227955134981593,,0.4691469824109657
RUSSIA,1873,0.1478556520736923,0.4147680605951365,,0.971277693118413,0.9999858265334574,,0.14960512893068537,,0.14960512893068537,,0.47203712529226227
RUSSIA,1873,0.14793040003942015,0.41553576778232254,,0.971277693118413,0.9999858424890904,,0.15693070651155477,,0.15693070651155477,,0.47401516053604814
RUSSIA,1873,0.148005148005148,0.41630347496950865,,0.9569165396776194,0.9999858307691796,,0.16425628409242418,,0.16425628409242418,,0.47359966559377775
RUSSIA,1873,0.148005148005148,0.41630347496950865,,0.9569165396776194,0.9999858701646342,,0.16425628409242418,,0.16425628409242418,,0.4735996721596868
RUSSIA,1873,0.148005148005148,0.41630347496950865,,0.971277693118413,0.9999858307691796,,0.16425628409242418,,0.16425628409242418,,0.47599319116724337
RUSSIA,1873,0.148005148005148,0.41630347496950865,,0.971277693118413,0.9999858701646342,,0.16425628409242418,,0.16425628409242418,,0.4759931977331524
RUSSIA,1873,0.14807865573660084,0.41800594716962125,,0.9659000981361286,0.9999859095600889,,0.16625469856822564,,0.16625469856822564,,0.47589866438717976
RUSSIA,1873,0.14815216346805368,0.41970841936973374,,0.9748836565946377,0.9999859722040773,,0.16825311304402712,,0.16825311304402712,,0.47819766048942836
RUSSIA,1874,0.14822567119950653,0.4214108915698464,,0.9829686497414574,0.999986011599532,,0.17025152751982858,,0.17025152751982858,,0.4803468918316398
RUSSIA,1874,0.1482991789309594,0.423113363769959,,0.9766924894474833,0.9999860742435203,,0.17224994199563004,,0.17224994199563004,,0.48010260147514117
RUSSIA,1874,0.14837268666241224,0.42481583597007155,,0.971314894465199,0.999986113638975,,0.17424835647143153,,0.17424835647143153,,0.48000806812916863
RUSSIA,1874,0.14837268666241224,0.42481583597007155,,0.971314894465199,0.9999860974920539,,0.17424835647143153,,0.17424835647143153,,0.4800080654380151
RUSSIA,1874,0.14837268666241224,0.42481583597007155,,0.9704163291535094,0.9999861136389752,,0.17424835647143153,,0.17424835647143153,,0.479858307243887
RUSSIA,1874,0.14837268666241224,0.42481583597007155,,0.9704163291535094,0.9999860974920539,,0.17424835647143153,,0.17424835647143153,,0.4798583045527335
RUSSIA,1874,0.14844498477296778,0.42438838027180525,,0.9766924894474833,0.9999860813451326,,0.17041525545189237,,0.17041525545189237,,0.47989288523361856
RUSSIA,1874,0.14851728288352328,0.4239609245735389,,0.9820700844297677,0.9999859586284565,,0.1665821544323532,,0.1665821544323532,,0.47977768726759634
RUSSIA,1875,0.14858958099407882,0.42353346887527266,,0.978954908093512,0.9999859424815354,,0.16274905341281404,,0.16274905341281404,,0.47824704517677663
RUSSIA,1875,0.14866187910463433,0.42310601317700636,,0.9767382970689461,0.9999858197648595,,0.15891595239327488,,0.15891595239327488,,0.4768661462096127
RUSSIA,1875,0.14873417721518986,0.42267855747874006,,0.9830144573629201,0.9999858036179379,,0.1550828513737357,,0.1550828513737357,,0.4769007268904978
RUSSIA,1875,0.14873417721518986,0.42267855747874006,,0.9830144573629201,0.9999857131951047,,0.1550828513737357,,0.1550828513737357,,0.4769007118200256
RUSSIA,1875,0.14873417721518986,0.42267855747874006,,0.97452168604438,0.9999858036179381,,0.1550828513737357,,0.1550828513737357,,0.4754852650040745
RUSSIA,1875,0.14873417721518986,0.42267855747874006,,0.97452168604438,0.9999857131951047,,0.1550828513737357,,0.1550828513737357,,0.4754852499336022
RUSSIA,1875,0.148805295318919,0.42451117084694817,,0.9781762272674766,0.9999856227722713,,0.14702152945844393,,0.14702152945844393,,0.4744022096754568
RUSSIA,1875,0.14887641342264812,0.42634378421515634,,0.9733379971720328,0.9999851497294399,,0.13896020754315214,,0.13896020754315214,,0.4719036437608883
RUSSIA,1876,0.14894753152637727,0.4281763975833644,,0.9514398906639944,0.9999850593066064,,0.13089888562786034,,0.13089888562786034,,0.466561828880887
RUSSIA,1876,0.14901864963010641,0.4300090109515725,,0.938034555474496,0.9999845862637752,,0.12283756371256856,,0.12283756371256856,,0.46263541211730935
RUSSIA,1876,0.14908976773383553,0.4318416243197806,,0.9416890966975922,0.9999844958409417,,0.11477624179727676,,0.11477624179727676,,0.46155237185916387
RUSSIA,1876,0.14908976773383553,0.4318416243197806,,0.9416890966975922,0.9999842036437773,,0.11477624179727676,,0.11477624179727676,,0.46155232315963646
RUSSIA,1876,0.14908976773383553,0.4318416243197806,,0.9246292202849975,0.9999844958409418,,0.11477624179727676,,0.11477624179727676,,0.45870905912373144
RUSSIA,1876,0.14908976773383553,0.4318416243197806,,0.9246292202849975,0.9999842036437773,,0.11477624179727676,,0.11477624179727676,,0.45870901042420403
RUSSIA,1876,0.1491597344859476,0.45852954042841193,,0.9127446340117633,0.9999839114466129,,0.1185383389093547,,0.1185383389093547,,0.462134199329957
RUSSIA,1876,0.14922970123805973,0.4852174565370433,,0.8838001713259344,0.9999832497197503,,0.12230043602143263,,0.12230043602143263,,0.46271601391199446
RUSSIA,1877,0.14929966799017183,0.5119053726456746,,0.888638401421378,0.9999829575225856,,0.1260625331335106,,0.1260625331335106,,0.4689283388791937
RUSSIA,1877,0.1493696347422839,0.538593288754306,,0.9105365079294163,0.9999822957957232,,0.12982463024558855,,0.12982463024558855,,0.4779839149935424
RUSSIA,1877,0.149439601494396,0.5652812048629374,,0.8986519216561822,0.9999820035985586,,0.13358672735766647,,0.13358672735766647,,0.48140910389929537
RUSSIA,1877,0.149439601494396,0.5652812048629374,,0.8986519216561822,0.999981926266025,,0.13358672735766647,,0.13358672735766647,,0.48140909101053975
RUSSIA,1877,0.149439601494396,0.5652812048629374,,0.9324346144374548,0.9999820035985586,,0.13358672735766647,,0.13358672735766647,,0.48703955269617416
RUSSIA,1877,0.149439601494396,0.5652812048629374,,0.9324346144374548,0.999981926266025,,0.13358672735766647,,0.13358672735766647,,0.48703953980741854
RUSSIA,1877,0.14950844462973545,0.5666965680415931,,0.9324346144374548,0.9999818489334913,,0.1349529660464337,,0.1349529660464337,,0.4876341912377989
RUSSIA,1877,0.1495772877650749,0.5681119312202485,,0.9662173072187275,0.9999816500170684,,0.13631920473520096,,0.13631920473520096,,0.4938592712010764
RUSSIA,1878,0.14964613090041437,0.5695272943989043,,0.9977886350634243,0.9999815726845348,,0.1376854434239682,,0.1376854434239682,,0.4997158106055729
RUSSIA,1878,0.14971497403575382,0.5709426575775597,,0.9955772701268488,0.9999813737681119,,0.1390516821127355,,0.1390516821127355,,0.4999418809492091
RUSSIA,1878,0.14978381717109326,0.5723580207562153,,0.9955772701268488,0.9999812964355781,,0.14041792080150273,,0.14041792080150273,,0.5005365323795894
RUSSIA,1878,0.14978381717109326,0.5723580207562153,,0.9955772701268488,0.9999812521842226,,0.14041792080150273,,0.14041792080150273,,0.5005365250043635
RUSSIA,1878,0.14978381717109326,0.5723580207562153,,0.9933659051902733,0.9999812964355781,,0.14041792080150273,,0.14041792080150273,,0.5001679715568268
RUSSIA,1878,0.14978381717109326,0.5723580207562153,,0.9933659051902733,0.9999812521842226,,0.14041792080150273,,0.14041792080150273,,0.5001679641816009
RUSSIA,1878,0.14985156354079618,0.5504596065618803,,0.9916591904308577,0.999981207932867,,0.14207447175471818,,0.14207447175471818,,0.4966648429781462
RUSSIA,1878,0.1499193099104991,0.5285611923675452,,0.9877411107348666,0.9999811579003547,,0.14373102270793367,,0.14373102270793367,,0.4927931599884027
RUSSIA,1879,0.149987056280202,0.50666277817321,,0.9782774536187866,0.9999811136489989,,0.14538757366114918,,0.14538757366114918,,0.4879972150588371
RUSSIA,1879,0.15005480264990492,0.48476436397887496,,0.9710251614392821,0.9999810636164865,,0.14704412461436464,,0.14704412461436464,,0.48356982998850806
RUSSIA,1879,0.15012254901960784,0.4628659497845399,,0.9693184466798666,0.9999810193651308,,0.14870067556758013,,0.14870067556758013,,0.48006670878505325
RUSSIA,1879,0.15012254901960784,0.4628659497845399,,0.9693184466798666,0.9999810578353296,,0.14870067556758013,,0.14870067556758013,,0.48006671519675304
RUSSIA,1879,0.15012254901960784,0.4628659497845399,,0.9637728692597776,0.9999810193651311,,0.14870067556758013,,0.14870067556758013,,0.4791424458817051
RUSSIA,1879,0.15012254901960784,0.4628659497845399,,0.9637728692597776,0.9999810578353296,,0.14870067556758013,,0.14870067556758013,,0.4791424522934049
RUSSIA,1879,0.15018922462602063,0.4658969506085204,,0.971471340835128,0.9999810963055282,,0.14504685331089967,,0.14504685331089967,,0.48003391744242624
RUSSIA,1879,0.15025590023243338,0.46892795143250093,,0.9736242349903893,0.9999812101937998,,0.14139303105421924,,0.14139303105421924,,0.4800011322577782
RUSSIA,1880,0.15032257583884617,0.4719589522564814,,0.9699436049624991,0.9999812486639985,,0.13773920879753881,,0.13773920879753881,,0.4789960804729262
RUSSIA,1880,0.15038925144525897,0.4749899530804619,,0.9718085523546979,0.9999813625522702,,0.1340853865408584,,0.1340853865408584,,0.47891530416110106
RUSSIA,1880,0.15045592705167174,0.4780209539044424,,0.9795070239300483,0.9999814010224689,,0.13043156428417796,,0.13043156428417796,,0.4798067693101224
RUSSIA,1880,0.15045592705167174,0.4780209539044424,,0.9795070239300483,0.9999814379703432,,0.13043156428417796,,0.13043156428417796,,0.47980677546810147
RUSSIA,1880,0.15045592705167174,0.4780209539044424,,0.9736734997468967,0.9999814010224689,,0.13043156428417796,,0.13043156428417796,,0.47883451527959714
RUSSIA,1880,0.15045592705167174,0.4780209539044424,,0.9736734997468967,0.9999814379703432,,0.13043156428417796,,0.13043156428417796,,0.4788345214375762
RUSSIA,1880,0.15061277551913532,0.4760567564596423,,0.9708546603921058,0.9999814749182176,,0.14478745182745703,,0.14478745182745703,,0.48166553879830903
RUSSIA,1880,0.15076962398659893,0.47409255901484226,,0.9622022968541633,0.9999814733958934,,0.15914333937073613,,0.15914333937073613,,0.4835242957168169
RUSSIA,1881,0.15092647245406252,0.4721283615700422,,0.9639674823948929,0.9999815103437676,,0.17349922691401518,,0.17349922691401518,,0.48711931722680324
RUSSIA,1881,0.15108332092152613,0.47016416412524215,,0.9715661921187742,0.9999815088214433,,0.18785511445729428,,0.18785511445729428,,0.491686586355615
RUSSIA,1881,0.1512401693889897,0.46819996668044206,,0.9687473527639833,0.9999815457693177,,0.20221100200057335,,0.20221100200057335,,0.494517603716348
RUSSIA,1881,0.1512401693889897,0.46819996668044206,,0.9687473527639833,0.9999814703512447,,0.20221100200057335,,0.20221100200057335,,0.49451759114666916
RUSSIA,1881,0.1512401693889897,0.46819996668044206,,0.9791649018426554,0.9999815457693177,,0.20221100200057335,,0.20221100200057335,,0.49625386189612664
RUSSIA,1881,0.1512401693889897,0.46819996668044206,,0.9791649018426554,0.9999814703512447,,0.20221100200057335,,0.20221100200057335,,0.4962538493264479
RUSSIA,1881,0.15139550697416587,0.4675165269388509,,0.9784171862585233,0.9999813949331717,,0.19315110010249886,,0.19315110010249886,,0.49378916979092385
RUSSIA,1881,0.15155084455934204,0.46683308719725974,,0.9880870197530633,0.9999812040081624,,0.18409119820442438,,0.18409119820442438,,0.49306072918402255
RUSSIA,1882,0.1517061821445182,0.4661496474556686,,0.9970770217543652,0.9999811285900894,,0.1750312963063499,,0.1750312963063499,,0.49221900257940426
RUSSIA,1882,0.15186151972969436,0.4654662077140774,,0.9956494746769952,0.9999809376650802,,0.16597139440827538,,0.16597139440827538,,0.48964099854385135
RUSSIA,1882,0.15201685731487055,0.46478276797248624,,0.9949017590928628,0.9999808622470072,,0.1569114925102009,,0.1569114925102009,,0.48717631900832725
RUSSIA,1882,0.15201685731487055,0.46478276797248624,,0.9949017590928628,0.9999808221581439,,0.1569114925102009,,0.1569114925102009,,0.4871763123268501
RUSSIA,1882,0.15201685731487055,0.46478276797248624,,0.9942219275996249,0.9999808622470072,,0.1569114925102009,,0.1569114925102009,,0.48706301375945427
RUSSIA,1882,0.15201685731487055,0.46478276797248624,,0.9942219275996249,0.9999808221581439,,0.1569114925102009,,0.1569114925102009,,0.4870630070779771
RUSSIA,1882,0.15217070574404742,0.4596523447327887,,0.9956494746769952,0.9999807820692806,,0.1530659234840403,,0.1530659234840403,,0.4855229242201994
RUSSIA,1882,0.1523245541732243,0.4545219214930912,,0.9963971902611274,0.9999807509982539,,0.1492203544578797,,0.1492203544578797,,0.4838695376165214
RUSSIA,1883,0.1524784026024012,0.4493914982533937,,0.9933960342827708,0.9999807109093906,,0.14537478543171914,,0.14537478543171914,,0.48159133758278927
RUSSIA,1883,0.15263225103157807,0.44426107501369627,,0.9910747097976522,0.9999806798383638,,0.14152921640555854,,0.14152921640555854,,0.4794264443009029
RUSSIA,1883,0.15278609946075494,0.4391306517739987,,0.9925022568750222,0.9999806397495006,,0.13768364737939795,,0.13768364737939795,,0.4778863614431252
RUSSIA,1883,0.15278609946075494,0.4391306517739987,,0.9925022568750222,0.9999806888562001,,0.13768364737939795,,0.13768364737939795,,0.4778863696275751
RUSSIA,1883,0.15278609946075494,0.4391306517739987,,0.9887533853125335,0.9999806397495006,,0.13768364737939795,,0.13768364737939795,,0.47726154951604377
RUSSIA,1883,0.15278609946075494,0.4391306517739987,,0.9887533853125335,0.9999806888562001,,0.13768364737939795,,0.13768364737939795,,0.47726155770049367
RUSSIA,1883,0.1529384800456463,0.4395131519454759,,0.9925022568750222,0.9999807379628995,,0.1346147026736887,,0.1346147026736887,,0.4772209868104001
RUSSIA,1883,0.15309086063053762,0.4398956521169531,,0.9925022568750222,0.9999808331798201,,0.13154575796797943,,0.13154575796797943,,0.4765556116782619
RUSSIA,1884,0.15324324121542898,0.44027815228843037,,0.9784987290851628,0.9999808822865196,,0.12847681326227015,,0.12847681326227015,,0.473556307562777
RUSSIA,1884,0.15339562180032035,0.44066065245990754,,0.9682440728577923,0.9999809775034402,,0.12540786855656086,,0.12540786855656086,,0.47118182305941037
RUSSIA,1884,0.15354800238521168,0.4410431526313848,,0.9719929444202812,0.9999810266101397,,0.1223389238508516,,0.1223389238508516,,0.4711412521693168
RUSSIA,1884,0.15354800238521168,0.4410431526313848,,0.9719929444202812,0.9999810236136613,,0.1223389238508516,,0.1223389238508516,,0.4711412516699037
RUSSIA,1884,0.15354800238521168,0.4410431526313848,,0.9579894166304216,0.9999810266101397,,0.1223389238508516,,0.1223389238508516,,0.4688073308710069
RUSSIA,1884,0.15354800238521168,0.4410431526313848,,0.9579894166304216,0.9999810236136613,,0.1223389238508516,,0.1223389238508516,,0.46880733037159383
RUSSIA,1884,0.15369893603279844,0.43999885982951314,0.10338778490101622,0.9719929444202812,0.9999810206171826,0.6506952588110391,0.12313357118455734,,0.12313357118455734,0.10338778490101622,0.4274115908065382
RUSSIA,1884,0.15384986968038517,0.43895456702764146,0.10338778490101622,0.9719929444202812,0.9999809332516205,0.643462970828395,0.12392821851826308,,0.12392821851826308,0.10338778490101622,0.4266047323738159
RUSSIA,1885,0.15400080332797192,0.43791027422576984,0.10338778490101622,0.9621099291343285,0.9999809302551421,0.6458737334892763,0.12472286585196882,,0.12472286585196882,0.10338778490101622,0.4257696527324651
RUSSIA,1885,0.15415173697555867,0.4368659814238981,0.10338778490101622,0.9662304416382351,0.9999808428895799,0.643462970828395,0.12551751318567456,,0.12551751318567456,0.10338778490101622,0.4260147987498215
RUSSIA,1885,0.1543026706231454,0.43582168862202647,0.10354568994352535,0.9802339694280946,0.9999808398931014,0.6449094284249238,0.1263121605193803,,0.1263121605193803,0.10354568994352535,0.4279043185879086
RUSSIA,1885,0.1543026706231454,0.43582168862202647,0.1037035949860345,0.9802339694280946,0.9999807585204963,0.6420165132318661,0.1263121605193803,,0.1263121605193803,0.1037035949860345,0.4275918316465087
RUSSIA,1885,0.1543026706231454,0.43582168862202647,0.10386150002854364,0.970350954142142,0.9999808398931014,0.6449094284249238,0.1263121605193803,,0.1263121605193803,0.10386150002854364,0.4267973420986822
RUSSIA,1885,0.1543026706231454,0.43582168862202647,0.10401940507105278,0.970350954142142,0.9999807585204961,0.6420165132318661,0.1263121605193803,,0.1263121605193803,0.10401940507105278,0.4264848551572823
RUSSIA,1885,0.15445217784523813,0.44297531198015083,0.10334849286795762,0.9723950756136108,0.9999806771478909,0.6638878812677278,0.1250867331873256,,0.1250867331873256,0.10334849286795762,0.429831770807078
RUSSIA,1885,0.15460168506733082,0.450128935338275,0.10251967562235331,0.964556181799127,0.9999803365652793,0.6854701983127439,0.12386130585527089,,0.12386130585527089,0.10251967562235331,0.43195407668621866
RUSSIA,1886,0.15475119228942352,0.45728255869639944,0.101690858376749,0.9575437606675518,0.9999802551926742,0.7073415663486056,0.12263587852321618,,0.12263587852321618,0.101690858376749,0.4342076511399194
RUSSIA,1886,0.15490069951151625,0.4644361820545237,0.10086204113114469,0.960414354821929,0.9999799146100626,0.7289238833936217,0.12141045119116148,,0.12141045119116148,0.10086204113114469,0.4375898967801025
RUSSIA,1886,0.15505020673360898,0.47158980541264806,0.10231060309889432,0.962458476293398,0.9999798332374572,0.7507952514294833,0.12018502385910676,,0.12018502385910676,0.10231060309889432,0.4413108372835768
RUSSIA,1886,0.15505020673360898,0.47158980541264806,0.10458798231224824,0.962458476293398,0.9999796554000563,0.7533991156316955,0.12018502385910676,,0.12018502385910676,0.10458798231224824,0.44201904377591117
RUSSIA,1886,0.15505020673360898,0.47158980541264806,0.10686536152560218,0.9632849489763065,0.9999798332374572,0.7507952514294833,0.12018502385910676,,0.12018502385910676,0.10686536152560218,0.4422118502627498
RUSSIA,1886,0.15505020673360898,0.47158980541264806,0.1091427407389561,0.9632849489763065,0.9999796554000563,0.7533991156316955,0.12018502385910676,,0.12018502385910676,0.1091427407389561,0.44292005675508417
RUSSIA,1886,0.15519830765614057,0.47217029971317165,0.1119994023098364,0.9535807655178375,0.9999794775626552,0.7492152073415612,0.12468850200109846,,0.12468850200109846,0.1119994023098364,0.44267941977480463
RUSSIA,1886,0.15534640857867213,0.47275079401369524,0.11257868466736279,0.9447030547422772,0.999979259770042,0.7494482523883456,0.12919198014309016,,0.12919198014309016,0.11257868466736279,0.44265376129388806
RUSSIA,1887,0.15549450950120375,0.47333128831421883,0.11315796702488916,0.952541948556761,0.9999790819326411,0.7452643440982113,0.13369545828508186,,0.13369545828508186,0.11315796702488916,0.44407512530807003
RUSSIA,1887,0.1556426104237353,0.4739117826147424,0.11373724938241554,0.9595543696883363,0.9999788641400279,0.7454973891449956,0.13819893642707357,,0.13819893642707357,0.11373724938241554,0.44591889411034585
RUSSIA,1887,0.1557907113462669,0.4744922769152661,0.11420268298922723,0.9498501862298674,0.9999786863026268,0.7413134808548614,0.14270241456906527,,0.14270241456906527,0.11420268298922723,0.4452562757246425
RUSSIA,1887,0.1557907113462669,0.4744922769152661,0.1140888342385125,0.9498501862298674,0.9999788241848158,0.7431265699895678,0.14270241456906527,,0.14270241456906527,0.1140888342385125,0.44544950559415114
RUSSIA,1887,0.1557907113462669,0.4744922769152661,0.1139749854877978,0.9665667908199115,0.9999786863026268,0.7413134808548614,0.14270241456906527,,0.14270241456906527,0.1139749854877978,0.44718275317616013
RUSSIA,1887,0.1557907113462669,0.4744922769152661,0.11386113673708312,0.9665667908199115,0.9999788241848158,0.7431265699895678,0.14270241456906527,,0.14270241456906527,0.11386113673708312,0.44737598304566883
RUSSIA,1887,0.15593742571832422,0.4752353197453846,0.11236770050367355,0.9529327307430627,0.999978962067005,0.7450802943904644,0.14129658246782256,,0.14129658246782256,0.11236770050367355,0.44560351411537036
RUSSIA,1887,0.15608414009038157,0.4759783625755031,0.1109881130209787,0.9560152752562582,0.9999794341107936,0.7472868096228449,0.13989075036657989,,0.13989075036657989,0.1109881130209787,0.44584757491556604
RUSSIA,1888,0.15623085446243887,0.47672140540562147,0.10960852553828385,0.9727318798463024,0.9999795719929827,0.7492405340237414,0.1384849182653372,,0.1384849182653372,0.10960852553828385,0.4476658633726751
RUSSIA,1888,0.15637756883449622,0.4774644482357401,0.10822893805558897,0.9727318798463024,0.9999800440367712,0.7514470492561218,0.1370790861640945,,0.1370790861640945,0.10822893805558897,0.44754727187720067
RUSSIA,1888,0.15652428320655354,0.47820749106585847,0.10479569407795668,0.9590978197694534,0.9999801819189603,0.7534007736570183,0.1356732540628518,,0.1356732540628518,0.10479569407795668,0.44543248393321583
RUSSIA,1888,0.15652428320655354,0.47820749106585847,0.10274203758301925,0.9590978197694534,0.9999803781983708,0.7518404753537957,0.1356732540628518,,0.1356732540628518,0.10274203758301925,0.4448865325489548
RUSSIA,1888,0.15652428320655354,0.47820749106585847,0.10068838108808183,0.9727318798463024,0.9999801819189603,0.7534007736570183,0.1356732540628518,,0.1356732540628518,0.10068838108808183,0.4463116710616908
RUSSIA,1888,0.15652428320655354,0.47820749106585847,0.09863472459314442,0.9727318798463024,0.9999803781983706,0.7518404753537957,0.1356732540628518,,0.1356732540628518,0.09863472459314442,0.4457657196774297
RUSSIA,1888,0.15666963040915666,0.48146141306866397,0.09402303070726799,0.9701368246771416,0.9999805744777813,0.7488381223272802,0.1353550941705312,,0.1353550941705312,0.09402303070726799,0.4446457138213296
RUSSIA,1888,0.15681497761175972,0.4847153350714695,0.09146499331632899,0.9811758295848299,0.9999811354395277,0.745277835367539,0.13503693427821065,,0.13503693427821065,0.09146499331632899,0.4454265286203313
RUSSIA,1889,0.1569603248143628,0.48796925707427496,0.08890695592538998,0.9948098896616788,0.9999813317189383,0.7422754823410235,0.13471877438589008,,0.13471877438589008,0.08890695592538998,0.4465782404099271
RUSSIA,1889,0.15710567201696593,0.49122317907708046,0.08634891853445098,0.9948098896616788,0.9999818926806849,0.7387151953812824,0.1344006144935695,,0.1344006144935695,0.08634891853445098,0.4460603487492008
RUSSIA,1889,0.15725101921956902,0.49447710107988596,0.08514708785367413,0.9922148344925181,0.9999820889600952,0.7357128423547667,0.13408245460124893,,0.13408245460124893,0.08514708785367413,0.4455420834587065
RUSSIA,1889,0.15725101921956902,0.49447710107988596,0.08650329456383629,0.992214834492518,0.999982257363021,0.736715206724764,0.13408245460124893,,0.13408245460124893,0.08650329456383629,0.44589935908672607
RUSSIA,1889,0.15725101921956902,0.49447710107988596,0.08785950127399847,0.9948098896616788,0.9999820889600952,0.7357128423547669,0.13408245460124893,,0.13408245460124893,0.08785950127399847,0.44632604525866504
RUSSIA,1889,0.15725101921956902,0.49447710107988596,0.0892157079841606,0.9948098896616788,0.999982257363021,0.736715206724764,0.13408245460124893,,0.13408245460124893,0.0892157079841606,0.4466833208866845
RUSSIA,1889,0.15739501827420593,0.5014394169026375,0.09019992108589249,0.9948098896616788,0.9999824257659468,0.7370258962756768,0.14504262664208048,,0.14504262664208048,0.09019992108589249,0.4496722326599069
RUSSIA,1889,0.15753901732884287,0.5084017327253891,0.08982792747746221,0.9974049448308394,0.9999826187543821,0.7362819056987332,0.156002798682912,,0.156002798682912,0.08982792747746221,0.4526030373227259
RUSSIA,1890,0.15768301638347978,0.5153640485481407,0.08945593386903192,0.9890507867529615,0.9999827871573078,0.7365925952496463,0.16696297072374355,,0.16696297072374355,0.08945593386903192,0.45436977637322823
RUSSIA,1890,0.1578270154381167,0.5223263643708922,0.08908394026060164,0.9781015735059231,0.999982980145743,0.7358486046727026,0.17792314276457508,,0.17792314276457508,0.08908394026060164,0.4557071376929649
RUSSIA,1890,0.15797101449275364,0.5292886801936437,0.08766275865347711,0.9781015735059231,0.9999831485486685,0.7361592942236156,0.18888331480540663,,0.18888331480540663,0.08766275865347711,0.45827156804697733
RUSSIA,1890,0.15797101449275364,0.5292886801936437,0.08661357065478287,0.9781015735059231,0.9999830047312525,0.7341022497257619,0.18888331480540663,,0.18888331480540663,0.08661357065478287,0.4578443950689408
RUSSIA,1890,0.15797101449275364,0.5292886801936437,0.08556438265608862,0.9671523602588847,0.9999831485486685,0.7361592942236156,0.18888331480540663,,0.18888331480540663,0.08556438265608862,0.4566131236654337
RUSSIA,1890,0.15797101449275364,0.5292886801936437,0.08451519465739438,0.9671523602588845,0.9999830047312525,0.734102249725762,0.18888331480540663,,0.18888331480540663,0.08451519465739438,0.45618595068739715
RUSSIA,1890,0.15808623794185353,0.5362701071297691,0.0822401966300503,0.9773309223152994,0.9999828609138364,0.7293214156715578,0.17968162853846048,,0.17968162853846048,0.0822401966300503,0.4556373412583541
RUSSIA,1890,0.15820146139095342,0.5432515340658945,0.08101438660140046,0.9765602711246757,0.9999824677205436,0.7243389626809601,0.17047994227151433,,0.17047994227151433,0.08101438660140046,0.4539619907044561
RUSSIA,1891,0.15831668484005332,0.5502329610020199,0.07978857657275064,0.9583143637303578,0.9999823239031274,0.7195581286267559,0.16127825600456822,,0.16127825600456822,0.07978857657275064,0.45025447686921416
RUSSIA,1891,0.1584319082891532,0.5572143879381454,0.0785627665441008,0.9510176695830787,0.9999819307098345,0.7145756756361583,0.15207656973762207,,0.15207656973762207,0.0785627665441008,0.44781135655570964
RUSSIA,1891,0.1585471317382531,0.5641958148742707,0.0785464723533866,0.9611962316394935,0.9999817868924185,0.7097948415819542,0.14287488347067592,,0.14287488347067592,0.0785464723533866,0.447661341921366
RUSSIA,1891,0.1585471317382531,0.5641958148742707,0.07975598819132226,0.9611962316394935,0.9999816813339578,0.7116502671434144,0.14287488347067592,,0.14287488347067592,0.07975598819132226,0.4480930588342958
RUSSIA,1891,0.1585471317382531,0.5641958148742707,0.0809655040292579,0.9437209754357994,0.9999817868924185,0.7097948415819542,0.14287488347067592,,0.14287488347067592,0.0809655040292579,0.4460323173696145
RUSSIA,1891,0.1585471317382531,0.5641958148742707,0.08217501986719353,0.9437209754357994,0.9999816813339578,0.7116502671434144,0.14287488347067592,,0.14287488347067592,0.08217501986719353,0.4464640342825444
RUSSIA,1891,0.15866109988601534,0.5646110201783916,0.08373428116029774,0.9411735841547912,0.9999815757754972,0.7118399274144463,0.14294672852591553,,0.14294672852591553,0.08373428116029774,0.44654344375076116
RUSSIA,1891,0.15877506803377756,0.5650262254825125,0.08408402661546631,0.9211509366700892,0.9999814288647982,0.7144723193779947,0.1430185735811551,,0.1430185735811551,0.08408402661546631,0.44464087208717573
RUSSIA,1892,0.15888903618153977,0.5654414307866334,0.08443377207063488,0.9219215878607127,0.9999813233063378,0.7146619796490267,0.14309041863639468,,0.14309041863639468,0.08443377207063488,0.4448971955218312
RUSSIA,1892,0.159003004329302,0.5658566360907542,0.08478351752580345,0.9401674952550305,0.9999811763956389,0.717294371612575,0.14316226369163426,,0.14316226369163426,0.08478351752580345,0.4474968067851893
RUSSIA,1892,0.15911697247706424,0.5662718413948752,0.08726941105017899,0.9376201039740224,0.9999810708371782,0.717484031883607,0.14323410874687387,,0.14323410874687387,0.08726941105017899,0.44773973958833635
RUSSIA,1892,0.15911697247706424,0.5662718413948752,0.08940555911938597,0.9376201039740224,0.9999811350434005,0.7180713380146632,0.14323410874687387,,0.14323410874687387,0.08940555911938597,0.44818580928728796
RUSSIA,1892,0.15911697247706424,0.5662718413948752,0.09154170718859295,0.9584134026493482,0.9999810708371782,0.717484031883607,0.14323410874687387,,0.14323410874687387,0.09154170718859295,0.45093994463338893
RUSSIA,1892,0.15911697247706424,0.5662718413948752,0.09367785525779992,0.9584134026493482,0.9999811350434005,0.7180713380146632,0.14323410874687387,,0.14323410874687387,0.09367785525779992,0.4513860143323405
RUSSIA,1892,0.15922970572616238,0.570626141397501,0.09928160124373835,0.9400079711028144,0.9999811992496228,0.7165633788844233,0.14305914634611266,,0.14305914634611266,0.09928160124373835,0.450533455365692
RUSSIA,1892,0.15934243897526051,0.5749804414001269,0.10274919916046979,0.9423958382316066,0.9999813743880122,0.7140509473809413,0.14288418394535146,,0.14288418394535146,0.10274919916046979,0.45163203935556595
RUSSIA,1893,0.15945517222435862,0.579334741402753,0.10621679707720125,0.9631891369069325,0.9999814385942345,0.7125429882507015,0.1427092215445902,,0.1427092215445902,0.10621679707720125,0.45501412840280553
RUSSIA,1893,0.15956790547345676,0.5836890414053787,0.1096843949939327,0.9631891369069325,0.9999816137326238,0.7100305567472195,0.142534259143829,,0.142534259143829,0.1096843949939327,0.45583178684811565
RUSSIA,1893,0.1596806387225549,0.5880433414080046,0.1132967646586075,0.9447837053603987,0.9999816779388462,0.7085225976169797,0.14235929674306777,,0.14235929674306777,0.1132967646586075,0.4546278085306559
RUSSIA,1893,0.1596806387225549,0.5880433414080046,0.11344153640655086,0.9447837053603987,0.999981724664791,0.7069308191126813,0.14235929674306777,,0.14235929674306777,0.11344153640655086,0.45446609392401605
RUSSIA,1893,0.1596806387225549,0.5880433414080046,0.11358630815449419,0.9631891369069325,0.9999816779388462,0.7085225976169797,0.14235929674306777,,0.14235929674306777,0.11358630815449419,0.4568442493295222
RUSSIA,1893,0.1596806387225549,0.5880433414080046,0.11373107990243755,0.9631891369069325,0.9999817246647907,0.7069308191126814,0.14235929674306777,,0.14235929674306777,0.11373107990243755,0.4566825347228824
RUSSIA,1893,0.15979215703589983,0.5876526202173598,0.11518045562746704,0.9613225391165088,0.9999817713907355,0.7097275791586309,0.14407769840027718,,0.14407769840027718,0.11518045562746704,0.4573247031151414
RUSSIA,1893,0.1599036753492448,0.5872618990267148,0.11648505960455316,0.9778613728726189,0.9999818781375781,0.7081487844334339,0.14579610005748656,,0.14579610005748656,0.11648505960455316,0.4595919043514439
RUSSIA,1894,0.16001519366258973,0.58687117783607,0.1177896635816393,0.9941376595181814,0.9999819248635229,0.7109455444793834,0.14751450171469596,,0.14751450171469596,0.1177896635816393,0.4623429817806525
RUSSIA,1894,0.1601267119759347,0.586480456645425,0.1190942675587254,0.9920085146172102,0.9999820316103654,0.7093667497541865,0.14923290337190537,,0.14923290337190537,0.1190942675587254,0.4624139502337689
RUSSIA,1894,0.16023823028927964,0.5860897354547802,0.12027277440378292,0.9901419168267864,0.9999820783363098,0.712163509800136,0.15095130502911477,,0.15095130502911477,0.12027277440378292,0.46300831823544464
RUSSIA,1894,0.16023823028927964,0.5860897354547802,0.12014667727175429,0.9901419168267864,0.9999820916312631,0.7093797335332876,0.15095130502911477,,0.15095130502911477,0.12014667727175429,0.46265856427427543
RUSSIA,1894,0.16023823028927964,0.5860897354547802,0.12002058013972569,0.9898793697162389,0.99998207833631,0.712163509800136,0.15095130502911477,,0.15095130502911477,0.12002058013972569,0.46293292546995835
RUSSIA,1894,0.16023823028927964,0.5860897354547802,0.11989448300769708,0.9898793697162389,0.9999820916312631,0.7093797335332878,0.15095130502911477,,0.15095130502911477,0.11989448300769708,0.4625831715087892
RUSSIA,1894,0.16034855320180452,0.5935374619175869,0.11719564612685537,0.9872594807377808,0.9999821049262163,0.6995149981180943,0.15171785208725758,,0.15171785208725758,0.11719564612685537,0.4616690732733595
RUSSIA,1894,0.16045887611432944,0.6009851883803936,0.11462290637804229,0.9843770446487753,0.9999821101483585,0.6896507684441453,0.1524843991454004,,0.1524843991454004,0.11462290637804229,0.4607463981268625
RUSSIA,1895,0.16056919902685432,0.6084329148432003,0.11205016662922922,0.9856151967908968,0.9999821234433117,0.6797860330289518,0.1532509462035432,,0.1532509462035432,0.11205016662922922,0.4603084395171531
RUSSIA,1895,0.1606795219393792,0.615880641306007,0.10947742688041615,0.987115896043566,0.9999821286654539,0.6699218033550028,0.154017493261686,,0.154017493261686,0.10947742688041615,0.4599014273520297
RUSSIA,1895,0.1607898448519041,0.6233283677688137,0.10769700812732623,0.984496007065108,0.9999821419604071,0.6600570679398094,0.15478404031982881,,0.15478404031982881,0.10769700812732623,0.4591494029038503
RUSSIA,1895,0.1607898448519041,0.6233283677688137,0.10848932912304939,0.984496007065108,0.999982120592643,0.6628413499479021,0.15478404031982881,,0.15478404031982881,0.10848932912304939,0.4596167843313696
RUSSIA,1895,0.1607898448519041,0.6233283677688137,0.10928165011877253,0.9886165952962351,0.9999821419604071,0.6600570679398094,0.15478404031982881,,0.15478404031982881,0.10928165011877253,0.45991382069423814
RUSSIA,1895,0.1607898448519041,0.6233283677688137,0.11007397111449568,0.9886165952962351,0.999982120592643,0.6628413499479021,0.15478404031982881,,0.15478404031982881,0.11007397111449568,0.4603812021217574
RUSSIA,1895,0.1608989914819722,0.6238950531719218,0.11206076838176662,0.9863472037827409,0.9999820992248789,0.6601248685525339,0.1493009828958543,,0.1493009828958543,0.11206076838176662,0.45926356927899603
RUSSIA,1895,0.16100813811204034,0.6244617385750298,0.11325524465331442,0.9881984005003737,0.9999820564893506,0.6646452575899012,0.14381792547187983,,0.14381792547187983,0.11325524465331442,0.4593422841777068
RUSSIA,1896,0.16111728474210846,0.625028423978138,0.1144497209248622,0.9907698138300869,0.9999820351215865,0.6619287761945332,0.13833486804790535,,0.13833486804790535,0.1144497209248622,0.45865433643490106
RUSSIA,1896,0.16122643137217654,0.6255951093812461,0.11564419719640999,0.9892206389286731,0.9999819923860583,0.6664491652319003,0.13285181062393087,,0.13285181062393087,0.11564419719640999,0.4583330076137241
RUSSIA,1896,0.16133557800224466,0.6261617947843541,0.11593447408688853,0.986951247415179,0.9999819710182942,0.6637326838365322,0.12736875319995636,,0.12736875319995636,0.11593447408688853,0.456915988822117
RUSSIA,1896,0.16133557800224466,0.6261617947843541,0.11503027470581925,0.986951247415179,0.9999819710182942,0.6681852722611749,0.12736875319995636,,0.12736875319995636,0.11503027470581925,0.4572802581577686
RUSSIA,1896,0.16133557800224466,0.6261617947843541,0.11412607532475001,0.9876714640272594,0.9999819710182942,0.6637326838365322,0.12736875319995636,,0.12736875319995636,0.11412607532475001,0.45668159099492556
RUSSIA,1896,0.16133557800224466,0.6261617947843541,0.11322187594368076,0.9876714640272594,0.9999819710182942,0.6681852722611749,0.12736875319995636,,0.12736875319995636,0.11322187594368076,0.45704586033057715
RUSSIA,1896,0.16144356706269442,0.6279690397559013,0.11053004394062715,0.9847607235057165,0.9999819710182942,0.672843591295526,0.13328739838314524,,0.13328739838314524,0.11053004394062715,0.4580525693711929
RUSSIA,1896,0.16155155612314415,0.6297762847274486,0.10874241131864278,0.9825701995962539,0.9999819710182942,0.6861835645514948,0.13920604356633412,,0.13920604356633412,0.10874241131864278,0.46032494545949104
RUSSIA,1897,0.1616595451835939,0.631583529698996,0.10695477869665844,0.9854680367580503,0.9999819710182942,0.6908418835858459,0.145124688749523,,0.145124688749523,0.10695477869665844,0.4621745811771588
RUSSIA,1897,0.16176753424404366,0.6333907746705433,0.10516714607467406,0.9876456573077663,0.9999819710182942,0.7041818568418146,0.15104333393271188,,0.15104333393271188,0.10516714607467406,0.46496085661359565
RUSSIA,1897,0.16187552330449342,0.6351980196420906,0.10513917235309633,0.9847349167862234,0.9999819710182942,0.7088401758761658,0.15696197911590076,,0.15696197911590076,0.10513917235309633,0.46643765829211886
RUSSIA,1897,0.16187552330449342,0.6351980196420906,0.10689883125350294,0.9847349167862234,0.9999819710182942,0.7130692416731409,0.15696197911590076,,0.15696197911590076,0.10689883125350294,0.4672457234859524
RUSSIA,1897,0.16187552330449342,0.6351980196420906,0.10865849015390958,0.9898232778574823,0.9999819710182942,0.7088401758761658,0.15696197911590076,,0.15696197911590076,0.10865849015390958,0.4676573450888811
RUSSIA,1897,0.16187552330449342,0.6351980196420906,0.11041814905431621,0.9898232778574823,0.9999819710182942,0.7130692416731409,0.15696197911590076,,0.15696197911590076,0.11041814905431621,0.4684654102827146
RUSSIA,1897,0.16198237311333377,0.6124198286757307,0.11155057060409698,0.9872207562679431,0.9999819710182942,0.7105248528966859,0.1567423452509189,,0.1567423452509189,0.11155057060409698,0.46536004027190336
RUSSIA,1897,0.16208922292217412,0.589641637709371,0.1109233332534711,0.9897065957496629,0.9999819710182942,0.7142910462939946,0.15652271138593707,,0.15652271138593707,0.1109233332534711,0.46328519436631727
RUSSIA,1898,0.16219607273101444,0.5668634467430113,0.11029609590284524,0.9875819124984766,0.9999819710182942,0.7117466575175397,0.1563030775209552,,0.1563030775209552,0.11029609590284524,0.45992551258935827
RUSSIA,1898,0.1623029225398548,0.5440852557766515,0.10966885855221938,0.9803688681760315,0.9999819710182942,0.7155128509148484,0.15608344365597338,,0.15608344365597338,0.10966885855221938,0.4567096215303409
RUSSIA,1898,0.16240977234869514,0.5213070648102917,0.10939879463989796,0.9777663465864924,0.9999819710182943,0.7129684621383936,0.15586380979099151,,0.15586380979099151,0.10939879463989796,0.4533567540850411
RUSSIA,1898,0.16240977234869514,0.5213070648102917,0.10975596807820245,0.9777663465864922,0.9999819710182943,0.7150499785151819,0.15586380979099151,,0.15586380979099151,0.10975596807820245,0.4536646689714229
RUSSIA,1898,0.16240977234869514,0.5213070648102917,0.1101131415165069,0.9731558238535865,0.9999819710182943,0.7129684621383935,0.15586380979099151,,0.15586380979099151,0.1101131415165069,0.4529404008593949
RUSSIA,1898,0.16240977234869514,0.5213070648102917,0.11047031495481138,0.9731558238535865,0.9999819710182943,0.7150499785151819,0.15586380979099151,,0.15586380979099151,0.11047031495481138,0.4532483157457767
RUSSIA,1898,0.16251550083946426,0.532916360872304,0.10974823128496503,0.9737141135963515,0.9999819710182943,0.7152943042012747,0.1586108171013433,,0.1586108171013433,0.10974823128496503,0.45508453806198634
RUSSIA,1898,0.16262122933023337,0.5445256569343164,0.10866897417681418,0.9696618806062108,0.9999819710182943,0.7171421796645068,0.16135782441169508,,0.16135782441169508,0.10866897417681418,0.4565039682472286
RUSSIA,1899,0.1627269578210025,0.5561349529963288,0.10758971706866335,0.9704119810708184,0.9999819710182943,0.7173865053505997,0.16410483172204687,,0.16410483172204687,0.10758971706866335,0.4582997259239542
RUSSIA,1899,0.1628326863117716,0.5677442490583411,0.10651045996051252,0.9757726042683317,0.9999819710182943,0.7192343808138316,0.16685183903239864,,0.16685183903239864,0.10651045996051252,0.4608265509548028
RUSSIA,1899,0.16293841480254073,0.5793535451203535,0.10564276322629484,0.9763308940110969,0.9999819710182943,0.7194787064999245,0.1695988463427504,,0.1695988463427504,0.10564276322629484,0.46263707684788813
RUSSIA,1899,0.16293841480254073,0.5793535451203535,0.10585432360022799,0.9763308940110971,0.9999819710182943,0.7190007399002751,0.1695988463427504,,0.1695988463427504,0.10585432360022799,0.46261817966685875
RUSSIA,1899,0.16293841480254073,0.5793535451203535,0.10606588397416114,0.9811332274658453,0.9999819710182943,0.7194787064999245,0.1695988463427504,,0.1695988463427504,0.10606588397416114,0.46327672562159966
RUSSIA,1899,0.16293841480254073,0.5793535451203535,0.1062774443480943,0.9811332274658451,0.9999819710182943,0.7190007399002751,0.1695988463427504,,0.1695988463427504,0.1062774443480943,0.4632578284405702
RUSSIA,1899,0.16304303953434027,0.5796396350484023,0.10618843362371826,0.9799274662977968,0.9999819710182943,0.7259654577524474,0.17410574198466527,,0.17410574198466527,0.10618843362371826,0.464767100333062
RUSSIA,1899,0.16314766426613983,0.5799257249764511,0.10588786252540905,0.9835240385844969,0.9999819710182943,0.7325442477848664,0.17861263762658008,,0.17861263762658008,0.10588786252540905,0.4667586151754474
RUSSIA,1900,0.16325228899793937,0.5802118149044999,0.10558729142709984,0.9875446926076663,0.9999819710182943,0.7395089656370386,0.18311953326849495,,0.18311953326849495,0.10558729142709984,0.4688454252597413
RUSSIA,1900,0.16335691372973887,0.5804979048325487,0.10528672032879065,0.9867630131760873,0.9999819710182943,0.7460877556694576,0.18762642891040976,,0.18762642891040976,0.10528672032879065,0.47032185166468204
RUSSIA,1900,0.16346153846153844,0.5807839947605975,0.10455527304269716,0.985557252008039,0.9999819710182943,0.7530524735216299,0.19213332455232462,,0.19213332455232462,0.10455527304269716,0.4717177523992237
RUSSIA,1900,0.16346153846153844,0.5807839947605975,0.10412439685491286,0.985557252008039,0.9999819710182943,0.7531445123015259,0.19213332455232462,,0.19213332455232462,0.10412439685491286,0.4716525435166613
RUSSIA,1900,0.16346153846153844,0.5807839947605975,0.10369352066712856,0.9859813337445086,0.9999819710182943,0.7530524735216299,0.19213332455232462,,0.19213332455232462,0.10369352066712856,0.4716155704195904
RUSSIA,1900,0.16346153846153844,0.5807839947605975,0.10326264447934426,0.9859813337445086,0.9999819710182943,0.7531445123015259,0.19213332455232462,,0.19213332455232462,0.10326264447934426,0.471550361537028
RUSSIA,1900,0.16361894333424581,0.5727952773142063,0.10140088835953245,0.9820436408843098,0.9999819710182942,0.7497543008807459,0.18669332398285582,,0.18669332398285582,0.10140088835953245,0.4684876380720598
RUSSIA,1900,0.16377634820695317,0.5648065598678152,0.09997000842750495,0.9785300297605808,0.9999819710182942,0.7484597919305107,0.18125332341338699,,0.18125332341338699,0.09997000842750495,0.4657973967822317
RUSSIA,1901,0.16393375307966054,0.5568178424214241,0.09853912849547744,0.9815882120535608,0.9999819710182942,0.7450695805097307,0.17581332284391815,,0.17581332284391815,0.09853912849547744,0.46363375442724647
RUSSIA,1901,0.1640911579523679,0.5488291249750328,0.09710824856344995,0.9842223126100713,0.9999819710182942,0.7437750715594955,0.17037332227444935,,0.17037332227444935,0.09710824856344995,0.46166677333509354
RUSSIA,1901,0.16424856282507527,0.5408404075286417,0.09713800557528626,0.9802846197498727,0.9999819710182942,0.7403848601387156,0.1649333217049805,,0.1649333217049805,0.09713800557528626,0.45893784630512213
RUSSIA,1901,0.16424856282507527,0.5408404075286417,0.0985986425191501,0.9802846197498727,0.9999819710182942,0.7423885238293642,0.1649333217049805,,0.1649333217049805,0.0985986425191501,0.4594313309058803
RUSSIA,1901,0.16424856282507527,0.5408404075286417,0.10005927946301392,0.9868564131665817,0.9999819710182942,0.7403848601387155,0.1649333217049805,,0.1649333217049805,0.10005927946301392,0.46022651739315745
RUSSIA,1901,0.16424856282507527,0.5408404075286417,0.10151991640687771,0.9868564131665817,0.9999819710182942,0.7423885238293642,0.1649333217049805,,0.1649333217049805,0.10151991640687771,0.4607200019939156
RUSSIA,1901,0.1644048513511677,0.5385120915851942,0.10338143260147097,0.9728464605871494,0.999982005621793,0.7452730801624099,0.16419491368248126,,0.16419491368248126,0.10338143260147097,0.45936299228343846
RUSSIA,1901,0.16456113987726012,0.5361837756417467,0.10378231185220041,0.9654083014244262,0.9999820402252919,0.748649686750607,0.163456505659982,,0.163456505659982,0.10378231185220041,0.4585792635442631
RUSSIA,1902,0.16471742840335252,0.5338554596982992,0.10418319110292981,0.9719800948411355,0.9999820748287906,0.7515342430836527,0.16271809763748274,,0.16271809763748274,0.10418319110292981,0.45938587625500305
RUSSIA,1902,0.16487371692944494,0.5315271437548517,0.10458407035365927,0.9719800948411355,0.9999821094322894,0.7549108496718497,0.1619796896149835,,0.1619796896149835,0.10458407035365927,0.4594772250643834
RUSSIA,1902,0.16503000545553737,0.5291988278114041,0.1050140129859178,0.957970142261703,0.9999821440357882,0.7577954060048954,0.16124128159248424,,0.16124128159248424,0.1050140129859178,0.4578675847252589
RUSSIA,1902,0.16503000545553737,0.5291988278114041,0.10504307636744695,0.957970142261703,0.9999821440357882,0.756283792569398,0.16124128159248424,,0.16124128159248424,0.10504307636744695,0.45769487668252906
RUSSIA,1902,0.16503000545553737,0.5291988278114041,0.10507213974897604,0.9719800948411355,0.9999821440357882,0.7577954060048954,0.16124128159248424,,0.16124128159248424,0.10507213974897604,0.45952607210455537
RUSSIA,1902,0.16503000545553737,0.5291988278114041,0.1051012031305052,0.9719800948411355,0.9999821440357882,0.756283792569398,0.16124128159248424,,0.16124128159248424,0.1051012031305052,0.4593533640618255
RUSSIA,1902,0.1651851894690779,0.5303192262935839,0.10458159784500991,0.9717210843675435,0.999982248598287,0.7516395211964233,0.1614242134802874,,0.1614242134802874,0.10458159784500991,0.45887630372322363
RUSSIA,1902,0.16534037348261843,0.5314396247757636,0.10403292917798553,0.9854720264733838,0.9999823531607858,0.7466465479561692,0.1616071453680906,,0.1616071453680906,0.10403292917798553,0.46000132051872294
RUSSIA,1903,0.16549555749615893,0.5325600232579432,0.10348426051096113,0.9972595935601245,0.9999824577232845,0.7420022765831945,0.16179007725589373,,0.16179007725589373,0.10348426051096113,0.4609363757669492
RUSSIA,1903,0.16565074150969947,0.533680421740123,0.10293559184393675,0.9950372080674329,0.9999825622857832,0.7370093033429405,0.16197300914369692,,0.16197300914369692,0.10293559184393675,0.4601821775508565
RUSSIA,1903,0.16580592552324,0.5348008202223026,0.10301026265963949,0.994778197593841,0.9999826668482821,0.7323650319699657,0.16215594103150008,,0.16215594103150008,0.10301026265963949,0.4598099894654072
RUSSIA,1903,0.16580592552324,0.5348008202223026,0.10363360214236664,0.994778197593841,0.9999826668482821,0.7335279435381838,0.16215594103150008,,0.16215594103150008,0.10363360214236664,0.4600568036762671
RUSSIA,1903,0.16580592552324,0.5348008202223026,0.10425694162509376,0.9928148225747412,0.9999826668482821,0.7323650319699657,0.16215594103150008,,0.16215594103150008,0.10425694162509376,0.45979900633941684
RUSSIA,1903,0.16580592552324,0.5348008202223026,0.10488028110782088,0.9928148225747412,0.9999826668482821,0.7335279435381838,0.16215594103150008,,0.16215594103150008,0.10488028110782088,0.46004582055027665
RUSSIA,1903,0.16596001669161475,0.538274595831187,0.10694877906166156,0.9916346034207738,0.9999828012112753,0.733050077718159,0.16329481956378106,,0.16329481956378106,0.10694877906166156,0.460852647194939
RUSSIA,1903,0.16611410785998948,0.5417483714400714,0.10839393753277511,0.9884910092477064,0.9999829355742685,0.7289409688082868,0.16443369809606204,,0.16443369809606204,0.10839393753277511,0.46089128238865573
RUSSIA,1904,0.16626819902836423,0.5452221470489559,0.10983909600388868,0.9874988684463759,0.9999830699372618,0.728463102988262,0.16557257662834302,,0.16557257662834302,0.10983909600388868,0.4616102348131471
RUSSIA,1904,0.166422290196739,0.5486959226578403,0.1112842544750022,0.9884701026641451,0.999983204300255,0.7243539940783899,0.16671145516062402,,0.16671145516062402,0.1112842544750022,0.4621329674646093
RUSSIA,1904,0.16657638136511374,0.5521696982667247,0.11161010760574779,0.9872898835101775,0.9999833386632483,0.723876128258365,0.167850333692905,,0.167850333692905,0.11161010760574779,0.4626322685522548
RUSSIA,1904,0.16657638136511374,0.5521696982667247,0.11049080226537981,0.9872898835101775,0.9999833386632483,0.7190819736002996,0.167850333692905,,0.167850333692905,0.11049080226537981,0.46187072588535866
RUSSIA,1904,0.16657638136511374,0.5521696982667247,0.10937149692501184,0.9894413368819144,0.9999833386632483,0.723876128258365,0.167850333692905,,0.167850333692905,0.10937149692501184,0.46249033176997634
RUSSIA,1904,0.16657638136511374,0.5521696982667247,0.10825219158464386,0.9894413368819144,0.9999833386632483,0.7190819736002996,0.167850333692905,,0.167850333692905,0.10825219158464386,0.46172878910308013
RUSSIA,1904,0.16672939119195604,0.5943243206353475,0.10396944970670638,0.9783486173590049,0.999983494242642,0.7041765247547692,0.1682830628539183,0.5,0.1682830628539183,0.10396944970670638,0.46853058126206354
RUSSIA,1904,0.1668824010187983,0.6364789430039703,0.10080601316913688,0.9694073512078321,0.9999836498220358,0.6808649958471842,0.16871579201493161,0.5,0.16871579201493161,0.10080601316913688,0.46913412491853235
RUSSIA,1905,0.1670354108456406,0.6786335653725931,0.09764257663156736,0.9728099558544914,0.9999838054014296,0.6659595470016539,0.16914852117594492,0.5,0.16914852117594492,0.09764257663156736,0.47181266366098984
RUSSIA,1905,0.16718842067248293,0.7207881877412159,0.09447914009399785,0.9740611071294136,0.9999839609808232,0.6426480180940689,0.16958125033695823,0.5,0.16958125033695823,0.09447914009399785,0.47343544906006807
RUSSIA,1905,0.16734143049932523,0.7629428101098387,0.09074591517306092,0.962968387606504,0.999984116560217,0.6277425692485386,0.17001397949797153,0.5,0.17001397949797153,0.09074591517306092,0.47457898712806357
RUSSIA,1905,0.16734143049932523,0.7629428101098387,0.0901761267896935,0.962968387606504,0.999984116560217,0.6241306438445493,0.17001397949797153,0.5,0.17001397949797153,0.0901761267896935,0.47413232633015956
RUSSIA,1905,0.16734143049932523,0.7629428101098387,0.08960633840632608,0.9753122584043361,0.999984116560217,0.6277425692485386,0.17001397949797153,0.5,0.17001397949797153,0.08960633840632608,0.47564243769283654
RUSSIA,1905,0.16734143049932523,0.7629428101098387,0.08903655002295865,0.9753122584043361,0.999984116560217,0.6241306438445493,0.17001397949797153,0.5,0.17001397949797153,0.08903655002295865,0.47519577689493253
RUSSIA,1905,0.16749337032737843,0.7242296916299985,0.08723993352369944,0.9724786908802056,0.9999840991211277,0.6118618769433647,0.17905188117656828,0.5,0.17905188117656828,0.08723993352369944,0.4709232136116166
RUSSIA,1905,0.1676453101554316,0.6855165731501582,0.08601310540780763,0.9819889941539073,0.9999840816820385,0.5981987860063482,0.18808978285516503,0.5,0.18808978285516503,0.08601310540780763,0.4678310732620059
RUSSIA,1906,0.16779724998348478,0.646803454670318,0.08478627729191583,0.9924194546598681,0.9999840642429492,0.5859300191051636,0.19712768453376178,0.5,0.19712768453376178,0.08478627729191583,0.4649703810392043
RUSSIA,1906,0.167949189811538,0.6080903361904777,0.08355944917602404,0.9905060443679972,0.9999840468038599,0.5722669281681471,0.2061655862123586,0.5,0.2061655862123586,0.08355944917602404,0.4607358693330364
RUSSIA,1906,0.16810112963959117,0.5693772177106375,0.08293035089814191,0.9876724768438667,0.9999840293647706,0.5599981612669624,0.2152034878909553,0.5,0.2152034878909553,0.08293035089814191,0.45663843378292707
RUSSIA,1906,0.16810112963959117,0.5693772177106375,0.08352808073615159,0.9876724768438667,0.9999840293647706,0.5622157626351199,0.2152034878909553,0.5,0.2152034878909553,0.08352808073615159,0.45694985339544425
RUSSIA,1906,0.16810112963959117,0.5693772177106375,0.08412581057416127,0.9885926340761262,0.9999840293647706,0.5599981612669624,0.2152034878909553,0.5,0.2152034878909553,0.08412581057416127,0.45690976845755593
RUSSIA,1906,0.16810112963959117,0.5693772177106375,0.08472354041217095,0.9885926340761262,0.9999840293647706,0.5622157626351199,0.2152034878909553,0.5,0.2152034878909553,0.08472354041217095,0.45722118807007317
RUSSIA,1906,0.16825201065351159,0.5603563292604289,0.0854942260513438,0.9867960268770576,0.9999836958407855,0.5412233825343877,0.205318723384528,0.5,0.205318723384528,0.0854942260513438,0.4526956874646736
RUSSIA,1906,0.168402891667432,0.5513354408102202,0.08566718185250696,0.9859195769102485,0.9999833623168005,0.5276822033711557,0.19543395887810067,0.5,0.19543395887810067,0.08566718185250696,0.44891766320054854
RUSSIA,1907,0.16855377268135244,0.5423145523600115,0.08584013765367016,0.9861558019744254,0.9999830287928153,0.5066898232704236,0.1855491943716734,0.5,0.1855491943716734,0.08584013765367016,0.44450578634577204
RUSSIA,1907,0.16870465369527282,0.5332936639098028,0.08601309345483332,0.9854718698063433,0.9999826952688302,0.49314864410719145,0.17566442986524605,0.5,0.17566442986524605,0.08601309345483332,0.4407470138615197
RUSSIA,1907,0.16885553470919326,0.524272775459594,0.08635283726171623,0.9836752626072748,0.9999823617448452,0.4721562640064594,0.16577966535881875,0.5,0.16577966535881875,0.08635283726171623,0.43615687198127673
RUSSIA,1907,0.16885553470919326,0.524272775459594,0.08651962526743598,0.9836752626072748,0.9999823617448452,0.47738986357580193,0.16577966535881875,0.5,0.16577966535881875,0.08651962526743598,0.43670525013906886
RUSSIA,1907,0.16885553470919326,0.524272775459594,0.08668641327315571,0.9847879376382611,0.9999823617448452,0.4721562640064594,0.16577966535881875,0.5,0.16577966535881875,0.08668641327315571,0.4363181758860913
RUSSIA,1907,0.16885553470919326,0.524272775459594,0.08685320127887544,0.9847879376382611,0.9999823617448452,0.47738986357580193,0.16577966535881875,0.4966216216216216,0.16577966535881875,0.08685320127887544,0.43635979728712665
RUSSIA,1907,0.1688879944428936,0.5383031691839164,0.08934124891940404,0.9696853619332014,0.999982182955444,0.4846370750213335,0.1665057802561612,0.49324324324324326,0.1665057802561612,0.08934124891940404,0.436957518938645
RUSSIA,1907,0.16892045417659393,0.5523335629082388,0.09166250855421292,0.955695461259128,0.999982004166043,0.4993834965014692,0.16723189515350367,0.48986486486486486,0.16723189515350367,0.09166250855421292,0.4383914108958643
RUSSIA,1908,0.16895291391029427,0.566363956632561,0.09398376818902178,0.9590548704744174,0.9999818253766417,0.5066307079470007,0.16795801005084615,0.4864864864864865,0.16795801005084615,0.09398376818902178,0.4408103128385595
RUSSIA,1908,0.16898537364399463,0.5803943503568835,0.09630502782383064,0.9613016046587205,0.9999816465872404,0.5213771294271364,0.1686841249481886,0.4831081081081081,0.1686841249481886,0.09630502782383064,0.4438678682816165
RUSSIA,1908,0.16901783337769496,0.5944247440812058,0.10002910382256838,0.9461990289536608,0.9999814677978393,0.528624340872668,0.16941023984553108,0.4797297297297297,0.16941023984553108,0.10002910382256838,0.4446509941868661
RUSSIA,1908,0.16901783337769496,0.5944247440812058,0.10143192018649723,0.9461990289536608,0.9999814677978393,0.5308899513379296,0.16941023984553108,0.47635135135135137,0.16941023984553108,0.10143192018649723,0.4445812209312249
RUSSIA,1908,0.16901783337769496,0.5944247440812058,0.10283473655042608,0.9635483388430235,0.9999814677978393,0.528624340872668,0.16941023984553108,0.47297297297297297,0.16941023984553108,0.10283473655042608,0.44579325657146746
RUSSIA,1908,0.16901783337769496,0.5944247440812058,0.10423755291435495,0.9635483388430235,0.9999814677978393,0.5308899513379295,0.16941023984553108,0.46959459459459457,0.16941023984553108,0.10423755291435495,0.44572348331582623
RUSSIA,1908,0.16904537546388454,0.581180293292064,0.1055402993512119,0.95420847155396,0.9999816023122439,0.5262081817040569,0.1706214879209162,0.46621621621621623,0.1706214879209162,0.1055402993512119,0.4428713617290669
RUSSIA,1908,0.1690729175500741,0.5679358425029223,0.10544022942414,0.9622179141542592,0.9999817368266486,0.5270930671142853,0.17183273599630136,0.46283783783783783,0.17183273599630136,0.10544022942414,0.4421004141810646
RUSSIA,1909,0.16910045963626366,0.5546913917137806,0.1053401594970681,0.9799178323192722,0.9999818713410532,0.5224112974804125,0.1730439840716865,0.45945945945945943,0.1730439840716865,0.1053401594970681,0.44174184868512356
RUSSIA,1909,0.1691280017224532,0.5414469409246389,0.10524008956999617,0.9802684405949224,0.9999820058554578,0.5232961828906408,0.17425523214707161,0.4560810810810811,0.17425523214707161,0.10524008956999617,0.44020501770465637
RUSSIA,1909,0.16915554380864278,0.528202490135497,0.10525845629041511,0.9709285733058589,0.9999821403698624,0.5186144132567682,0.17546648022245676,0.4527027027027027,0.17546648022245676,0.10525845629041511,0.43716023916043134
RUSSIA,1909,0.16915554380864278,0.528202490135497,0.10537689293790593,0.9709285733058589,0.9999821403698624,0.5219154578356077,0.17546648022245676,0.44932432432432434,0.17546648022245676,0.10537689293790593,0.4370013523586822
RUSSIA,1909,0.16915554380864278,0.528202490135497,0.10549532958539676,0.9806190488705726,0.9999821403698624,0.5186144132567682,0.17546648022245676,0.44594594594594594,0.17546648022245676,0.10549532958539676,0.4371513041976365
RUSSIA,1909,0.16915554380864278,0.528202490135497,0.10561376623288758,0.9806190488705726,0.9999821403698624,0.5219154578356078,0.17546648022245676,0.44256756756756754,0.17546648022245676,0.10561376623288758,0.4369924173958873
RUSSIA,1909,0.16918270276344965,0.527041554154106,0.10562323580121961,0.9724973703005781,0.9999822457370005,0.5249849203051566,0.17604458020144473,0.4391891891891892,0.17604458020144473,0.10562323580121961,0.43595656524297965
RUSSIA,1909,0.16920986171825653,0.5258806181727153,0.10551426872206085,0.9740661672952975,0.9999823511041385,0.5310402498474005,0.17662268018043276,0.4358108108108108,0.17662268018043276,0.10551426872206085,0.43617058185668944
RUSSIA,1910,0.1692370206730634,0.5247196821913244,0.10540530164290204,0.9837566428600113,0.9999824564712766,0.5341097123169496,0.1772007801594207,0.43243243243243246,0.1772007801594207,0.10540530164290204,0.43689817962012906
RUSSIA,1910,0.16926417962787027,0.5235587462099334,0.10529633456374325,0.9837566428600113,0.9999825618384145,0.5401650418591932,0.1777788801384087,0.42905405405405406,0.1777788801384087,0.10529633456374325,0.4369553165343668
RUSSIA,1910,0.16929133858267717,0.5223978102285425,0.10444947439975671,0.9756349642900167,0.9999826672055526,0.5432345043287422,0.17835698011739667,0.42567567567567566,0.17835698011739667,0.10444947439975671,0.43579101492161143
RUSSIA,1910,0.16929133858267717,0.5223978102285425,0.10371158131492893,0.9756349642900167,0.9999826672055526,0.5429193268225976,0.17835698011739667,0.42229729729729726,0.17835698011739667,0.10371158131492893,0.43514205645151605
RUSSIA,1910,0.16929133858267717,0.5223978102285425,0.10297368823010114,0.9837566428600113,0.9999826672055526,0.5432345043287423,0.17835698011739667,0.4189189189189189,0.17835698011739667,0.10297368823010114,0.435368301339649
RUSSIA,1910,0.16929133858267717,0.5223978102285425,0.10223579514527337,0.9837566428600113,0.9999826672055526,0.5429193268225976,0.17835698011739667,0.41554054054054057,0.17835698011739667,0.10223579514527337,0.43471934286955366
RUSSIA,1910,0.17070261792266178,0.5289420978477394,0.10014644097747276,0.9833238125614173,0.9999827116581359,0.5346411747043303,0.17915905118355502,0.41216216216216217,0.17915905118355502,0.10014644097747276,0.4340145205140401
RUSSIA,1910,0.17211389726264636,0.5354863854669363,0.09879497989449995,0.9910126608328177,0.9999827561107194,0.5333013259481963,0.17996112224971336,0.40878378378378377,0.17996112224971336,0.09879497989449995,0.4349263803144636
RUSSIA,1911,0.173525176602631,0.5420306730861332,0.09744351881152713,0.9968533224162333,0.9999828005633029,0.5250231738299289,0.1807631933158717,0.4054054054054054,0.1807631933158717,0.09744351881152713,0.4349595911098752
RUSSIA,1911,0.1749364559426156,0.5485749607053301,0.09609205772855431,0.9945723054296541,0.9999828450158862,0.5236833250737951,0.18156526438203008,0.40202702702702703,0.18156526438203008,0.09609205772855431,0.4348744643845006
RUSSIA,1911,0.1763477352826002,0.555119248324527,0.09615615291735491,0.9941394751310602,0.9999828894684697,0.5154051729555278,0.18236733544818842,0.39864864864864863,0.18236733544818842,0.09615615291735491,0.4344926594324774
RUSSIA,1911,0.1763477352826002,0.555119248324527,0.0975717091891283,0.9941394751310602,0.9999828894684697,0.5226586538238058,0.18236733544818842,0.3952702702702703,0.18236733544818842,0.0975717091891283,0.43492358420331445
RUSSIA,1911,0.1763477352826002,0.555119248324527,0.09898726546090171,0.9922912884430751,0.9999828894684697,0.5154051729555278,0.18236733544818842,0.3918918918918919,0.18236733544818842,0.09898726546090171,0.43371899413169734
RUSSIA,1911,0.1763477352826002,0.555119248324527,0.10040282173267512,0.9922912884430751,0.9999828894684697,0.5226586538238058,0.18236733544818842,0.3885135135135135,0.18236733544818842,0.10040282173267512,0.4341499189025344
RUSSIA,1911,0.17774398931670596,0.5543602175916353,0.10225889452178664,0.986587035477754,0.9999829024450607,0.5312368191902532,0.1839281111953716,0.38513513513513514,0.1839281111953716,0.10225889452178664,0.4345766169958203
RUSSIA,1911,0.17914024335081175,0.5536011868587436,0.10269941103912476,0.9790345958244476,0.9999829154216517,0.5435631145965414,0.18548888694255483,0.38175675675675674,0.18548888694255483,0.10269941103912476,0.43498097598352575
RUSSIA,1912,0.18053649738491753,0.5528421561258519,0.10313992755646288,0.9794674261230416,0.9999829283982429,0.5521412799629888,0.18704966268973802,0.3783783783783784,0.18704966268973802,0.10313992755646288,0.43580904896243716
RUSSIA,1912,0.18193275141902326,0.5520831253929603,0.10358044407380103,0.9817484431096204,0.9999829413748339,0.5644675753692769,0.1886104384369212,0.375,0.1886104384369212,0.10358044407380103,0.437196753614131
RUSSIA,1912,0.18332900545312905,0.5513240946600686,0.10498707417768642,0.9760441901442993,0.9999829543514249,0.5730457407357245,0.19017121418410443,0.3716216216216216,0.19017121418410443,0.10498707417768642,0.437556035304633
RUSSIA,1912,0.18332900545312905,0.5513240946600686,0.10595318776423371,0.9760441901442993,0.9999829543514249,0.5695403899072871,0.19017121418410443,0.3682432432432432,0.19017121418410443,0.10595318776423371,0.4368436605030146
RUSSIA,1912,0.18332900545312905,0.5513240946600686,0.10691930135078098,0.9840294600961996,0.9999829543514249,0.5730457407357243,0.19017121418410443,0.36486486486486486,0.19017121418410443,0.10691930135078098,0.4376308828622737
RUSSIA,1912,0.18332900545312905,0.5513240946600686,0.10788541493732826,0.9840294600961996,0.9999829543514249,0.5695403899072871,0.19017121418410443,0.3614864864864865,0.19017121418410443,0.10788541493732826,0.43691850806065535
RUSSIA,1912,0.18471047286308442,0.5466131527554721,0.10895144348476068,0.784111977892994,0.9999829961822471,0.5709197905237076,0.19996364501680422,0.3581081081081081,0.19996364501680422,0.10895144348476068,0.4179228421563558
RUSSIA,1912,0.1860919402730398,0.5419022108508755,0.10905135844564584,0.5921797656416887,0.9999827852783107,0.5684602135618988,0.209756075849504,0.3547297297297297,0.209756075849504,0.10905135844564584,0.3991968631779653
RUSSIA,1913,0.1874734076829951,0.5371912689462789,0.109151273406531,0.40024402145257254,0.9999828271091328,0.5698396141783194,0.21954850668220377,0.3513513513513513,0.21954850668220377,0.109151273406531,0.3808544540370926
RUSSIA,1913,0.18885487509295049,0.5324803270416825,0.10925118836741614,0.2003230073115562,0.9999826162051966,0.5673800372165108,0.2293409375149036,0.34797297297297297,0.2293409375149036,0.10925118836741614,0.36132959486973115
RUSSIA,1913,0.19023634250290586,0.5277693851370858,0.10912656364330749,0.00040552510835065007,0.9999826580360187,0.5687594378329311,0.23913336834760338,0.34459459459459457,0.23913336834760338,0.10912656364330749,0.3421553309747004
RUSSIA,1913,0.19023634250290586,0.5277693851370858,0.10890202395831368,0.00040552510835065007,0.9999824053012603,0.5684258110831394,0.23913336834760338,0.34121621621621623,0.23913336834760338,0.10890202395831368,0.3415815053167396
RUSSIA,1913,0.19023634250290586,0.5277693851370858,0.10867748427331987,0.0004019931705398182,0.9999826580360187,0.5687594378329311,0.23913336834760338,0.33783783783783783,0.23913336834760338,0.10867748427331987,0.34107410236190766
RUSSIA,1913,0.19023634250290586,0.5277693851370858,0.10845294458832604,0.0004019931705398182,0.99998240530126,0.5684258110831394,0.23913336834760338,0.33445945945945943,0.23913336834760338,0.10845294458832604,0.3405002767039468
RUSSIA,1913,0.1916032569416875,0.5295355893083348,0.10977894044506173,0.00040924018550882234,0.9999822000863976,0.6117197289361426,0.23630852733598653,0.3310810810810811,0.23630852733598653,0.10977894044506173,0.34448044672221095
RUSSIA,1913,0.1929701713804691,0.5313017934795836,0.11132947598679124,0.00041295526266699466,0.9999814925031405,0.6545151314276133,0.23348368632436972,0.3277027027027027,0.23348368632436972,0.11132947598679124,0.3484440427264504
RUSSIA,1914,0.19433708581925072,0.5330679976508325,0.11288001152852076,0.00041263384787068347,0.9999812872882778,0.6978090492806167,0.23065884531275288,0.32432432432432434,0.23065884531275288,0.11288001152852076,0.35245713685448715
RUSSIA,1914,0.19570400025803236,0.5348342018220815,0.11443054707025024,0.0004158443708852042,0.9999805797050207,0.7406044517720873,0.22783400430113607,0.32094594594594594,0.22783400430113607,0.11443054707025024,0.35642068240331226
RUSSIA,1914,0.19707091469681398,0.5366004059933304,0.1162279817211012,0.0004230913858542083,0.9999803744901581,0.7838983696250907,0.22500916328951923,0.31756756756756754,0.22500916328951923,0.1162279817211012,0.3604715682406937
RUSSIA,1914,0.19707091469681398,0.5366004059933304,0.11647488083022264,0.00042309138585420824,0.9999801248565221,0.7837334810133502,0.22500916328951923,0.31418918918918914,0.22500916328951923,0.11647488083022264,0.3599853325257675
RUSSIA,1914,0.19707091469681398,0.5366004059933304,0.1167217799393441,0.00041905489389972483,0.9999803744901582,0.7838983696250907,0.22500916328951923,0.3108108108108108,0.22500916328951923,0.1167217799393441,0.35953172081072116
RUSSIA,1914,0.19707091469681398,0.5366004059933304,0.11696867904846556,0.00041905489389972483,0.9999801248565221,0.7837334810133502,0.22500916328951923,0.30743243243243246,0.22500916328951923,0.11696867904846556,0.35904548509579504
RUSSIA,1914,0.1984235049203905,0.5403088392143405,0.11682463142438637,0.000428044798264194,0.9999799282856635,0.781630125119832,0.22909323673343734,0.30405405405405406,0.22909323673343734,0.11682463142438637,0.3594940078116503
RUSSIA,1914,0.19977609514396702,0.5440172724353504,0.11643368469118576,0.00043299821067417974,0.9999792355105933,0.7791937710962831,0.23317731017735546,0.30067567567567566,0.23317731017735546,0.11643368469118576,0.35987174257851773
RUSSIA,1915,0.2011286853675435,0.5477257056563605,0.11604273795798514,0.0004332423955383705,0.9999790389397345,0.7770904152027649,0.23726138362127352,0.29729729729729726,0.23726138362127352,0.11604273795798514,0.3602823558560548
RUSSIA,1915,0.20248127559112,0.5514341388773706,0.11565179122478453,0.0004375230723570447,0.9999783461646645,0.7746540611792159,0.24134545706519167,0.2939189189189189,0.24134545706519167,0.11565179122478453,0.36066002334936315
RUSSIA,1915,0.2038338658146965,0.5551425720983806,0.11477629698173566,0.0004465129767215139,0.9999781495938057,0.7725507052856977,0.2454295305091098,0.2905405405405405,0.2454295305091098,0.11477629698173566,0.36099882907237296
RUSSIA,1915,0.2038338658146965,0.5551425720983806,0.11429174947188739,0.0004465129767215139,0.9999779030232304,0.7723825957674073,0.2454295305091098,0.28716216216216217,0.2454295305091098,0.11429174947188739,0.3604025545802524
RUSSIA,1915,0.2038338658146965,0.5551425720983806,0.11380720196203911,0.000441803749175719,0.9999781495938057,0.7725507052856977,0.2454295305091098,0.28378378378378377,0.2454295305091098,0.11380720196203911,0.3598394803831504
RUSSIA,1915,0.2038338658146965,0.5551425720983806,0.11332265445219081,0.000441803749175719,0.9999779030232302,0.7723825957674073,0.2454295305091098,0.2804054054054054,0.2454295305091098,0.11332265445219081,0.3592432058910298
RUSSIA,1915,0.20517235580965193,0.5686451329206361,0.1096588340393464,0.0004534477083981774,0.9999777149158422,0.7622379377734434,0.2508803493281716,0.27702702702702703,0.2508803493281716,0.1096588340393464,0.35954220826246164
RUSSIA,1915,0.20651084580460735,0.5821476937428918,0.10647956113635024,0.0004603824400748409,0.9999770366928079,0.7517207816828584,0.25633116814723345,0.27364864864864863,0.25633116814723345,0.10647956113635024,0.35987612301638927
RUSSIA,1916,0.20784933579956277,0.5956502545651474,0.10330028823335409,0.00046166612065024403,0.9999768485854197,0.7415761236888944,0.26178198696629534,0.2702702702702703,0.26178198696629534,0.10330028823335409,0.36024677148643364
RUSSIA,1916,0.20918782579451825,0.6091528153874031,0.10012101533035792,0.00046765902877144214,0.9999761703623854,0.7310589675983094,0.2672328057853572,0.2668918918918919,0.2672328057853572,0.10012101533035792,0.36058059205800574
RUSSIA,1916,0.21052631578947367,0.6226553762096586,0.09574788304941675,0.00047930298799390053,0.9999759822549972,0.7209143096043454,0.27268362460441903,0.2635135135135135,0.27268362460441903,0.09574788304941675,0.360773197649223
RUSSIA,1916,0.21052631578947367,0.6226553762096586,0.09455402367147175,0.00047930298799390053,0.9999757387099265,0.7207099210260147,0.27268362460441903,0.2601351351351351,0.27268362460441903,0.09455402367147175,0.36006689877343434
RUSSIA,1916,0.21052631578947367,0.6226553762096586,0.09336016429352674,0.00047365193689264025,0.9999759822549972,0.7209143096043453,0.27268362460441903,0.25675675675675674,0.27268362460441903,0.09336016429352674,0.3594009612172159
RUSSIA,1916,0.21052631578947367,0.6226553762096586,0.09216630491558173,0.00047365193689264025,0.9999757387099264,0.7207099210260146,0.27268362460441903,0.2533783783783784,0.27268362460441903,0.09216630491558173,0.3586946623414272
RUSSIA,1916,0.21185092489666052,0.5941476636120603,0.09020598920794173,0.0004897049855473599,0.9999755588865824,0.7055984424311557,0.26766179261751566,0.25,0.26766179261751566,0.09020598920794173,0.35297894299985233
RUSSIA,1916,0.21317553400384734,0.5656399510144621,0.08943953287824677,0.0005001069831008191,0.9999751355181676,0.6902825752579661,0.26263996063061235,0.29166666666666663,0.26263996063061235,0.08943953287824677,0.3541780310042757
RUSSIA,1917,0.21450014311103419,0.5371322384168635,0.08867307654855179,0.0005105089806542786,0.9999747151380932,0.6749043047632923,0.25761812864370903,0.27777777777777773,0.25761812864370903,0.08867307654855179,0.34703754564205125
RUSSIA,1917,0.215824752218221,0.5086245258192653,0.0879066202188568,0.0005265620293089981,0.9999740512129479,0.6593216456902881,0.25259629665680566,0.29166666666666663,0.25259629665680566,0.0879066202188568,0.3440438288392636
RUSSIA,1917,0.21714936132540785,0.480116813221667,0.08714016388916182,0.0005355513052498849,0.9999738713896038,0.6442101670954291,0.2475744646699023,0.2833333333333333,0.2475744646699023,0.08714016388916182,0.3377632387838658
RUSSIA,1917,0.21714936132540785,0.480116813221667,0.08714016388916182,0.0005284875325360519,0.9999738713896038,0.6442101670954291,0.2475744646699023,0.3,0.2475744646699023,0.08714016388916182,0.34026253240659443
RUSSIA,1917,0.21714936132540785,0.480116813221667,0.08714016388916182,0.0005214237598222191,0.9999736308328735,0.6439433751956144,0.2475744646699023,0.2833333333333333,0.2475744646699023,0.08714016388916182,0.3377351227836686
RUSSIA,1917,0.21714936132540785,0.480116813221667,0.08714016388916182,0.0005143599871083861,0.9999736308328735,0.6439433751956143,0.2475744646699023,0.3,0.2475744646699023,0.08714016388916182,0.3402344164063972
RUSSIA,1917,0.21714936132540785,0.480116813221667,0.08446799429254129,0.0005143599871083861,0.999973871389604,0.644210167095429,0.2475744646699023,0.2833333333333333,0.2475744646699023,0.08446799429254129,0.3373602942125586
RUSSIA,1917,0.21714936132540785,0.480116813221667,0.08179582469592075,0.0005214237598222191,0.9999738713896038,0.644210167095429,0.2475744646699023,0.29999999999999993,0.2475744646699023,0.08179582469592075,0.3394601751503369
RUSSIA,1917,0.21714936132540785,0.480116813221667,0.07912365509930022,0.0005284875325360519,0.9999736308328735,0.6439433751956143,0.2475744646699023,0.2833333333333333,0.2475744646699023,0.07912365509930022,0.33653335284246066
RUSSIA,1917,0.21714936132540785,0.480116813221667,0.07645148550267969,0.0005355513052498849,0.9999736308328735,0.6439433751956143,0.2475744646699023,0.3,0.2475744646699023,0.07645148550267969,0.338633233780239
RUSSIA,1917,0.21714936132540785,0.480116813221667,0.07377931590605914,0.0005355513052498849,0.9999738713896038,0.6442101670954291,0.2475744646699023,0.2833333333333333,0.2475744646699023,0.07377931590605914,0.3357591115864004
RUSSIA,1917,0.21714936132540785,0.480116813221667,0.07377931590605914,0.0005284875325360519,0.9999738713896038,0.6442101670954291,0.2475744646699023,0.3,0.2475744646699023,0.07377931590605914,0.3382584052091291
RUSSIA,1917,0.21714936132540785,0.480116813221667,0.07377931590605914,0.0005214237598222191,0.9999736308328735,0.6439433751956144,0.2475744646699023,0.2833333333333333,0.2475744646699023,0.07377931590605914,0.3357309955862032
RUSSIA,1917,0.21714936132540785,0.480116813221667,0.07377931590605914,0.0005143599871083861,0.9999736308328735,0.6439433751956143,0.2475744646699023,0.3,0.2475744646699023,0.07377931590605914,0.3382302892089317
RUSSIA,1917,0.21846030435977268,0.40939173345225977,0.07009493744878592,0.000531696383138949,0.9999753336067425,0.6535813049721464,0.23897515043156306,0.29166666666666663,0.23897515043156306,0.07009493744878592,0.32922756567744704
RUSSIA,1917,0.2197712473941375,0.3386666536828525,0.06641055899151269,0.0005560965518833446,0.9999766385880402,0.6627249574906463,0.23037583619322383,0.3055555555555555,0.23037583619322383,0.06641055899151269,0.3235094143515067
RUSSIA,1918,0.22108219042850236,0.2679415739134453,0.06272618053423948,0.0005710784484805176,0.9999781008051789,0.6720960953673636,0.22177652195488454,0.29166666666666663,0.22177652195488454,0.06272618053423948,0.3136464187910908
RUSSIA,1918,0.22239313346286718,0.19721649414403802,0.05904180207696623,0.0005860603450776907,0.9999796463432074,0.6815065397856783,0.2131772077165453,0.3333333333333333,0.2131772077165453,0.05904180207696623,0.312120695550257
RUSSIA,1918,0.223704076497232,0.1264914143746308,0.05478259440653401,0.0006104605138220864,0.999981349117076,0.6911444695622104,0.20457789347820604,0.3333333333333333,0.20457789347820604,0.05478259440653401,0.3042824540140698
RUSSIA,1918,0.223704076497232,0.1264914143746308,0.054207765193375015,0.0006104605138220864,0.9999811918812356,0.6909169842039928,0.20457789347820604,0.3333333333333333,0.20457789347820604,0.054207765193375015,0.30417346537269013
RUSSIA,1918,0.223704076497232,0.1264914143746308,0.053632935980216,0.0006010422416748637,0.999981349117076,0.6911444695622103,0.20457789347820604,0.3333333333333333,0.20457789347820604,0.053632935980216,0.30410906342290733
RUSSIA,1918,0.223704076497232,0.1264914143746308,0.053058106767057,0.0006010422416748637,0.9999811918812356,0.6909169842039928,0.20457789347820604,0.3397435897435897,0.20457789347820604,0.053058106767057,0.30496161324306614
RUSSIA,1918,0.2250015638639516,0.13421200543862488,0.051811498163278104,0.000645132306326298,0.9999836975998431,0.6884453096100991,0.20307962373733818,0.34615384615384615,0.20307962373733818,0.051811498163278104,0.30623559428325153
RUSSIA,1918,0.22629905123067115,0.14193259650261897,0.0511397187726582,0.0006798040988305097,0.9999859940044182,0.6855078542917427,0.20158135399647029,0.35256410256410253,0.20158135399647029,0.0511397187726582,0.30754825887434645
RUSSIA,1919,0.22759653859739074,0.14965318756661303,0.05046793938203832,0.0007003487575188894,0.9999884997230257,0.6830361796978489,0.20008308425560242,0.358974358974359,0.20008308425560242,0.05046793938203832,0.30890610975590926
RUSSIA,1919,0.2288940259641103,0.15737377863060711,0.04979615999141842,0.0007303116883544917,0.999990796127601,0.6800987243794925,0.19858481451473453,0.36538461538461536,0.19858481451473453,0.04979615999141842,0.31021830346083734
RUSSIA,1919,0.23019151333082988,0.16509436969460117,0.048954119892570716,0.0007744017530059261,0.9999933018462086,0.6776270497855987,0.19708654477386667,0.3717948717948718,0.19708654477386667,0.048954119892570716,0.3115529697767624
RUSSIA,1919,0.23019151333082988,0.16509436969460117,0.0487838591843429,0.000774401753005926,0.9999932497680166,0.6773887544193535,0.19708654477386667,0.3782051282051282,0.19708654477386667,0.0487838591843429,0.3124651343876229
RUSSIA,1919,0.23019151333082988,0.16509436969460117,0.048613598476115086,0.000760274619190094,0.9999933018462086,0.6776270497855987,0.19708654477386667,0.3846153846153846,0.19708654477386667,0.048613598476115086,0.3134235557739894
RUSSIA,1919,0.23019151333082988,0.16509436969460117,0.04844333776788727,0.0007602746191900941,0.9999932497680166,0.6773887544193535,0.19708654477386667,0.391025641025641,0.19708654477386667,0.04844333776788727,0.3143357203848499
RUSSIA,1919,0.23147575113788932,0.20332340029090493,0.0482607634419898,0.0008784091348149096,0.9999934406878068,0.6821572442339673,0.19111284759565247,0.3974358974358974,0.19111284759565247,0.0482607634419898,0.3188780383764638
RUSSIA,1919,0.23275998894494876,0.24155243088720865,0.048248449824320125,0.000982416516623893,0.9999935363445991,0.6864711374283885,0.18513915041743828,0.40384615384615385,0.18513915041743828,0.048248449824320125,0.32339901357261125
RUSSIA,1920,0.23404422675200814,0.27978146148351246,0.04823613620665046,0.0010581712770926551,0.9999937272643891,0.6912396272430023,0.17916545323922412,0.41025641025641024,0.17916545323922412,0.04823613620665046,0.32796263269494363
RUSSIA,1920,0.23532846455906758,0.31801049207981624,0.048223822588980794,0.0011480531713772494,0.9999938229211812,0.6955535204374235,0.17319175606100992,0.41666666666666663,0.17319175606100992,0.048223822588980794,0.3324821953423386
RUSSIA,1920,0.23661270236612703,0.35623952267611997,0.0477345562092471,0.001266187687002065,0.9999940138409713,0.7003220102520373,0.16721805888279573,0.4230769230769231,0.16721805888279573,0.0477345562092471,0.33697850952587705
RUSSIA,1920,0.23661270236612703,0.35623952267611997,0.047257603447183084,0.001266187687002065,0.9999939706561654,0.7001057089980899,0.16721805888279573,0.42948717948717946,0.16721805888279573,0.047257603447183084,0.3378468706292306
RUSSIA,1920,0.23661270236612703,0.35623952267611997,0.046780650685119066,0.0012379350656618437,0.9999940138409713,0.7003220102520373,0.16721805888279573,0.4358974358974359,0.16721805888279573,0.046780650685119066,0.3387556753582007
RUSSIA,1920,0.23661270236612703,0.35623952267611997,0.04630369792305504,0.0012379350656618437,0.9999939706561654,0.7001057089980899,0.16721805888279573,0.4423076923076923,0.16721805888279573,0.04630369792305504,0.33962403646155426
RUSSIA,1920,0.23778477222619365,0.40226461771806354,0.045553653655333363,0.1654592926962173,0.9999941284208342,0.7193831573870415,0.1643476366565265,0.4487179487179487,0.1643476366565265,0.045553653655333363,0.363170721310616
RUSSIA,1920,0.23895684208626028,0.44828971276000706,0.045280562149675706,0.32965239770543253,0.9999942066687503,0.7382875613344584,0.16147721443025725,0.4551282051282051,0.16147721443025725,0.045280562149675706,0.38674881141602463
RUSSIA,1921,0.24012891194632693,0.49431480780195064,0.04500747064401806,0.47155920019776365,0.9999943644334189,0.7575650097234101,0.15860679220398802,0.46153846153846156,0.15860679220398802,0.04500747064401806,0.40813558366557356
RUSSIA,1921,0.24130098180639353,0.5403399028438942,0.044734379138360404,0.613494255311435,0.9999944426813352,0.776469413670827,0.15573636997771878,0.46794871794871795,0.15573636997771878,0.044734379138360404,0.4294878687814278
RUSSIA,1921,0.2424730516664602,0.5863649978858377,0.04527577325312661,0.7777156129419905,0.9999946004460039,0.7957468620597787,0.15286594775144954,0.47435897435897434,0.15286594775144954,0.04527577325312661,0.45322826938786276
RUSSIA,1921,0.2424730516664602,0.5863649978858377,0.04609025887355046,0.7777156129419905,0.9999945641140572,0.7955901188721914,0.15286594775144954,0.4807692307692307,0.15286594775144954,0.04609025887355046,0.45429630274051147
RUSSIA,1921,0.2424730516664602,0.5863649978858377,0.04690474449397432,0.7554293104251064,0.9999946004460039,0.7957468620597787,0.15286594775144954,0.48717948717948717,0.15286594775144954,0.04690474449397432,0.4531670617453784
RUSSIA,1921,0.2424730516664602,0.5863649978858377,0.04771923011439817,0.7554293104251064,0.9999945641140571,0.7955901188721913,0.15286594775144954,0.4935897435897436,0.15286594775144954,0.04771923011439817,0.45423509509802706
RUSSIA,1921,0.24363327368030818,0.582043079115582,0.048794696181495636,0.735303897177036,0.9999955439131514,0.795939776654342,0.15309291685753895,0.5,0.15309291685753895,0.048794696181495636,0.45315636269391263
RUSSIA,1921,0.24479349569415615,0.5777211603453261,0.049055676628169245,0.6928921814120815,0.9999964834882986,0.795974464719271,0.15331988596362836,0.5,0.15331988596362836,0.049055676628169245,0.4487337877393909
RUSSIA,1922,0.24595371770800417,0.5733992415750702,0.04931665707484285,0.6278925572990584,0.9999974632873929,0.7963241225014217,0.15354685506971774,0.5,0.15354685506971774,0.04931665707484285,0.4420839229441791
RUSSIA,1922,0.24711393972185217,0.5690773228048144,0.04957763752151645,0.5851792357029193,0.9999984028625402,0.7963588105663507,0.15377382417580715,0.5,0.15377382417580715,0.04957763752151645,0.43763118740653895
RUSSIA,1922,0.24827416173570016,0.5647554040345586,0.050474444177614576,0.565053822454849,0.9999993826616344,0.7967084683485014,0.15400079328189656,0.5,0.15400079328189656,0.050474444177614576,0.4355641176292361
RUSSIA,1922,0.24827416173570016,0.5647554040345586,0.05111027038703908,0.565053822454849,0.9999993787696342,0.7965502418188671,0.15400079328189656,0.5,0.15400079328189656,0.05111027038703908,0.43564366851848635
RUSSIA,1922,0.24827416173570016,0.5647554040345586,0.0517460965964636,0.5424659141067804,0.9999993826616345,0.7967084683485014,0.15400079328189656,0.5,0.15400079328189656,0.0517460965964636,0.4334960746572566
RUSSIA,1922,0.24827416173570016,0.5647554040345586,0.05238192280588812,0.5424659141067804,0.9999993787696342,0.796550241818867,0.15400079328189656,0.5,0.15400079328189656,0.05238192280588812,0.43357562554650686
RUSSIA,1922,0.24942271464552074,0.5287801728837815,0.05234583538073891,0.5140815864581337,0.9999966362824726,0.7931914092894834,0.14498007828369697,0.5,0.14498007828369697,0.05234583538073891,0.4256172747378807
RUSSIA,1922,0.25057126755534137,0.4928049417330044,0.05167392174616521,0.4631093504614183,0.9999938038290882,0.7895013295773885,0.13595936328549735,0.5,0.13595936328549735,0.05167392174616521,0.41527162544814056
RUSSIA,1923,0.25171982046516195,0.4568297105822274,0.0510020081115915,0.3912598095017851,0.9999910613419265,0.7861424970480048,0.12693864828729778,0.5,0.12693864828729778,0.0510020081115915,0.4028713793770021
RUSSIA,1923,0.2528683733749825,0.42085447943145027,0.05033009447701779,0.3419981768902205,0.9999882288885423,0.7824524173359099,0.11791793328909814,0.5,0.11791793328909814,0.05033009447701779,0.3926967904257771
RUSSIA,1923,0.25401692628480316,0.3848792482806732,0.05053473668052823,0.3136138492415738,0.9999854864013805,0.7790935848065261,0.10889721829089856,0.5,0.10889721829089856,0.05053473668052823,0.3847745490614499
RUSSIA,1923,0.25401692628480316,0.3848792482806732,0.05141129251861237,0.3136138492415738,0.9999854003271583,0.7789205641534493,0.10889721829089856,0.5,0.10889721829089856,0.05141129251861237,0.3848887217644327
RUSSIA,1923,0.25401692628480316,0.3848792482806732,0.05228784835669652,0.2927365442786559,0.9999854864013805,0.7790935848065261,0.10889721829089856,0.5,0.10889721829089856,0.05228784835669652,0.3829497853165834
RUSSIA,1923,0.25401692628480316,0.3848792482806732,0.053164404194780655,0.2927365442786559,0.9999854003271583,0.7789205641534493,0.10889721829089856,0.4807692307692308,0.10889721829089856,0.053164404194780655,0.38017934263495073
RUSSIA,1923,0.25519011496634914,0.3742054397073999,0.054568469627847505,0.26937862939695195,0.9999853142529359,0.7716535641414923,0.11081460029411014,0.46153846153846156,0.11081460029411014,0.054568469627847505,0.37383904171389337
RUSSIA,1923,0.25636330364789506,0.3635316311341267,0.055095979222830216,0.2251434095523301,0.9999851421044912,0.7640195410168336,0.11273198229732176,0.4423076923076923,0.11273198229732176,0.055095979222830216,0.36524281600213915
RUSSIA,1924,0.25753649232944104,0.3528578225608533,0.05562348881781291,0.1845380003926235,0.999985056030269,0.7567525410048767,0.11464936430053332,0.4230769230769231,0.11464936430053332,0.05562348881781291,0.3570462822775689
RUSSIA,1924,0.25870968101098696,0.3421840139875801,0.05615099841279562,0.1648098961958348,0.9999848838818244,0.7491185178802179,0.11656674630374493,0.40384615384615385,0.11656674630374493,0.05615099841279562,0.350900768130598
RUSSIA,1924,0.25988286969253294,0.33151020541430676,0.057786355594113825,0.1414519813141309,0.999984797807602,0.741851517868261,0.11848412830695651,0.3846153846153846,0.11848412830695651,0.057786355594113825,0.3445951609717783
RUSSIA,1924,0.25988286969253294,0.33151020541430676,0.058894203180449335,0.14145198131413086,0.999984797807602,0.741657515408636,0.11848412830695651,0.36538461538461536,0.11848412830695651,0.058894203180449335,0.3418573224791508
RUSSIA,1924,0.25988286969253294,0.33151020541430676,0.060002050766784845,0.14508179199904608,0.999984797807602,0.741851517868261,0.11848412830695651,0.34615384615384615,0.11848412830695651,0.060002050766784845,0.3395212655469397
RUSSIA,1924,0.25988286969253294,0.33151020541430676,0.06110989835312035,0.1450817919990461,0.999984797807602,0.741657515408636,0.11848412830695651,0.3269230769230769,0.11848412830695651,0.06110989835312035,0.3367834270543122
RUSSIA,1924,0.2610616355598516,0.3452428982973936,0.06301458214131425,0.14575226786960757,0.9999847852868141,0.7418895383238986,0.12091463833859033,0.3076923076923077,0.12091463833859033,0.06301458214131425,0.3361894235375811
RUSSIA,1924,0.26224040142717026,0.3589755911804804,0.06381141834317264,0.1500525544250843,0.9999847727660265,0.741739455527261,0.12334514837022414,0.28846153846153844,0.12334514837022414,0.06381141834317264,0.33575401338020106
RUSSIA,1925,0.2634191672944889,0.37270828406356726,0.06460825454503102,0.15598840316932802,0.9999847602452387,0.7419714784425236,0.12577565840185798,0.2692307692307692,0.12577565840185798,0.06460825454503102,0.33552037001288787
RUSSIA,1925,0.2645979331618076,0.3864409769466541,0.0654050907468894,0.1582944412286565,0.999984747724451,0.7418213956458859,0.1282061684334918,0.25,0.1282061684334918,0.0654050907468894,0.33488553500589313
RUSSIA,1925,0.2657766990291262,0.4001736698297409,0.06727594842735862,0.15896491709921795,0.9999847352036632,0.7420534185611487,0.13063667846512564,0.23076923076923073,0.13063667846512564,0.06727594842735862,0.3342864575730033
RUSSIA,1925,0.2657766990291262,0.4001736698297409,0.06834996990596946,0.15896491709921798,0.9999847352036632,0.741865315308873,0.13063667846512564,0.2115384615384615,0.13063667846512564,0.06834996990596946,0.331544135084952
RUSSIA,1925,0.2657766990291262,0.4001736698297409,0.06942399138458029,0.160600479287985,0.9999847352036632,0.7420534185611487,0.13063667846512564,0.1923076923076923,0.13063667846512564,0.06942399138458029,0.3290029894662325
RUSSIA,1925,0.2657766990291262,0.4001736698297409,0.07049801286319113,0.16060047928798496,0.9999847352036632,0.741865315308873,0.13063667846512564,0.17307692307692307,0.13063667846512564,0.07049801286319113,0.3262606669781812
RUSSIA,1925,0.2669429429992546,0.40750455969080124,0.07170219301561201,0.16337468091087262,0.9999847352036632,0.7380558711277102,0.13513983905894583,0.15384615384615385,0.13513983905894583,0.07170219301561201,0.32503665403129967
RUSSIA,1925,0.26810918696938296,0.41483544955186147,0.07183235168942204,0.16778444472252727,0.9999847352036632,0.7338609938045124,0.139642999652766,0.13461538461538458,0.139642999652766,0.07183235168942204,0.32377655076729983
RUSSIA,1926,0.2692754309395114,0.42216633941292186,0.07196251036323206,0.1734198309035196,0.9999847352036632,0.7300515496233495,0.14414616024658616,0.11538461538461536,0.14414616024658616,0.07196251036323206,0.32267755305443724
RUSSIA,1926,0.2704416749096398,0.42949722927398215,0.0720926690370421,0.1774196548957449,0.9999847352036632,0.7258566723001518,0.14864932084040633,0.09615384615384615,0.14864932084040633,0.0720926690370421,0.3213764558084944
RUSSIA,1926,0.27160791887976815,0.43682811913504244,0.0726212920467432,0.18019385651863257,0.9999847352036632,0.7220472281189888,0.1531524814342265,0.07692307692307687,0.1531524814342265,0.0726212920467432,0.32005110929020497
RUSSIA,1926,0.27160791887976815,0.43682811913504244,0.07301975638263428,0.18019385651863257,0.9999847352036632,0.7218498982292297,0.1531524814342265,0.057692307692307654,0.1531524814342265,0.07301975638263428,0.3172065305669973
RUSSIA,1926,0.27160791887976815,0.43682811913504244,0.07341822071852534,0.18141947888797022,0.9999847352036632,0.7220472281189888,0.1531524814342265,0.038461538461538436,0.1531524814342265,0.07341822071852534,0.31452398005867527
RUSSIA,1926,0.27160791887976815,0.43682811913504244,0.07381668505441641,0.18141947888797022,0.9999847352036632,0.7218498982292297,0.1531524814342265,0.019230769230769218,0.1531524814342265,0.07381668505441641,0.3116794013354677
RUSSIA,1926,0.27276183942658105,0.44899185595646707,0.07446781667839192,0.1829773595691792,0.9999847352036632,0.7200258338468702,0.1546730808616441,0.0,0.1546730808616441,0.07446781667839192,0.31048338900261063
RUSSIA,1926,0.273915759973394,0.4611555927778916,0.07472048396647635,0.18576086261972588,0.9999856856521504,0.7177940633965383,0.1561936802890617,0.0,0.1561936802890617,0.07472048396647635,0.3121941090789705
RUSSIA,1927,0.2750696805202069,0.4733193295993162,0.07497315125456079,0.19044758834456546,0.9999856856521504,0.7159699990141787,0.15771427971647928,0.0,0.15771427971647928,0.07497315125456079,0.31413582698470816
RUSSIA,1927,0.2762236010670199,0.4854830664207409,0.07522581854264523,0.19390869170006736,0.9999866361006374,0.7137382285638467,0.1592348791438969,0.0,0.1592348791438969,0.07522581854264523,0.3159143070915636
RUSSIA,1927,0.2773775216138328,0.4976468032421654,0.0759035366290016,0.19546657238127635,0.9999866361006374,0.7119141641814872,0.16075547857131448,0.0,0.16075547857131448,0.0759035366290016,0.31760689811267906
RUSSIA,1927,0.2773775216138328,0.4976468032421654,0.0763285874272735,0.19546657238127635,0.9999875865491246,0.7117037880032738,0.16075547857131448,0.0,0.16075547857131448,0.0763285874272735,0.3176497131594472
RUSSIA,1927,0.2773775216138328,0.4976468032421654,0.07675363822554541,0.19736979505556929,0.9999866361006374,0.7119141641814872,0.16075547857131448,0.0,0.16075547857131448,0.07675363822554541,0.3179247356195899
RUSSIA,1927,0.2773775216138328,0.4976468032421654,0.07717868902381733,0.19736979505556929,0.9999875865491245,0.7117037880032738,0.16075547857131448,0.0,0.16075547857131448,0.07717868902381733,0.31796755066635807
RUSSIA,1927,0.27851931303879673,0.5023412175965776,0.07784811852228307,0.19854236913555923,0.9999885369976116,0.7103974743228745,0.1651436891105348,0.0,0.1651436891105348,0.07784811852228307,0.3193536279060045
RUSSIA,1927,0.2796611044637607,0.5070356319509897,0.07809249722247691,0.2016181658898421,0.9999904378945859,0.7086691593483263,0.16953189964975515,0.0,0.16953189964975515,0.07809249722247691,0.3208241647087734
RUSSIA,1928,0.2808028958887247,0.5117300463054018,0.07833687592267076,0.20568937273709742,0.9999913883430729,0.7073628456679271,0.17392011018897552,0.0,0.17392011018897552,0.07833687592267076,0.3224363476054056
RUSSIA,1928,0.28194468731368866,0.5164244606598138,0.0785812546228646,0.20785735691005983,0.9999932892400472,0.7056345306933789,0.17830832072819586,0.0,0.17830832072819586,0.0785812546228646,0.3238161031500424
RUSSIA,1928,0.2830864787386526,0.521118875014226,0.07912867333420306,0.20902993099004977,0.9999942396885342,0.7043282170129797,0.1826965312674162,0.0,0.1826965312674162,0.07912867333420306,0.3251838787716198
RUSSIA,1928,0.2830864787386526,0.521118875014226,0.07943171334534771,0.2090299309900497,0.9999942396885342,0.7041165918970443,0.1826965312674162,0.0,0.1826965312674162,0.07943171334534771,0.32520817226169796
RUSSIA,1928,0.2830864787386526,0.521118875014226,0.07973475335649235,0.21002534108302218,0.9999942396885342,0.7043282170129797,0.1826965312674162,0.0,0.1826965312674162,0.07973475335649235,0.32537433178426045
RUSSIA,1928,0.2830864787386526,0.521118875014226,0.08003779336763699,0.21002534108302218,0.9999942396885342,0.7041165918970442,0.1826965312674162,0.0024509803921568627,0.1826965312674162,0.08003779336763699,0.32576627233316213
RUSSIA,1928,0.28421633127989543,0.5284232604516903,0.07976425882108447,0.21005471651511654,0.9999942404759506,0.701390134582619,0.187442400381323,0.004901960784313725,0.187442400381323,0.07976425882108447,0.3274349778925302
RUSSIA,1928,0.2853461838211383,0.5357276458891546,0.0791876842633873,0.21107950204018336,0.9999942412633672,0.6982347876018655,0.19218826949522982,0.007352941176470588,0.19218826949522982,0.0791876842633873,0.32911487949289103
RUSSIA,1929,0.28647603636238117,0.5430320313266189,0.07861110970569013,0.21540628841308215,0.9999942420507837,0.6955083302874403,0.19693413860913664,0.00980392156862745,0.19693413860913664,0.07861110970569013,0.33116787014466786
RUSSIA,1929,0.287605888903624,0.5503364167640832,0.07803453514799297,0.2187376646930085,0.9999942428382003,0.6923529833066869,0.20168000772304345,0.012254901960784314,0.20168000772304345,0.07803453514799297,0.33307843082051464
RUSSIA,1929,0.28873574144486686,0.5576408022015474,0.07787833863634637,0.2187670401251029,0.9999942436256167,0.6896265259922616,0.20642587683695027,0.014705882352941176,0.20642587683695027,0.07787833863634637,0.3347647370851186
RUSSIA,1929,0.28873574144486686,0.5576408022015474,0.07829871668239692,0.2187670401251029,0.9999942436256167,0.6894092614418688,0.20642587683695027,0.01715686274509804,0.20642587683695027,0.07829871668239692,0.33517371439581045
RUSSIA,1929,0.28873574144486686,0.5576408022015474,0.07871909472844747,0.2220690409729349,0.9999942436256167,0.6896265259922616,0.20642587683695027,0.0196078431372549,0.20642587683695027,0.07871909472844747,0.33595634470136404
RUSSIA,1929,0.28873574144486686,0.5576408022015474,0.07913947277449804,0.2220690409729349,0.9999942436256167,0.6894092614418688,0.20642587683695027,0.022058823529411763,0.20642587683695027,0.07913947277449804,0.3363653220120559
RUSSIA,1929,0.28985384138284387,0.5769173861423295,0.08149836581878307,0.23728009914511725,0.9999942444076666,0.6889829736255338,0.22032794100298206,0.024509803921568627,0.22032794100298206,0.08149836581878307,0.3427459631509914
RUSSIA,1929,0.2909719413208208,0.5961939700831115,0.08343688081701754,0.25579315816513165,0.9999942451897168,0.6881233714610363,0.23423000516901382,0.02696078431372549,0.23423000516901382,0.08343688081701754,0.34935041623298635
RUSSIA,1930,0.2920900412587978,0.6154705540238935,0.08537539581525203,0.27141721515399436,0.9999942459717668,0.6876970836447012,0.24813206933504564,0.029411764705882353,0.24813206933504564,0.08537539581525203,0.3557093005466823
RUSSIA,1930,0.29320814119677474,0.6347471379646755,0.0873139108134865,0.2837392712950252,0.9999942467538168,0.6868374814802037,0.2620341335010774,0.031862745098039214,0.2620341335010774,0.0873139108134865,0.3616946533407789
RUSSIA,1930,0.2943262411347517,0.6540237219054575,0.0898447344389467,0.2989503294672075,0.9999942475358666,0.6864111936638688,0.2759361976671092,0.03431372549019608,0.2759361976671092,0.0898447344389467,0.3681010840668907
RUSSIA,1930,0.2943262411347517,0.6540237219054575,0.09043704306617242,0.2989503294672075,0.9999942475358666,0.686195143866099,0.2759361976671092,0.03676470588235294,0.2759361976671092,0.09043704306617242,0.3685359724400211
RUSSIA,1930,0.2943262411347517,0.6540237219054575,0.09102935169339813,0.296061327436056,0.9999942475358666,0.6864111936638688,0.2759361976671092,0.0392156862745098,0.2759361976671092,0.09102935169339813,0.3687251705695903
RUSSIA,1930,0.2943262411347517,0.6540237219054575,0.09162166032062385,0.29606132743605595,0.9999942475358666,0.6861951438660991,0.2759361976671092,0.041666666666666664,0.2759361976671092,0.09162166032062385,0.3691600589427207
RUSSIA,1930,0.2974503984404676,0.6695911806502624,0.09410887820529393,0.31540975879655303,0.9999942475358667,0.6910102162712681,0.2808006852093885,0.044117647058823525,0.2808006852093885,0.09410887820529393,0.3750721816624911
RUSSIA,1930,0.3005745557461835,0.6851586393950674,0.0960037874627383,0.33186918812589844,0.9999942475358667,0.6954128655143004,0.28566517275166775,0.04656862745098039,0.28566517275166775,0.0960037874627383,0.38056531556884887
RUSSIA,1931,0.30369871305189944,0.7007260981398723,0.09789869672018264,0.33574291853901805,0.9999942475358667,0.7002279379194695,0.290529660293947,0.049019607843137254,0.290529660293947,0.09789869672018264,0.3848411218997977
RUSSIA,1931,0.30682287035761535,0.7162935568846771,0.09979360597762701,0.3425056509832891,0.9999942475358667,0.7046305871625016,0.29539414783622625,0.051470588235294115,0.29539414783622625,0.09979360597762701,0.38936458611764796
RUSSIA,1931,0.30994702766333126,0.731861015629482,0.10217931506910123,0.36185408234378613,0.9999942475358667,0.7094456595676707,0.30025863537850556,0.05392156862745098,0.30025863537850556,0.10217931506910123,0.39526148251843896
RUSSIA,1931,0.30994702766333126,0.731861015629482,0.10267011490313108,0.36185408234378613,0.9999942475358667,0.7092492862033037,0.30025863537850556,0.056372549019607844,0.30025863537850556,0.10267011490313108,0.39568311221593033
RUSSIA,1931,0.30994702766333126,0.731861015629482,0.10316091473716091,0.3492683834275602,0.9999942475358667,0.7094456595676707,0.30025863537850556,0.058823529411764705,0.30025863537850556,0.10316091473716091,0.3948854466946724
RUSSIA,1931,0.30994702766333126,0.731861015629482,0.10365171457119078,0.3492683834275603,0.9999942475358667,0.7092492862033035,0.30025863537850556,0.061274509803921566,0.30025863537850556,0.10365171457119078,0.3953070763921637
RUSSIA,1931,0.3130455471013566,0.740168703460058,0.10779137439436934,0.3631365259391939,0.9999942475358667,0.7268856430336941,0.30773248139198933,0.06372549019607843,0.30773248139198933,0.10779137439436934,0.4018627459594504
RUSSIA,1931,0.3161440665393821,0.7484763912906341,0.11144023438351809,0.3644189695346017,0.9999942475358667,0.7441895761333172,0.31520632740547305,0.0661764705882353,0.31520632740547305,0.11144023438351809,0.40705298328693335
RUSSIA,1932,0.3192425859774075,0.7567840791212103,0.11508909437266682,0.3552634187005686,0.9999942475358667,0.7618259329637075,0.3226801734189568,0.06862745098039216,0.3226801734189568,0.11508909437266682,0.41123266354454885
RUSSIA,1932,0.3223411054154329,0.7650917669517863,0.11873795436181553,0.35869356678276143,0.9999942475358667,0.7791298660633306,0.33015401943244055,0.07107843137254902,0.33015401943244055,0.11873795436181553,0.4166376713207103
RUSSIA,1932,0.32543962485345834,0.7733994547823623,0.12304620920255624,0.37256170929439514,0.9999942475358667,0.7967662228937211,0.3376278654459243,0.07352941176470588,0.3376278654459243,0.12304620920255624,0.4232186301406313
RUSSIA,1932,0.32543962485345834,0.7733994547823623,0.12370560405414821,0.3725617092943951,0.9999942475358667,0.7966301725273208,0.3376278654459243,0.07598039215686274,0.3376278654459243,0.12370560405414821,0.4236715813905536
RUSSIA,1932,0.32543962485345834,0.7733994547823623,0.12436499890574018,0.3621237148649543,0.9999942475358667,0.7967662228937211,0.3376278654459243,0.0784313725490196,0.3376278654459243,0.12436499890574018,0.42310794327081186
RUSSIA,1932,0.32543962485345834,0.7733994547823623,0.12502439375733215,0.3621237148649543,0.9999942475358667,0.7966301725273208,0.3376278654459243,0.08088235294117647,0.3376278654459243,0.12502439375733215,0.4235608945207342
RUSSIA,1932,0.3285128207233971,0.7723319801487915,0.12666658859518104,0.3457677795586642,0.9999942475358667,0.8025477860540926,0.3409650563346781,0.08333333333333333,0.3409650563346781,0.12666658859518104,0.42398584917772997
RUSSIA,1932,0.3315860165933359,0.7712645055152207,0.12764938858143796,0.31897384982293325,0.9999933271829565,0.8082131170275831,0.3443022472234319,0.08333333333333333,0.3443022472234319,0.12764938858143796,0.4228751278146003
RUSSIA,1933,0.33465921246327474,0.7701970308816499,0.12863218856769487,0.298291272959396,0.9999933271829565,0.8141307305543547,0.3476394381121857,0.08333333333333333,0.3476394381121857,0.12863218856769487,0.4224008620293091
RUSSIA,1933,0.33773240833321355,0.7691295562480791,0.12961498855395184,0.2880466905252995,0.9999924068300464,0.8197960615278452,0.35097662900093946,0.08333333333333333,0.35097662900093946,0.12961498855395184,0.4229450753963428
RUSSIA,1933,0.3408056042031523,0.7680620816145084,0.13205001500016483,0.2716907552190094,0.9999924068300462,0.825713675054617,0.35431381988969324,0.08333333333333333,0.35431381988969324,0.13205001500016483,0.4231213077357697
RUSSIA,1933,0.3408056042031523,0.7680620816145084,0.1335022414601209,0.2716907552190094,0.9999914864771362,0.8255974428677358,0.35431381988969324,0.08333333333333333,0.35431381988969324,0.1335022414601209,0.42332742645078403
RUSSIA,1933,0.3408056042031523,0.7680620816145084,0.13495446792007695,0.2778021080912031,0.9999924068300464,0.825713675054617,0.35431381988969324,0.08333333333333333,0.35431381988969324,0.13495446792007695,0.42416811096097595
RUSSIA,1933,0.3408056042031523,0.7680620816145084,0.13640669438003306,0.2778021080912031,0.9999914864771362,0.8255974428677358,0.35431381988969324,0.08333333333333333,0.35431381988969324,0.13640669438003306,0.42437422967599026
RUSSIA,1933,0.3438537823760428,0.7810936790407903,0.1364783015716027,0.2689424443632535,0.9999896977117414,0.8283446490156031,0.35738833099133244,0.08333333333333333,0.35738833099133244,0.1364783015716027,0.4259951092539856
RUSSIA,1933,0.3469019605489333,0.7941252764670723,0.13509768230321625,0.26619413350749754,0.9999869891283371,0.830869288047514,0.3604628420929716,0.08333333333333333,0.3604628420929716,0.13509768230321625,0.4279869414568103
RUSSIA,1934,0.34995013872182384,0.8071568738933541,0.13371706303482983,0.2617608395039318,0.9999852003629425,0.8336164941953811,0.3635373531946108,0.08333333333333333,0.3635373531946108,0.13371706303482983,0.4298326240382507
RUSSIA,1934,0.3529983168947143,0.820188471319636,0.13233644376644343,0.2512161926281725,0.9999824917795381,0.8361411332272921,0.3666118642962499,0.08333333333333333,0.3666118642962499,0.13233644376644343,0.4310448226390751
RUSSIA,1934,0.35604649506760483,0.833220068745918,0.13265698633821157,0.24235652890022288,0.9999807030141433,0.8388883393751592,0.3696863753978891,0.08333333333333333,0.3696863753978891,0.13265698633821157,0.43270304252410025
RUSSIA,1934,0.35604649506760483,0.833220068745918,0.13435814817836617,0.24235652890022288,0.999980703549044,0.838782004446084,0.3696863753978891,0.08333333333333333,0.3696863753978891,0.13435814817836617,0.432947583360706
RUSSIA,1934,0.35604649506760483,0.833220068745918,0.13605931001852073,0.24067154575241317,0.9999807030141433,0.8388883393751592,0.3696863753978891,0.08333333333333333,0.3696863753978891,0.13605931001852073,0.43304489276136565
RUSSIA,1934,0.35604649506760483,0.833220068745918,0.13776047185867535,0.24067154575241317,0.999980703549044,0.838782004446084,0.3696863753978891,0.08276255707762556,0.3696863753978891,0.13776047185867535,0.4332038171596152
RUSSIA,1934,0.3590270065755069,0.8524356302412851,0.1387451161325195,0.23558741619164633,0.9999802520003304,0.8302937447857511,0.37297119707052456,0.0821917808219178,0.37297119707052456,0.1387451161325195,0.43476996941197166
RUSSIA,1934,0.36200751808340886,0.8716511917366525,0.13802859856620914,0.2288183034830698,0.999979805594627,0.821565550503309,0.37625601874315995,0.08162100456621005,0.37625601874315995,0.13802859856620914,0.4358884561256141
RUSSIA,1935,0.3649880295913109,0.8908667532320196,0.13731208099989872,0.22181862944709732,0.9999793540459134,0.8130772908429762,0.37954084041579533,0.08105022831050228,0.37954084041579533,0.13731208099989872,0.4370078796544268
RUSSIA,1935,0.36796854109921295,0.9100823147273868,0.13659556343358834,0.21650393855893454,0.99997890764021,0.8043490965605343,0.38282566208843083,0.08047945205479451,0.38282566208843083,0.13659556343358834,0.4382718085501106
RUSSIA,1935,0.3709490526071149,0.929297876222754,0.1369738194291174,0.21141980899816776,0.9999784560914964,0.7958608369002013,0.3861104837610662,0.07990867579908675,0.3861104837610662,0.1369738194291174,0.4397470025607198
RUSSIA,1935,0.3709490526071149,0.929297876222754,0.13806859299095692,0.21141980899816776,0.9999784606996063,0.7957272372071675,0.3861104837610662,0.079337899543379,0.3861104837610662,0.13806859299095692,0.4398122426481472
RUSSIA,1935,0.3709490526071149,0.929297876222754,0.13916336655279643,0.2111892476707718,0.9999784560914964,0.7958608369002013,0.3861104837610662,0.07876712328767123,0.3861104837610662,0.13916336655279643,0.4398811456198198
RUSSIA,1935,0.3709490526071149,0.929297876222754,0.1402581401146359,0.2111892476707718,0.9999784606996063,0.7957272372071674,0.3861104837610662,0.07819634703196346,0.3861104837610662,0.1402581401146359,0.43994638570724715
RUSSIA,1935,0.3738133272410429,0.8872868316325668,0.1390942413778584,0.20876476129560012,0.999978550653085,0.7868436497806259,0.3889266017208971,0.0776255707762557,0.3889266017208971,0.1390942413778584,0.43520634050359597
RUSSIA,1935,0.37667760187497085,0.8452757870423799,0.13683556907924146,0.2061097135930324,0.9999785366868208,0.7776671411313548,0.391742719680728,0.07705479452054795,0.391742719680728,0.13683556907924146,0.43024972061868205
RUSSIA,1936,0.3795418765088988,0.8032647424521928,0.13457689678062448,0.20554096923315085,0.9999786266402995,0.7687835537048132,0.3945588376405589,0.07648401826484018,0.3945588376405589,0.13457689678062448,0.42553103358228406
RUSSIA,1936,0.38240615114282683,0.7612536978620058,0.1323182244820075,0.2052027862006653,0.9999786126740352,0.7596070450555422,0.39737495560038977,0.07591324200913241,0.39737495560038977,0.1323182244820075,0.42080610016437836
RUSSIA,1936,0.3852704257767548,0.7192426532718188,0.13180651424658804,0.20277829982549359,0.999978702627514,0.7507234576290006,0.40019107356022066,0.07534246575342465,0.40019107356022066,0.13180651424658804,0.416163883235931
RUSSIA,1936,0.3852704257767548,0.7192426532718188,0.13355347630978553,0.20277829982549359,0.9999785940996613,0.750564136099305,0.40019107356022066,0.0747716894977169,0.40019107356022066,0.13355347630978553,0.4163243681012997
RUSSIA,1936,0.3852704257767548,0.7192426532718188,0.13530043837298303,0.20486460316817973,0.999978702627514,0.7507234576290006,0.40019107356022066,0.07420091324200913,0.40019107356022066,0.13530043837298303,0.4167253693124465
RUSSIA,1936,0.3852704257767548,0.7192426532718188,0.13704740043618052,0.20486460316817973,0.9999785940996612,0.750564136099305,0.40019107356022066,0.07363013698630136,0.40019107356022066,0.13704740043618052,0.4168858541778151
RUSSIA,1936,0.3880562491405576,0.7225765690970174,0.13910419419789338,0.19853232787865097,0.9999787099199586,0.7358488472194346,0.40251478797211576,0.0730593607305936,0.40251478797211576,0.13910419419789338,0.41610383421768027
RUSSIA,1936,0.3908420725043604,0.7259104849222159,0.13941402589640872,0.19428635593180835,0.9999787172124034,0.7207687616196325,0.4048385023840109,0.07248858447488585,0.4048385023840109,0.13941402589640872,0.415231909757556
RUSSIA,1937,0.39362789586816327,0.7292444007474145,0.13972385759492406,0.18800558525059538,0.9999788330327007,0.706053472739762,0.40716221679590603,0.07191780821917808,0.40716221679590603,0.13972385759492406,0.414192995948773
RUSSIA,1937,0.39641371923196617,0.7325783165726131,0.14003368929343943,0.17963851122669627,0.9999788403251454,0.6909733871399599,0.4094859312078011,0.07134703196347031,0.4094859312078011,0.14003368929343943,0.41290896128094307
RUSSIA,1937,0.39919954259576895,0.7359122323978117,0.1405317691938741,0.17330623593716749,0.9999789561454429,0.6762580982600894,0.41180964561969624,0.07077625570776255,0.41180964561969624,0.1405317691938741,0.4118931342416165
RUSSIA,1937,0.39919954259576895,0.7359122323978117,0.14072001739579348,0.17330623593716749,0.9999789561454429,0.6760526230698536,0.41180964561969624,0.0702054794520548,0.41180964561969624,0.14072001739579348,0.4118152075145246
RUSSIA,1937,0.39919954259576895,0.7359122323978117,0.1409082655977128,0.17127143720279717,0.9999789561454429,0.6762580982600895,0.41180964561969624,0.06963470319634703,0.41180964561969624,0.1409082655977128,0.41157489595204294
RUSSIA,1937,0.39919954259576895,0.7359122323978117,0.14109651379963215,0.17127143720279717,0.9999789561454429,0.6760526230698536,0.41180964561969624,0.06906392694063926,0.41180964561969624,0.14109651379963215,0.4114969692249511
RUSSIA,1937,0.4019505431675242,0.7812174661917809,0.14244701828477832,0.1717349123630067,0.9999794676591993,0.6672752160133675,0.4090926665451464,0.0684931506849315,0.4090926665451464,0.14244701828477832,0.4153182130250926
RUSSIA,1937,0.4047015437392796,0.8265226999857502,0.14360927456800515,0.17016358878884588,0.9998736289429047,0.6580598355726655,0.4063756874705966,0.06792237442922375,0.4063756874705966,0.14360927456800515,0.4188533073600825
RUSSIA,1938,0.4074525443110348,0.8718279337797196,0.144771530851232,0.24099541822602522,0.9998741404566612,0.6492824285161793,0.4036587083960468,0.06735159817351598,0.4036587083960468,0.144771530851232,0.4296831493576331
RUSSIA,1938,0.4102035448827901,0.9171331675736887,0.14593378713445887,0.31386204639757487,0.9997683017403665,0.6400670480754773,0.40094172932149696,0.06678082191780821,0.40094172932149696,0.14593378713445887,0.4406620388671939
RUSSIA,1938,0.4129545454545454,0.962438401367658,0.14779617525327962,0.31432552155778437,0.9997688132541229,0.6312896410189912,0.3982247502469471,0.06621004566210045,0.3982247502469471,0.14779617525327962,0.44456006521238656
RUSSIA,1938,0.4129545454545454,0.962438401367658,0.1484963070888735,0.31432552155778437,0.9996624630240719,0.6310571428250114,0.3982247502469471,0.0656392694063927,0.3982247502469471,0.1484963070888735,0.44454558370696645
RUSSIA,1938,0.4129545454545454,0.962438401367658,0.14919643892446743,0.3867286745691246,0.9997688132541229,0.6312896410189912,0.3982247502469471,0.06506849315068493,0.3982247502469471,0.14919643892446743,0.4518391871874865
RUSSIA,1938,0.4129545454545454,0.962438401367658,0.14989657076006133,0.3867286745691246,0.9996624630240719,0.6310571428250114,0.3982247502469471,0.06449771689497716,0.3982247502469471,0.14989657076006133,0.45182470568206634
RUSSIA,1938,0.4156713721061546,0.921755091110564,0.14900721366233838,0.4227517048512136,0.9997392488224712,0.6289620170042827,0.39287341425647193,0.0639269406392694,0.39287341425647193,0.14900721366233838,0.45054264727848836
RUSSIA,1938,0.4183881987577639,0.8810717808534699,0.14741772472902154,0.5311778881446428,0.9996933376922433,0.6263960905681125,0.38752207826599666,0.06335616438356165,0.38752207826599666,0.14741772472902154,0.4563365346462985
RUSSIA,1939,0.4211050254093732,0.840388470596376,0.14582823579570472,0.697274045037622,0.9997701234906426,0.6243009647473838,0.3821707422755215,0.06278538812785388,0.3821707422755215,0.14582823579570472,0.46795676912847056
RUSSIA,1939,0.42382185206098244,0.799705160339282,0.14423874686238786,0.7909670489192611,0.9997242123604149,0.6217350383112137,0.37681940628504623,0.062214611872146115,0.37681940628504623,0.14423874686238786,0.4722773385551016
RUSSIA,1939,0.4265386787125917,0.7590218500821879,0.14380147324924997,0.8269900792013501,0.9998009981588141,0.619639912490485,0.3714680702945711,0.06164383561643835,0.3714680702945711,0.14380147324924997,0.4710630926742114
RUSSIA,1939,0.4265386787125917,0.7590218500821879,0.14495368856942886,0.8269900792013501,0.9997846514602383,0.6194016100690234,0.3714680702945711,0.06107305936073059,0.3714680702945711,0.14495368856942886,0.4711248436218784
RUSSIA,1939,0.4265386787125917,0.7590218500821879,0.1461059038896078,0.8846600528009001,0.9998009981588141,0.619639912490485,0.3714680702945711,0.06050228310502283,0.3714680702945711,0.1461059038896078,0.47700452175350777
RUSSIA,1939,0.4265386787125917,0.7590218500821879,0.14725811920978676,0.8846600528009001,0.9997846514602381,0.6194016100690234,0.3714680702945711,0.059931506849315065,0.3714680702945711,0.14725811920978676,0.47706627270117474
RUSSIA,1939,0.42922196429442805,0.7432436070577146,0.14706445751210462,0.8480836779662738,0.9998012641380718,0.6191154347480403,0.3822801674279338,0.0593607305936073,0.3822801674279338,0.14706445751210462,0.47371349636522125
RUSSIA,1939,0.4319052498762644,0.7274653640332411,0.1457185804942435,0.8691772767311974,0.999793352265532,0.6183525125584629,0.39309226456129653,0.05878995433789954,0.39309226456129653,0.1457185804942435,0.475904757949299
RUSSIA,1940,0.4345885354581006,0.7116871210087677,0.1443727034763824,0.9268472503307474,0.9998099649433657,0.6180663372374801,0.40390436169465926,0.05821917808219178,0.40390436169465926,0.1443727034763824,0.4818037841587363
RUSSIA,1940,0.437271821039937,0.6959088779842943,0.14302682645852127,0.9268472503307474,0.9998020530708255,0.6173034150479024,0.41471645882802194,0.057648401826484015,0.41471645882802194,0.14302682645852127,0.48188568586632174
RUSSIA,1940,0.4399551066217733,0.6801306349598211,0.13952513408491357,0.8902708754961213,0.9998186657486592,0.6170172397269195,0.42552855596138467,0.05707762557077625,0.42552855596138467,0.13952513408491357,0.47803670492897943
RUSSIA,1940,0.4399551066217733,0.6801306349598211,0.13736931872916697,0.890270875496121,0.9998104878968613,0.6167787952797866,0.42552855596138467,0.05650684931506849,0.42552855596138467,0.13736931872916697,0.4776030539573681
RUSSIA,1940,0.4399551066217733,0.6801306349598211,0.13521350337342036,0.9268472503307474,0.9998186657486592,0.6170172397269195,0.42552855596138467,0.05593607305936073,0.42552855596138467,0.13521350337342036,0.48087636492900565
RUSSIA,1940,0.4399551066217733,0.6801306349598211,0.1330576880176737,0.9268472503307474,0.9998104878968613,0.6167787952797866,0.42552855596138467,0.055365296803652965,0.42552855596138467,0.1330576880176737,0.4804427139573944
RUSSIA,1940,0.4418078352974186,0.6457808808495576,0.12513165373115503,0.9000663579078925,0.9998187544735447,0.6109503053503029,0.39814396242131983,0.0547945205479452,0.39814396242131983,0.12513165373115503,0.4686433256578057
RUSSIA,1940,0.443660563973064,0.611431126739294,0.1193614348003829,0.9098618403196637,0.9998133902959386,0.6046279252315873,0.37075936888125494,0.05422374429223744,0.37075936888125494,0.1193614348003829,0.46077419505068934
RUSSIA,1941,0.4455132926487093,0.5770813726290306,0.11359121586961081,0.9464382151542899,0.9998216568726219,0.5987994353021036,0.3433747753411901,0.05365296803652968,0.3433747753411901,0.11359121586961081,0.4556339057802107
RUSSIA,1941,0.4473660213243547,0.5427316185187671,0.1078209969388387,0.9464382151542899,0.9998162926950158,0.5924770551833879,0.31599018180112526,0.053082191780821915,0.31599018180112526,0.1078209969388387,0.44678522693191725
RUSSIA,1941,0.44921875,0.5083818644085035,0.10111896189766681,0.919657322731435,0.9998245592716992,0.5866485652539042,0.2886055882610604,0.05251141552511415,0.2886055882610604,0.10111896189766681,0.4351694385191305
RUSSIA,1941,0.44921875,0.5083818644085035,0.10018714578726699,0.919657322731435,0.9998191063692078,0.5863931195118048,0.2886055882610604,0.05194063926940639,0.2886055882610604,0.10018714578726699,0.4349179597997553
RUSSIA,1941,0.44921875,0.5083818644085035,0.09925532967686719,0.9464382151542899,0.9998245592716992,0.5866485652539042,0.2886055882610604,0.05136986301369863,0.2886055882610604,0.09925532967686719,0.4373967500515837
RUSSIA,1941,0.44921875,0.5083818644085035,0.09832351356646736,0.9464382151542899,0.9998191063692078,0.5863931195118048,0.2886055882610604,0.050799086757990865,0.2886055882610604,0.09832351356646736,0.4371452713322085
RUSSIA,1941,0.45105091564927857,0.4857833769933464,0.09351341102709662,0.925314455120651,0.9998246036463645,0.5945153516576933,0.25848046226504817,0.0502283105022831,0.25848046226504817,0.09351341102709662,0.4285347436583616
RUSSIA,1941,0.45288308129855714,0.46318488957818926,0.0896351245981257,0.9309715875098672,0.9998205579685727,0.6021524469375292,0.22835533626903595,0.04965753424657534,0.22835533626903595,0.0896351245981257,0.42269260966126
RUSSIA,1942,0.4547152469478357,0.44058640216303224,0.08575683816915476,0.9577524799327222,0.9998260552457294,0.6102746790834177,0.19823021027302373,0.04908675799086758,0.19823021027302373,0.08575683816915476,0.4190123196496225
RUSSIA,1942,0.4565474125971143,0.41798791474787517,0.08187855174018382,0.9577524799327222,0.9998220095679378,0.6179117743632536,0.16810508427701149,0.048515981735159815,0.16810508427701149,0.08187855174018382,0.4126044724135993
RUSSIA,1942,0.4583795782463929,0.39538942733271804,0.07771604821434887,0.936628719899083,0.9998275068450944,0.6260340065091419,0.1379799582809993,0.04794520547945205,0.1379799582809993,0.07771604821434887,0.4040910845917828
RUSSIA,1942,0.4583795782463929,0.39538942733271804,0.07743183111748482,0.936628719899083,0.9998234167926375,0.6258043153851887,0.1379799582809993,0.04737442922374429,0.1379799582809993,0.07743183111748482,0.403939457471256
RUSSIA,1942,0.4583795782463929,0.39538942733271804,0.07714761402062079,0.9577524799327222,0.9998275068450944,0.6260340065091419,0.1379799582809993,0.04680365296803653,0.1379799582809993,0.07714761402062079,0.4059469625893751
RUSSIA,1942,0.4583795782463929,0.39538942733271804,0.07686339692375674,0.9577524799327222,0.9998234167926375,0.6258043153851887,0.1379799582809993,0.046232876712328765,0.1379799582809993,0.07686339692375674,0.4057953354688484
RUSSIA,1942,0.46019152131676117,0.37578805241625235,0.07410783216934201,0.9403126649619864,0.999827533473806,0.6326180828793261,0.14072189707924884,0.045662100456621,0.14072189707924884,0.07410783216934201,0.4029571360264331
RUSSIA,1942,0.46200346438712936,0.3561866774997866,0.07163648451179132,0.9439966100248895,0.9998242878802432,0.6389932543603412,0.1434638358774984,0.04509132420091324,0.1434638358774984,0.07163648451179132,0.402229349323126
RUSSIA,1943,0.46381540745749755,0.3365853025833209,0.06916513685424062,0.9651203700585285,0.9998284045614119,0.6458070218544785,0.14620577467574788,0.04452054794520548,0.14620577467574788,0.06916513685424062,0.4032901399456778
RUSSIA,1943,0.46562735052786575,0.31698392766685524,0.06669378919668993,0.9651203700585285,0.9998251589678491,0.6521821933354934,0.14894771347399746,0.043949771689497714,0.14894771347399746,0.06669378919668993,0.4021939587360803
RUSSIA,1943,0.467439293598234,0.2973825527503895,0.06441896593511896,0.9476805550877929,0.9998292756490177,0.6589959608296307,0.15168965227224698,0.04337899543378995,0.15168965227224698,0.06441896593511896,0.39942787051759165
RUSSIA,1943,0.467439293598234,0.2973825527503895,0.06461549033109869,0.9476805550877929,0.9998260034267432,0.6587870559404616,0.15168965227224698,0.04280821917808219,0.15168965227224698,0.06461549033109869,0.3993505150274881
RUSSIA,1943,0.467439293598234,0.2973825527503895,0.06481201472707843,0.9651203700585285,0.9998292756490177,0.6589959608296307,0.15168965227224698,0.04223744292237443,0.15168965227224698,0.06481201472707843,0.40105957645674684
RUSSIA,1943,0.467439293598234,0.2973825527503895,0.06500853912305815,0.9651203700585285,0.9998260034267432,0.6587870559404616,0.15168965227224698,0.041666666666666664,0.15168965227224698,0.06500853912305815,0.40098222096664327
RUSSIA,1943,0.4690018009506175,0.2935797352785712,0.06442639003885811,0.950270368141972,0.9998292934031225,0.6854384354202308,0.15949192767974443,0.0410958904109589,0.15949192767974443,0.06442639003885811,0.4030141845864166
RUSSIA,1943,0.470564308303001,0.2897769178067528,0.06364771655867836,0.9528601811961511,0.9998265842051512,0.7117532129598754,0.1672942030872419,0.04052511415525114,0.1672942030872419,0.06364771655867836,0.406726390932419
RUSSIA,1944,0.4721268156553845,0.2859741003349345,0.0628690430784986,0.9702999961668869,0.9998298741815306,0.7384045924396446,0.17509647849473936,0.03995433789954338,0.17509647849473936,0.0628690430784986,0.4119578575815246
RUSSIA,1944,0.4736893230077679,0.28217128286311616,0.06209036959831884,0.9702999961668869,0.9998271649835594,0.7647193699792891,0.1828987539022368,0.039383561643835614,0.1828987539022368,0.06209036959831884,0.4154110826221091
RUSSIA,1944,0.4752518303601514,0.27836846539129784,0.061284359822732726,0.9554499942503302,0.9998304549599387,0.7913707494590583,0.1907010293097343,0.03881278538812785,0.1907010293097343,0.061284359822732726,0.4174094671381745
RUSSIA,1944,0.4752518303601514,0.27836846539129784,0.06125702352732637,0.9554499942503302,0.9998277280078627,0.791243052408103,0.1907010293097343,0.03824200913242009,0.1907010293097343,0.06125702352732637,0.4173067078552043
RUSSIA,1944,0.4752518303601514,0.27836846539129784,0.061229687231920016,0.9702999961668869,0.9998304549599387,0.7913707494590583,0.1907010293097343,0.03767123287671233,0.1907010293097343,0.061229687231920016,0.4187150335644959
RUSSIA,1944,0.4752518303601514,0.27836846539129784,0.06120235093651365,0.9702999961668869,0.9998277280078625,0.791243052408103,0.1907010293097343,0.037100456621004564,0.1907010293097343,0.06120235093651365,0.4186122742815257
RUSSIA,1944,0.47677940581023187,0.28427781589288553,0.06126828459836352,0.9573700862316826,0.9998304676422409,0.790932105732628,0.1973015484065958,0.0365296803652968,0.1973015484065958,0.06126828459836352,0.41902288542701693
RUSSIA,1944,0.4783069812603123,0.29018716639447323,0.06136155455561974,0.9592901782130351,0.9998281428757103,0.7903654841700682,0.2039020675034573,0.03595890410958904,0.2039020675034573,0.06136155455561974,0.4208965232796755
RUSSIA,1945,0.47983455671039266,0.296096516896061,0.06145482451287597,0.9741401801295918,0.9998308825100886,0.7900545374945931,0.2105025866003188,0.03538812785388128,0.2105025866003188,0.06145482451287597,0.4240892260546538
RUSSIA,1945,0.4813621321604732,0.3020058673976487,0.061548094470132195,0.9741401801295918,0.9998285577435579,0.7894879159320333,0.21710310569718025,0.034817351598173514,0.21710310569718025,0.061548094470132195,0.4257708547091771
RUSSIA,1945,0.48288970761055355,0.30791521789923637,0.06229137438618156,0.9612102701943878,0.9998312973779363,0.7891769692565583,0.22370362479404177,0.03424657534246575,0.22370362479404177,0.06229137438618156,0.42628306779279834
RUSSIA,1945,0.48288970761055355,0.30791521789923637,0.06294138434497472,0.9612102701943878,0.9998289599291035,0.7890489914204288,0.22370362479404177,0.03367579908675799,0.22370362479404177,0.06294138434497472,0.42628192131976494
RUSSIA,1945,0.48288970761055355,0.30791521789923637,0.06359139430376785,0.9741401801295918,0.9998312973779363,0.7891769692565582,0.22370362479404177,0.033105022831050226,0.22370362479404177,0.06359139430376785,0.42759982889724435
RUSSIA,1945,0.48288970761055355,0.30791521789923637,0.064241404262561,0.9741401801295918,0.9998289599291035,0.7890489914204288,0.22370362479404177,0.032534246575342464,0.22370362479404177,0.064241404262561,0.42759868242421095
RUSSIA,1945,0.48439324493813124,0.3136588645736548,0.06733106622946251,0.9626906802775832,0.9998313068900998,0.7974404773073948,0.2426766141743403,0.0319634703196347,0.2426766141743403,0.06733106622946251,0.4313167922541087
RUSSIA,1945,0.4858967822657088,0.3194025112480733,0.06977071823757088,0.9641710903607784,0.9998292710942789,0.8056019222587644,0.26164960355463884,0.03139269406392694,0.26164960355463884,0.06977071823757088,0.43620694921446646
RUSSIA,1946,0.48740031959328645,0.32514615792249174,0.07221037024567922,0.9771010002959825,0.9998316180552752,0.8139934081457305,0.2806225929349374,0.030821917808219176,0.2806225929349374,0.07221037024567922,0.44226549852926644
RUSSIA,1946,0.488903856920864,0.3308898045969102,0.07465002225378758,0.9771010002959825,0.9998295822594544,0.8221548530970999,0.2995955823152359,0.030251141552511414,0.2995955823152359,0.07465002225378758,0.4470076144813046
RUSSIA,1946,0.4904073942484417,0.33663345127132865,0.07804956776195449,0.9656515004439739,0.9998319292204508,0.830546338984066,0.3185685716955345,0.02968036529680365,0.3185685716955345,0.07804956776195449,0.45077220684239216
RUSSIA,1946,0.4904073942484417,0.33663345127132865,0.07900946126201303,0.9656515004439739,0.9998298839124665,0.830444275884599,0.3185685716955345,0.02910958904109589,0.3185685716955345,0.07900946126201303,0.4508201635882997
RUSSIA,1946,0.4904073942484417,0.33663345127132865,0.07996935476207158,0.9771010002959825,0.9998319292204508,0.830546338984066,0.3185685716955345,0.028538812785388126,0.3185685716955345,0.07996935476207158,0.4520338920008983
RUSSIA,1946,0.4904073942484417,0.33663345127132865,0.08092924826213012,0.9771010002959825,0.9998298839124665,0.830444275884599,0.3185685716955345,0.027968036529680364,0.3185685716955345,0.08092924826213012,0.45208184874680574
RUSSIA,1946,0.4918874564244766,0.3630086490481393,0.08304982428618526,0.9668277376733403,0.9998319366190591,0.8291976777487514,0.319339290323654,0.0273972602739726,0.319339290323654,0.08304982428618526,0.4541376748051723
RUSSIA,1946,0.4933675186005114,0.3893838468249499,0.08421050681018188,0.9680039749027067,0.9998301259382936,0.8277440800522161,0.32011000895177355,0.02682648401826484,0.32011000895177355,0.08421050681018188,0.4571733805289264
RUSSIA,1947,0.49484758077654634,0.4157590446017606,0.08537118933417849,0.9794534747547156,0.9998321786448863,0.8264974819163685,0.32088072757989294,0.026255707762557076,0.32088072757989294,0.08537118933417849,0.46125749880974937
RUSSIA,1947,0.49632764295258125,0.44213424237857124,0.0865318718581751,0.9794534747547156,0.999830367964121,0.8250438842198331,0.3216514462080125,0.025684931506849314,0.3216514462080125,0.0865318718581751,0.46417558081056687
RUSSIA,1947,0.4978077051286161,0.4685094401553819,0.08856643231096624,0.9691802121320734,0.9998324206707135,0.8237972860839855,0.322422164836132,0.02511415525114155,0.322422164836132,0.08856643231096624,0.4662185045332439
RUSSIA,1947,0.4978077051286161,0.4685094401553819,0.08944031023976075,0.9691802121320734,0.9998306025913399,0.8236923496227648,0.322422164836132,0.02454337899543379,0.322422164836132,0.08944031023976075,0.46625329433014745
RUSSIA,1947,0.4978077051286161,0.4685094401553819,0.09031418816855526,0.9794534747547156,0.9998324206707135,0.8237972860839855,0.322422164836132,0.023972602739726026,0.322422164836132,0.09031418816855526,0.4673367612974342
RUSSIA,1947,0.4978077051286161,0.4685094401553819,0.09118806609734978,0.9794534747547156,0.9998306025913399,0.8236923496227648,0.322422164836132,0.023401826484018264,0.322422164836132,0.09118806609734978,0.46737155109433776
RUSSIA,1947,0.4992648376805951,0.48611830374502907,0.09217271399402494,0.9701372884449629,0.9998324265897631,0.8225438223311858,0.3196559922666816,0.0228310502283105,0.3196559922666816,0.09217271399402494,0.467951873236536
RUSSIA,1947,0.500721970232574,0.5037271673346762,0.09228348396190558,0.9710943647578525,0.9998307962173371,0.8211822677235417,0.3168898196972311,0.02226027397260274,0.3168898196972311,0.09228348396190558,0.46940679178298783
RUSSIA,1948,0.502179102784553,0.5213360309243233,0.09239425392978624,0.9813676273804945,0.9998326202157604,0.8200337404319628,0.31412364712778074,0.021689497716894976,0.31412364712778074,0.09239425392978624,0.4718149771291064
RUSSIA,1948,0.503636235336532,0.5389448945139705,0.09250502389766688,0.9813676273804945,0.9998309898433343,0.8186721858243187,0.3113574745583303,0.021118721461187213,0.3113574745583303,0.09250502389766688,0.47317418804426936
RUSSIA,1948,0.5050933678885109,0.5565537581036176,0.09329444241239246,0.9720514410707419,0.9998328138417575,0.8175236585327396,0.30859130198887985,0.02054794520547945,0.30859130198887985,0.09329444241239246,0.47372522577917514
RUSSIA,1948,0.5050933678885109,0.5565537581036176,0.09397309095923738,0.9720514410707419,0.9998311775502817,0.8174155676778954,0.30859130198887985,0.01997716894977168,0.30859130198887985,0.09397309095923738,0.4737304339082137
RUSSIA,1948,0.5050933678885109,0.5565537581036176,0.0946517395060823,0.9813676273804945,0.9998328138417575,0.8175236585327397,0.30859130198887985,0.019406392694063926,0.30859130198887985,0.0946517395060823,0.4746892060974915
RUSSIA,1948,0.5050933678885109,0.5565537581036176,0.09533038805292722,0.9813676273804945,0.9998311775502817,0.8174155676778954,0.30859130198887985,0.01883561643835617,0.30859130198887985,0.09533038805292722,0.4746944142265301
RUSSIA,1948,0.506528099570855,0.568181371279658,0.09679930911371934,0.9728453887205571,0.9998328186847243,0.8161799294348107,0.310152111112399,0.0182648401826484,0.310152111112399,0.09679930911371934,0.47546560480891836
RUSSIA,1948,0.5079628312531991,0.5798089844556982,0.09758958162766652,0.9736393363703725,0.9998313359750798,0.8147247682052028,0.3117129202359181,0.01769406392694063,0.3117129202359181,0.09758958162766652,0.4770443520571941
RUSSIA,1949,0.5093975629355432,0.5914365976317386,0.09837985414161372,0.9829555226801251,0.9998329771095223,0.8134891299621181,0.3132737293594373,0.017123287671232876,0.3132737293594373,0.09837985414161372,0.47949758785452457
RUSSIA,1949,0.5108322946178873,0.6030642108077788,0.09917012665556092,0.9829555226801251,0.9998314943998778,0.8120339687325103,0.3148345384829564,0.01655251141552512,0.3148345384829564,0.09917012665556092,0.48099694033781876
RUSSIA,1949,0.5122670263002314,0.6146918239838192,0.10080129146701786,0.9744332840201878,0.9998331355343204,0.8107983304894256,0.3163953476064756,0.01598173515981735,0.3163953476064756,0.10080129146701786,0.4817924674828067
RUSSIA,1949,0.5122670263002314,0.6146918239838192,0.10164218376452763,0.9744332840201878,0.9998316479817093,0.8106868983577467,0.3163953476064756,0.015410958904109581,0.3163953476064756,0.10164218376452763,0.481821692920648
RUSSIA,1949,0.5122670263002314,0.6146918239838192,0.1024830760620374,0.9829555226801251,0.9998331355343204,0.8107983304894255,0.3163953476064756,0.014840182648401826,0.3163953476064756,0.1024830760620374,0.482725726161341
RUSSIA,1949,0.5122670263002314,0.6146918239838192,0.10332396835954713,0.9829555226801251,0.9998316479817092,0.8106868983577467,0.3163953476064756,0.01426940639269407,0.3163953476064756,0.10332396835954713,0.4827549515991823
RUSSIA,1949,0.5136798697340199,0.6187340984548774,0.10327254912834571,0.9751025344336316,0.9998617245564079,0.8093688774966221,0.31426797247792065,0.0136986301369863,0.31426797247792065,0.10327254912834571,0.48204457671574485
RUSSIA,1949,0.5150927131678086,0.6227763729259357,0.10238023759963455,0.9757717848470755,0.9998901392955343,0.8078244379368165,0.3121405973493657,0.013127853881278531,0.3121405973493657,0.10238023759963455,0.48203748380024936
RUSSIA,1950,0.5165055566015972,0.6268186473969941,0.10148792607092336,0.9842940235070129,0.9999202158702328,0.8065064170756917,0.31001322222081074,0.012557077625570776,0.31001322222081074,0.10148792607092336,0.4828384977628286
RUSSIA,1950,0.5179184000353858,0.6308609218680522,0.10059561454221218,0.9842940235070129,0.999948630609359,0.8049619775158859,0.30788584709225575,0.01198630136986302,0.30788584709225575,0.10059561454221218,0.48276447980598863
RUSSIA,1950,0.5193312434691745,0.6349031963391105,0.10030160515406987,0.9764410352605193,0.9999787071840578,0.8036439566547614,0.3057584719637008,0.01141552511415525,0.3057584719637008,0.10030160515406987,0.48201771639901003
RUSSIA,1950,0.5193312434691745,0.6349031963391105,0.10089990729463875,0.9764410352605193,0.9999785329010965,0.8035289700877591,0.3057584719637008,0.010844748858447481,0.3057584719637008,0.10089990729463875,0.48201032919674286
RUSSIA,1950,0.5193312434691745,0.6349031963391105,0.10149820943520767,0.9842940235070129,0.9999787071840578,0.8036439566547614,0.3057584719637008,0.010273972602739725,0.3057584719637008,0.10149820943520767,0.48281127298911775
RUSSIA,1950,0.5193312434691745,0.6349031963391105,0.10209651157577655,0.9842940235070129,0.9999785329010965,0.8035289700877591,0.3057584719637008,0.00970319634703197,0.3057584719637008,0.10209651157577655,0.4828038857868505
RUSSIA,1950,0.5218991998396816,0.6163152425124203,0.10171924493312128,0.9770128267923204,0.9999783599145523,0.8021149157362186,0.3075795099936111,0.0091324200913242,0.3075795099936111,0.10171924493312128,0.48059169072421204
RUSSIA,1950,0.5244671562101887,0.59772728868573,0.10074367614989714,0.9775846183241212,0.9999778384118813,0.8004671036074059,0.3094005480235214,0.008561643835616431,0.3094005480235214,0.10074367614989714,0.47905163853579746
RUSSIA,1951,0.5270351125806959,0.5791393348590397,0.09976810736667298,0.9854376065706146,0.9999776654253371,0.7990530492558653,0.3112215860534317,0.007990867579908675,0.3112215860534317,0.09976810736667298,0.47826311664819215
RUSSIA,1951,0.529603068951203,0.5605513810323494,0.09879253858344883,0.9854376065706146,0.9999771439226659,0.7974052371270526,0.31304262408334205,0.00742009132420092,0.31304262408334205,0.09879253858344883,0.4766658853065976
RUSSIA,1951,0.5321710253217101,0.5419634272056592,0.0986593128909887,0.9781564098559221,0.9999769709361219,0.7959911827755122,0.31486366211325234,0.00684931506849315,0.31486366211325234,0.0986593128909887,0.47449029638648826
RUSSIA,1951,0.5321710253217101,0.5419634272056592,0.09950165598175273,0.9781564098559221,0.9999767967029562,0.7958724115652422,0.31486366211325234,0.006278538812785381,0.31486366211325234,0.09950165598175273,0.4745191368674031
RUSSIA,1951,0.5321710253217101,0.5419634272056592,0.10034399907251675,0.9854376065706146,0.9999769709361219,0.7959911827755122,0.31486366211325234,0.005707762557077625,0.31486366211325234,0.10034399907251675,0.47529988610847446
RUSSIA,1951,0.5321710253217101,0.5419634272056592,0.10118634216328078,0.9854376065706146,0.9999767967029562,0.7958724115652422,0.31486366211325234,0.00513698630136987,0.31486366211325234,0.10118634216328078,0.4753287265893893
RUSSIA,1951,0.5347040435103055,0.5428904517873552,0.10203731567050056,0.9786505861695544,0.9999766224697906,0.7943690972682174,0.31682728241337277,0.0045662100456621,0.31682728241337277,0.10203731567050056,0.47530890351546795
RUSSIA,1951,0.5372370616989011,0.543817476369051,0.10204594608695632,0.9791447624831866,0.9999760997702936,0.7926241896966127,0.31879090271349325,0.003995433789954331,0.31879090271349325,0.10204594608695632,0.47586665447531024
RUSSIA,1952,0.5397700798874967,0.5447445009507469,0.10205457650341207,0.9864259591978792,0.9999759255371279,0.791120875399588,0.3207545230136137,0.003424657534246575,0.3207545230136137,0.10205457650341207,0.47712730164934963
RUSSIA,1952,0.5423030980760922,0.5456715255324429,0.10206320691986784,0.9864259591978792,0.9999754028376309,0.7893759678279831,0.32271814331373416,0.0028538812785388196,0.32271814331373416,0.10206320691986784,0.4776356349778287
RUSSIA,1952,0.5448361162646876,0.5465985501141388,0.10271660572841612,0.9796389387968188,0.9999752286044652,0.7878726535309584,0.3246817636138546,0.00228310502283105,0.3246817636138546,0.10271660572841612,0.4775861756991066
RUSSIA,1952,0.5448361162646876,0.5465985501141388,0.10336137412050865,0.9796389387968188,0.9999750543712995,0.7877498314666483,0.3246817636138546,0.0017123287671232806,0.3246817636138546,0.10336137412050865,0.4775849748898168
RUSSIA,1952,0.5448361162646876,0.5465985501141388,0.10400614251260117,0.9864259591978792,0.9999752286044652,0.7878726535309584,0.3246817636138546,0.001141552511415525,0.3246817636138546,0.10400614251260117,0.47828707538012805
RUSSIA,1952,0.5448361162646876,0.5465985501141388,0.10465091090469367,0.9864259591978792,0.9999750543712995,0.7877498314666482,0.3246817636138546,0.0005707762557077695,0.3246817636138546,0.10465091090469367,0.47828587457083815
RUSSIA,1952,0.5473349044777616,0.5485504168573794,0.10496856648195833,0.9800702987720042,0.9999748801381338,0.7861303650188523,0.3260927876897006,0.0,0.3260927876897006,0.10496856648195833,0.47823203487605015
RUSSIA,1952,0.5498336926908355,0.5505022836006199,0.10464145366713047,0.9805016587471895,0.9999743574386368,0.7842609221196088,0.3275038117655466,0.0,0.3275038117655466,0.10464145366713047,0.4788207659091325
RUSSIA,1953,0.5523324809039094,0.5524541503438605,0.1043143408523026,0.98728867914825,0.9999741832054712,0.7826414556718128,0.32891483584139264,0.0,0.32891483584139264,0.1043143408523026,0.48007009547658025
RUSSIA,1953,0.5548312691169833,0.554406017087101,0.10398722803747473,0.98728867914825,0.9999736605059741,0.7807720127725694,0.3303258599172386,0.0,0.3303258599172386,0.10398722803747473,0.48061569051214403
RUSSIA,1953,0.5573300573300572,0.5563578838303416,0.10455392344545167,0.980933018722375,0.9999734862728085,0.7791525463247733,0.33173688399308465,0.0,0.33173688399308465,0.10455392344545167,0.48068482323031897
RUSSIA,1953,0.5573300573300572,0.5563578838303416,0.10544773166825645,0.980933018722375,0.9999733120396428,0.7790253919376361,0.33173688399308465,0.0,0.33173688399308465,0.10544773166825645,0.4808061616017094
RUSSIA,1953,0.5573300573300572,0.5563578838303416,0.10634153989106125,0.98728867914825,0.9999734862728085,0.7791525463247733,0.33173688399308465,0.0,0.33173688399308465,0.10634153989106125,0.48158853173974786
RUSSIA,1953,0.5573300573300572,0.5563578838303416,0.10723534811386606,0.98728867914825,0.9999733120396428,0.779025391937636,0.33173688399308465,0.0,0.33173688399308465,0.10723534811386606,0.4817098701111383
RUSSIA,1953,0.5597953047617477,0.576447668945425,0.10915368374151953,0.9813128238000782,0.9999731378064771,0.7772828517402419,0.3336371011239364,0.0,0.3336371011239364,0.10915368374151953,0.4838895616733029
RUSSIA,1953,0.5622605521934381,0.5965374540605085,0.11017821114636821,0.9816926288777814,0.9999726151069801,0.7752813536415933,0.33553731825478816,0.0,0.33553731825478816,0.11017821114636821,0.4865448174078756
RUSSIA,1954,0.5647257996251285,0.6166272391755918,0.11120273855121691,0.9880482893036564,0.9999724408738144,0.7735388134441993,0.33743753538564,0.0,0.33743753538564,0.11120273855121691,0.48982358931402403
RUSSIA,1954,0.5671910470568189,0.6367170242906753,0.11222726595606561,0.9880482893036564,0.9999719181743174,0.7715373153455507,0.3393377525164917,0.0,0.3393377525164917,0.11222726595606561,0.4924408645408265
RUSSIA,1954,0.5696562944885093,0.6568068094057588,0.11402197276313601,0.9820724339554848,0.9999717439411517,0.7697947751481566,0.3412379696473435,0.0,0.3412379696473435,0.11402197276313601,0.4946020117799036
RUSSIA,1954,0.5696562944885093,0.6568068094057588,0.11479215216535774,0.9820724339554848,0.9999715697079861,0.7696629716340395,0.3412379696473435,0.0,0.3412379696473435,0.11479215216535774,0.4947043409155086
RUSSIA,1954,0.5696562944885093,0.6568068094057588,0.11556233156757949,0.9880482893036564,0.9999717439411517,0.7697947751481566,0.3412379696473435,0.0,0.3412379696473435,0.11556233156757949,0.4954306511353873
RUSSIA,1954,0.5696562944885093,0.6568068094057588,0.11633251096980121,0.9880482893036564,0.9999715697079861,0.7696629716340395,0.3412379696473435,0.0009398496240601503,0.3412379696473435,0.11633251096980121,0.49567395771460127
RUSSIA,1954,0.5720886719544438,0.6599396175296162,0.11626186018947482,0.982409405498277,0.9999713954748204,0.7677831691465002,0.3450306276355176,0.0018796992481203006,0.3450306276355176,0.11626186018947482,0.49629948761905496
RUSSIA,1954,0.5745210494203783,0.6630724256534734,0.11542103000692672,0.9827463770410695,0.9999708727753234,0.7656347576310348,0.3488232856236918,0.002819548872180451,0.3488232856236918,0.11542103000692672,0.49738018039856674
RUSSIA,1955,0.5769534268863128,0.6662052337773308,0.11458019982437859,0.9887222323892413,0.9999706985421577,0.7637549551434953,0.35261594361186593,0.0037593984962406013,0.35261594361186593,0.11458019982437859,0.4990516573080423
RUSSIA,1955,0.5793858043522473,0.6693380419011882,0.11373936964183047,0.9887222323892413,0.9999701758426607,0.7616065436280302,0.35640860160004006,0.004699248120300752,0.35640860160004006,0.11373936964183047,0.5000986529332749
RUSSIA,1955,0.5818181818181818,0.6724708500250455,0.11387957092381143,0.9830833485838617,0.999970001609495,0.7597267411404908,0.3602012595882142,0.005639097744360902,0.3602012595882142,0.11387957092381143,0.5007558106470746
RUSSIA,1955,0.5818181818181818,0.6724708500250455,0.11486060238834053,0.9830833485838617,0.9999698273763293,0.7595899356266821,0.3602012595882142,0.006578947368421052,0.3602012595882142,0.11486060238834053,0.5010302448356656
RUSSIA,1955,0.5818181818181818,0.6724708500250455,0.11584163385286964,0.9887222323892413,0.999970001609495,0.7597267411404908,0.3602012595882142,0.007518796992481203,0.3602012595882142,0.11584163385286964,0.5018959633541894
RUSSIA,1955,0.5818181818181818,0.6724708500250455,0.11682266531739871,0.9887222323892413,0.9999698273763293,0.759589935626682,0.3602012595882142,0.008458646616541353,0.3602012595882142,0.11682266531739871,0.5021703975427803
RUSSIA,1955,0.5842183423640377,0.6685853775267481,0.11827234825031821,0.9833843458084722,0.9999696531431639,0.757555839888236,0.36090207045819445,0.009398496240601503,0.36090207045819445,0.11827234825031821,0.5018682102336349
RUSSIA,1955,0.5866185029098936,0.6646999050284508,0.11874099971870859,0.9836853430330826,0.9999691304436669,0.7552427370496273,0.3616028813281747,0.010338345864661654,0.3616028813281747,0.11874099971870859,0.5019548210286986
RUSSIA,1956,0.5890186634557495,0.6608144325301535,0.119209651187099,0.989324226838462,0.9999689562105012,0.7532086413111813,0.3623036921981549,0.011278195488721804,0.3623036921981549,0.119209651187099,0.5026031560384887
RUSSIA,1956,0.5914188240016054,0.6569289600318562,0.11967830265548943,0.989324226838462,0.9999684335110042,0.7508955384725726,0.36300450306813514,0.012218045112781954,0.36300450306813514,0.11967830265548943,0.5026596671110914
RUSSIA,1956,0.5938189845474613,0.6530434875335588,0.1209487033160479,0.9839863402576932,0.9999682592778385,0.7488614427341267,0.3637053139381154,0.013157894736842105,0.3637053139381154,0.1209487033160479,0.5023305874610918
RUSSIA,1956,0.5938189845474613,0.6530434875335588,0.12175045250821599,0.9839863402576932,0.9999680850446728,0.7487192411477727,0.3637053139381154,0.014097744360902255,0.3637053139381154,0.12175045250821599,0.5025775897015741
RUSSIA,1956,0.5938189845474613,0.6530434875335588,0.12255220170038408,0.989324226838462,0.9999682592778385,0.7488614427341267,0.3637053139381154,0.015037593984962405,0.3637053139381154,0.12255220170038408,0.5033868557640371
RUSSIA,1956,0.5938189845474613,0.6530434875335588,0.12335395089255216,0.989324226838462,0.9999680850446728,0.7487192411477727,0.3637053139381154,0.015977443609022556,0.3637053139381154,0.12335395089255216,0.5036338580045194
RUSSIA,1956,0.5961875640335033,0.6535958684522127,0.12442885586852115,0.8143694382836072,0.9997889531816877,0.7464871003546545,0.3660577519063982,0.016917293233082706,0.3660577519063982,0.12442885586852115,0.4869628557834421
RUSSIA,1956,0.5985561435195453,0.6541482493708668,0.12470201165232205,0.6447525363095215,0.999604767745604,0.7439647424070069,0.36841018987468105,0.017857142857142856,0.36841018987468105,0.12470201165232205,0.4706758527688537
RUSSIA,1957,0.6009247230055873,0.6547006302895207,0.12497516743612294,0.47578666751135745,0.9994256358826192,0.7417326016138889,0.3707626278429638,0.018796992481203006,0.3707626278429638,0.12497516743612294,0.45448348014462026
RUSSIA,1957,0.6032933024916295,0.6552530112081747,0.12524832321992382,0.30148291213242445,0.9992414504465355,0.7392102436662413,0.37311506581124665,0.019736842105263157,0.37311506581124665,0.12524832321992382,0.4377277917895471
RUSSIA,1957,0.6056618819776715,0.6558053921268288,0.12640819634654787,0.12652812357756968,0.9990623185835507,0.7369781028731233,0.3754675037795295,0.020676691729323307,0.3754675037795295,0.12640819634654787,0.4210695347910681
RUSSIA,1957,0.6056618819776715,0.6558053921268288,0.127294913689371,0.1265281235775697,0.9990574392436175,0.7368300873049478,0.3754675037795295,0.021616541353383457,0.3754675037795295,0.127294913689371,0.42132823034528977
RUSSIA,1957,0.6056618819776715,0.6558053921268288,0.12818163103219413,0.12717915675349142,0.9990623185835507,0.7369781028731233,0.3754675037795295,0.022556390977443608,0.3754675037795295,0.12818163103219413,0.42168260819872533
RUSSIA,1957,0.6056618819776715,0.6558053921268288,0.12906834837501727,0.1271791567534914,0.9990574392436175,0.7368300873049478,0.3754675037795295,0.023496240601503758,0.3754675037795295,0.12906834837501727,0.421941303752947
RUSSIA,1957,0.6079994996403665,0.6704624655051264,0.13104265027514309,0.13869011968943018,0.9990522812860151,0.734373717854533,0.3765633975475729,0.02443609022556391,0.3765633975475729,0.13104265027514309,0.4252641040868075
RUSSIA,1957,0.6103371173030616,0.6851195388834241,0.13213023483244574,0.15085211580129068,0.9990373576891534,0.7316150370193343,0.37765929131561626,0.02537593984962406,0.37765929131561626,0.13213023483244574,0.42848779243443247
RUSSIA,1958,0.6126747349657566,0.6997766122617219,0.13321781938974842,0.1639334865854467,0.999032199731551,0.7291586675689194,0.37875518508365963,0.02631578947368421,0.37875518508365963,0.13321781938974842,0.43183462595169136
RUSSIA,1958,0.6150123526284517,0.7144336856400196,0.1343054039470511,0.17636382419368096,0.9990172761346893,0.7263999867337209,0.37985107885170305,0.02725563909774436,0.37985107885170305,0.1343054039470511,0.4350851484489537
RUSSIA,1958,0.6173499702911467,0.7290907590183173,0.13615854279096742,0.18787478712961975,0.9990121181770869,0.723943617283306,0.38094697261974647,0.02819548872180451,0.38094697261974647,0.13615854279096742,0.43838977432438286
RUSSIA,1958,0.6173499702911467,0.7290907590183173,0.13692409707758108,0.18787478712961975,0.9990072318777606,0.7237893214666975,0.38094697261974647,0.02913533834586466,0.38094697261974647,0.13692409707758108,0.4386296666993904
RUSSIA,1958,0.6173499702911467,0.7290907590183173,0.13768965136419475,0.18879416180191527,0.9990121181770869,0.7239436172833059,0.38094697261974647,0.03007518796992481,0.38094697261974647,0.13768965136419475,0.4389933329648145
RUSSIA,1958,0.6173499702911467,0.7290907590183173,0.13845520565080843,0.18879416180191527,0.9990072318777606,0.7237893214666975,0.38094697261974647,0.03101503759398496,0.38094697261974647,0.13845520565080843,0.4392332253398221
RUSSIA,1958,0.6196572292828977,0.7328134665203956,0.13813173045941893,0.19289410613409053,0.999001220304122,0.7212467403104224,0.38155193515430275,0.03195488721804511,0.38155193515430275,0.13813173045941893,0.4402899206441028
RUSSIA,1958,0.6219644882746487,0.7365361740224741,0.13704270098141577,0.19791342513856128,0.9989854093617436,0.7183885737955205,0.38215689768885897,0.03289473684210526,0.38215689768885897,0.13704270098141577,0.44129118179988436
RUSSIA,1959,0.6242717472663996,0.7402588815245524,0.13595367150341262,0.2039270085571062,0.998979397788105,0.7158459926392452,0.3827618602234152,0.03383458646616541,0.3827618602234152,0.13595367150341262,0.44242440786980985
RUSSIA,1959,0.6265790062581507,0.7439815890266307,0.13486464202540946,0.20902121730335552,0.9989635868457267,0.7129878261243435,0.38336682275797146,0.03477443609022556,0.38336682275797146,0.13486464202540946,0.44343315799976935
RUSSIA,1959,0.6288862652499015,0.7477042965287091,0.1345446414670895,0.21312116163553077,0.998957575272088,0.7104452449680682,0.3839717852925277,0.03571428571428571,0.3839717852925277,0.1345446414670895,0.4444903744990103
RUSSIA,1959,0.6288862652499015,0.7477042965287091,0.13531367038677272,0.21312116163553077,0.9989526622026748,0.7102839554260502,0.3839717852925277,0.03665413533834586,0.3839717852925277,0.13531367038677272,0.4447300860194287
RUSSIA,1959,0.6288862652499015,0.7477042965287091,0.13608269930645595,0.2141154260496049,0.998957575272088,0.7104452449680682,0.3839717852925277,0.03759398496240601,0.3839717852925277,0.13608269930645595,0.44510246450354074
RUSSIA,1959,0.6288862652499015,0.7477042965287091,0.13685172822613917,0.2141154260496049,0.9989526622026746,0.7102839554260502,0.3839717852925277,0.03853383458646616,0.3839717852925277,0.13685172822613917,0.44534217602395915
RUSSIA,1959,0.631272385165372,0.7576364806229117,0.13767967428961783,0.21903156161713921,0.9989477491332615,0.7074071296974402,0.3856333383875099,0.039473684210526314,0.3856333383875099,0.13767967428961783,0.4474111544150292
RUSSIA,1959,0.6336585050808424,0.7675686647171144,0.1377385914334133,0.22494196159874766,0.9989330099250218,0.7042001703976659,0.3872948914824921,0.040413533834586464,0.3872948914824921,0.1377385914334133,0.4494302089385552
RUSSIA,1960,0.6360446249963131,0.7775008488113169,0.13779750857720874,0.23193481735591504,0.9989280968556086,0.701323344669056,0.38895644457747425,0.041353383458646614,0.38895644457747425,0.13779750857720874,0.45159150501063616
RUSSIA,1960,0.6384307449117835,0.7874330329055196,0.1378564257210042,0.2379334086990083,0.9989133576473689,0.6981163853692818,0.3906179976724564,0.042293233082706765,0.3906179976724564,0.1378564257210042,0.45361937867031055
RUSSIA,1960,0.640816864827254,0.7973652169997222,0.1384624010650939,0.24284954426654265,0.9989084445779556,0.6952395596406719,0.39227955076743865,0.043233082706766915,0.39227955076743865,0.1384624010650939,0.45565506145347234
RUSSIA,1960,0.640816864827254,0.7973652169997222,0.13900945926538807,0.24284954426654265,0.9989035315085424,0.6950707156115256,0.39227955076743865,0.044172932330827065,0.39227955076743865,0.13900945926538807,0.45586072191726956
RUSSIA,1960,0.640816864827254,0.7973652169997222,0.13955651746568226,0.24393200004210155,0.9989084445779556,0.6952395596406719,0.39227955076743865,0.045112781954887216,0.39227955076743865,0.13955651746568226,0.4562093793783345
RUSSIA,1960,0.640816864827254,0.7973652169997222,0.14010357566597648,0.24393200004210155,0.9989035315085424,0.6950707156115256,0.39227955076743865,0.046052631578947366,0.39227955076743865,0.14010357566597648,0.4564150398421317
RUSSIA,1960,0.6423807849217676,0.8028603962856622,0.14048042528857607,0.24991189945446904,0.9988986184391292,0.693870284039277,0.3870321831680723,0.046992481203007516,0.3870321831680723,0.14048042528857607,0.45708700100906735
RUSSIA,1960,0.6439447050162814,0.8083555755716022,0.14031021671088145,0.2569742546423954,0.9988838792308895,0.6923292942006523,0.38178481556870597,0.047932330827067667,0.38178481556870597,0.14031021671088145,0.45775011058299453
RUSSIA,1961,0.6455086251107952,0.8138507548575422,0.1401400081331868,0.26522445497822,0.9988789661614762,0.6911288626284038,0.37653744796933963,0.04887218045112782,0.37653744796933963,0.1401400081331868,0.45856704311223173
RUSSIA,1961,0.6470725452053089,0.8193459341434824,0.13996979955549219,0.2723921995384856,0.9988642269532365,0.689587872789779,0.3712900803699733,0.04981203007518797,0.3712900803699733,0.13996979955549219,0.45924069162339276
RUSSIA,1961,0.6486364652998227,0.8248411134294223,0.14044838473685914,0.278372098950853,0.9988593138838233,0.6883874412175305,0.36604271277060696,0.05075187969924812,0.36604271277060696,0.14044838473685914,0.45992791312414355
RUSSIA,1961,0.6486364652998227,0.8248411134294223,0.14109717849592068,0.2783720989508531,0.9988544008144101,0.6882157269803006,0.36604271277060696,0.05169172932330827,0.36604271277060696,0.14109717849592068,0.4601485469009475
RUSSIA,1961,0.6486364652998227,0.8248411134294223,0.14174597225498226,0.27955994409875123,0.9988593138838233,0.6883874412175306,0.36604271277060696,0.05263157894736842,0.36604271277060696,0.14174597225498226,0.4605232906538699
RUSSIA,1961,0.6486364652998227,0.8248411134294223,0.14239476601404386,0.27955994409875123,0.9988544008144101,0.6882157269803006,0.36604271277060696,0.05357142857142857,0.36604271277060696,0.14239476601404386,0.4607439244306738
RUSSIA,1961,0.6501788635515093,0.8278820131736714,0.1420025602062422,0.28696039324188893,0.9988494877449969,0.6827384430338481,0.37231131804964973,0.05451127819548872,0.37231131804964973,0.1420025602062422,0.46249363671987415
RUSSIA,1961,0.651721261803196,0.8309229129179204,0.14096156063937898,0.29554868753292474,0.9988347485367571,0.6769031493900337,0.3785799233286925,0.05545112781954887,0.3785799233286925,0.14096156063937898,0.4642280308763862
RUSSIA,1962,0.6532636600548827,0.8339638126621696,0.13992056107251577,0.3054530012584367,0.9988298354673439,0.6714258654435813,0.3848485286077352,0.05639097744360902,0.3848485286077352,0.13992056107251577,0.46613081055996464
RUSSIA,1962,0.6548060583065693,0.8370047124064186,0.13887956150565253,0.31416946983605054,0.9988150962591043,0.6655905717997668,0.39111713388677793,0.05733082706766917,0.39111713388677793,0.13887956150565253,0.46787802214513446
RUSSIA,1962,0.656348456558256,0.8400456121506676,0.13810495500615694,0.32156991897918824,0.998810183189691,0.6601132878533145,0.3973857391658207,0.05827067669172932,0.3973857391658207,0.13810495500615694,0.46957037433058063
RUSSIA,1962,0.656348456558256,0.8400456121506676,0.13837134807352455,0.32156991897918824,0.9988052701202778,0.6599269923931823,0.3973857391658207,0.05921052631578947,0.3973857391658207,0.13837134807352455,0.46973218988134025
RUSSIA,1962,0.656348456558256,0.8400456121506676,0.1386377411408922,0.3228859384136644,0.9988101831896911,0.6601132878533145,0.3973857391658207,0.06015037593984962,0.3973857391658207,0.1386377411408922,0.4700638490814566
RUSSIA,1962,0.656348456558256,0.8400456121506676,0.13890413420825984,0.3228859384136644,0.9988052701202778,0.6599269923931823,0.3973857391658207,0.06109022556390977,0.3973857391658207,0.13890413420825984,0.47022566463221627
RUSSIA,1962,0.6578697741895416,0.8367532244912589,0.13826362208286158,0.332240218703414,0.9988010601134993,0.6560304552456896,0.41023722831115084,0.06203007518796992,0.41023722831115084,0.13826362208286158,0.47264260082111487
RUSSIA,1962,0.6593910918208273,0.83346083683185,0.13735671689009568,0.34291051842763987,0.9987870380193771,0.6517511749277267,0.4230887174564809,0.06296992481203006,0.4230887174564809,0.13735671689009568,0.47511192446757455
RUSSIA,1963,0.6609124094521129,0.8301684491724413,0.1364498116973298,0.35505610586880415,0.9987828280125987,0.647854637780234,0.43594020660181104,0.06390977443609022,0.43594020660181104,0.1364498116973298,0.47776803241150945
RUSSIA,1963,0.6624337270833986,0.8268760615130326,0.1355429065045639,0.36588567387549226,0.9987688059184766,0.6435753574622712,0.4487916957471412,0.06484962406015038,0.4487916957471412,0.1355429065045639,0.4802532828862155
RUSSIA,1963,0.6639550447146843,0.8235836738536237,0.1354567464895359,0.37523995416524186,0.9987645959116982,0.6396788203147785,0.4616431848924713,0.06578947368421052,0.4616431848924713,0.1354567464895359,0.4827533718916696
RUSSIA,1963,0.6639550447146843,0.8235836738536237,0.1362774916672738,0.37523995416524186,0.9987596968937676,0.6394823726044406,0.4616431848924713,0.06672932330827067,0.4616431848924713,0.1362774916672738,0.4829973264391125
RUSSIA,1963,0.6639550447146843,0.8235836738536237,0.13709823684501166,0.3767152418821804,0.9987645959116982,0.6396788203147785,0.4616431848924713,0.06766917293233082,0.4616431848924713,0.13709823684501166,0.4834290791039029
RUSSIA,1963,0.6639550447146843,0.8235836738536237,0.13791898202274955,0.3767152418821804,0.9987596968937676,0.6394823726044405,0.4616431848924713,0.06860902255639098,0.4616431848924713,0.13791898202274955,0.48367303365134573
RUSSIA,1963,0.6654557109691017,0.8238973040610356,0.13800383113471865,0.38885711422785474,0.998755785235051,0.6351253486379766,0.4660865063387643,0.06954887218045112,0.4660865063387643,0.13800383113471865,0.48552779330964724
RUSSIA,1963,0.6669563772235193,0.8242109342684472,0.13726793506894985,0.4024742742904676,0.998742094515465,0.6303641067235107,0.4705298277850572,0.07048872180451127,0.4705298277850572,0.13726793506894985,0.48736557026209476
RUSSIA,1964,0.6684570434779368,0.824524564475859,0.13653203900318106,0.4177700116543462,0.9987381828567482,0.6260070827570468,0.47497314923135014,0.07142857142857142,0.47497314923135014,0.13653203900318106,0.48941260464555597
RUSSIA,1964,0.6699577097323544,0.8248381946832708,0.13579614293741227,0.43159046130128614,0.9987244921371621,0.6212458408425807,0.47941647067764315,0.07236842105263158,0.47941647067764315,0.13579614293741227,0.4912707105564363
RUSSIA,1964,0.6714583759867718,0.8251518248906825,0.13568509071340332,0.4437323336469605,0.9987205804784456,0.6168888168761166,0.4838597921239361,0.07330827067669173,0.4838597921239361,0.13568509071340332,0.4930960850143411
RUSSIA,1964,0.6714583759867718,0.8251518248906825,0.1363099345551632,0.4437323336469605,0.9987157004355064,0.6166810466384527,0.4838597921239361,0.07424812030075187,0.4838597921239361,0.1363099345551632,0.49330952400615374
RUSSIA,1964,0.6714583759867718,0.8251518248906825,0.136934778396923,0.44541091094822616,0.9987205804784456,0.6168888168761166,0.4838597921239361,0.07518796992481203,0.4838597921239361,0.136934778396923,0.4937333507842136
RUSSIA,1964,0.6714583759867718,0.8251518248906825,0.13755962223868284,0.44541091094822616,0.9987157004355064,0.6166810466384527,0.4838597921239361,0.07612781954887218,0.4838597921239361,0.13755962223868284,0.4939467897760263
RUSSIA,1964,0.6729388085327441,0.8234106017596874,0.13708480189555844,0.4617203753368758,0.9987107781900331,0.6117783512058408,0.4741849089012913,0.07706766917293233,0.4741849089012913,0.13708480189555844,0.49375343892462276
RUSSIA,1964,0.6744192410787165,0.8216693786286925,0.13598513771067416,0.4797084170267912,0.9986960950776561,0.6064474077658666,0.4645100256786464,0.07800751879699247,0.4645100256786464,0.13598513771067416,0.49359041833965517
RUSSIA,1965,0.675899673624689,0.8199281554976972,0.1348854735257899,0.49964364125713584,0.9986911728321829,0.6015447123332548,0.4548351424560016,0.07894736842105263,0.4548351424560016,0.1348854735257899,0.49366591689615713
RUSSIA,1965,0.6773801061706612,0.8181869323667023,0.13378580934090561,0.5179002881862147,0.9986764897198057,0.5962137688932805,0.4451602592333567,0.07988721804511278,0.4451602592333567,0.13378580934090561,0.49352975683510586
RUSSIA,1965,0.6788605387166337,0.8164457092357071,0.1335077338963379,0.5342097525748645,0.9986715674743325,0.5913110734606686,0.4354853760107119,0.08082706766917293,0.4354853760107119,0.1335077338963379,0.49336591771848587
RUSSIA,1965,0.6788605387166337,0.8164457092357071,0.13432932263665442,0.5342097525748645,0.9986666866503677,0.5910905956909701,0.4354853760107119,0.08176691729323307,0.4354853760107119,0.13432932263665442,0.493607597613776
RUSSIA,1965,0.6788605387166337,0.8164457092357071,0.135150911376971,0.5361569351152937,0.9986715674743325,0.5913110734606686,0.4354853760107119,0.08270676691729323,0.4354853760107119,0.135150911376971,0.4940890674818417
RUSSIA,1965,0.6788605387166337,0.8164457092357071,0.1359725001172875,0.5361569351152937,0.9986666866503677,0.5910905956909701,0.4354853760107119,0.08364661654135339,0.4354853760107119,0.1359725001172875,0.49433074737713195
RUSSIA,1965,0.6803211440350332,0.8125618627019296,0.13587207865852854,0.5542135938649774,0.99866169633172,0.5855347562017336,0.43795656968209434,0.08458646616541353,0.43795656968209434,0.13587207865852854,0.4959076296911966
RUSSIA,1965,0.6817817493534328,0.808678016168152,0.13495006845945307,0.5742174351550903,0.9986469424110936,0.5795235979542968,0.4404277633534767,0.08552631578947367,0.4404277633534767,0.13495006845945307,0.4975094837122388
RUSSIA,1966,0.6832423546718325,0.8047941696343746,0.13402805826037753,0.5964537376082768,0.9986419520924461,0.5739677584650602,0.4428989570248591,0.08646616541353383,0.4428989570248591,0.13402805826037753,0.49938109208560627
RUSSIA,1966,0.6847029599902321,0.800910323100597,0.13310604806130205,0.6167428575210341,0.9986271981718196,0.5679566002176234,0.4453701506962416,0.08740601503759399,0.4453701506962416,0.13310604806130205,0.5010114739689129
RUSSIA,1966,0.6861635653086318,0.7970264765668195,0.1327752918007358,0.6347995162707176,0.9986222078531718,0.5624007607283869,0.44784134436762396,0.08834586466165413,0.44784134436762396,0.1327752918007358,0.5025538060627066
RUSSIA,1966,0.6861635653086318,0.7970264765668195,0.13336654573924506,0.6347995162707177,0.998617325075158,0.5621659197398852,0.44784134436762396,0.08928571428571427,0.44784134436762396,0.13336654573924506,0.5027594992204404
RUSSIA,1966,0.6861635653086318,0.7970264765668195,0.13395779967775429,0.6370319774337914,0.9986222078531718,0.5624007607283869,0.44784134436762396,0.09022556390977443,0.44784134436762396,0.13395779967775429,0.5032363832477847
RUSSIA,1966,0.6861635653086318,0.7970264765668195,0.13454905361626354,0.6370319774337914,0.998617325075158,0.5621659197398851,0.44784134436762396,0.09116541353383459,0.44784134436762396,0.13454905361626354,0.5034420764055185
RUSSIA,1966,0.687475810024486,0.7975268134874953,0.13499428061492066,0.6441636164054766,0.9986121742971349,0.5558193910526577,0.4500903252313516,0.09210526315789473,0.4500903252313516,0.13499428061492066,0.5043120513785745
RUSSIA,1966,0.6887880547403402,0.7980271504081712,0.13484825367506853,0.6535277165402353,0.9985972533451621,0.548986815350213,0.45233930609507916,0.09304511278195488,0.45233930609507916,0.13484825367506853,0.5052670026582446
RUSSIA,1967,0.6901002994561943,0.7985274873288469,0.13470222673521642,0.6652080820516444,0.9985921025671389,0.5426402866629856,0.4545882869588068,0.09398496240601503,0.4545882869588068,0.13470222673521642,0.5065031621944966
RUSSIA,1967,0.6914125441720486,0.7990278242495229,0.1345561997953643,0.6746559863999797,0.9985771816151662,0.5358077109605408,0.4568372678225344,0.09492481203007519,0.4568372678225344,0.1345561997953643,0.5074664938955245
RUSSIA,1967,0.6927247888879027,0.7995281611701988,0.13534176127019065,0.6817876253716648,0.9985720308371431,0.5294611822733135,0.459086248686262,0.09586466165413533,0.459086248686262,0.13534176127019065,0.5083875190400057
RUSSIA,1967,0.6927247888879027,0.7995281611701988,0.1362733496848691,0.6817876253716648,0.9985671434412074,0.5292099762465978,0.459086248686262,0.09680451127819548,0.459086248686262,0.1362733496848691,0.5086426254035513
RUSSIA,1967,0.6927247888879027,0.7995281611701988,0.1372049380995476,0.684103890748315,0.9985720308371431,0.5294611822733135,0.459086248686262,0.09774436090225563,0.459086248686262,0.1372049380995476,0.5091805769892923
RUSSIA,1967,0.6927247888879027,0.7995281611701988,0.1381365265142261,0.6841038907483151,0.9985671434412072,0.5292099762465978,0.459086248686262,0.09868421052631579,0.459086248686262,0.1381365265142261,0.509435683352838
RUSSIA,1967,0.6936312699431728,0.8077565617478193,0.13865319140970392,0.6987125505029315,0.998566976854885,0.5218938517529155,0.46632013944984996,0.09962406015037593,0.46632013944984996,0.13865319140970392,0.5124272932288206
RUSSIA,1967,0.6945377509984427,0.8159849623254397,0.13823826789050325,0.7156374756341981,0.998561922872627,0.514056498506658,0.47355403021343784,0.10056390977443608,0.47355403021343784,0.13823826789050325,0.5154581797654154
RUSSIA,1968,0.6954442320537129,0.8242133629030601,0.13782334437130256,0.7350819714129002,0.9985617562863048,0.5067403740129757,0.4807879209770258,0.10150375939849623,0.4807879209770258,0.13782334437130256,0.5187936349816048
RUSSIA,1968,0.696350713108983,0.8324417634806807,0.13740842085210195,0.7522102018149522,0.9985567023040467,0.4989030207667183,0.48802181174061376,0.10244360902255639,0.48802181174061376,0.13740842085210195,0.5218448520452781
RUSSIA,1968,0.697257194164253,0.840670164058301,0.1372960546276135,0.7668188615695686,0.9985565357177244,0.491586896273036,0.49525570250420164,0.10338345864661654,0.49525570250420164,0.1372960546276135,0.5247421072532659
RUSSIA,1968,0.697257194164253,0.840670164058301,0.13759861192232573,0.7668188615695686,0.9985565357177244,0.49131687354717657,0.49525570250420164,0.10432330827067668,0.49525570250420164,0.13759861192232573,0.5249014660184956
RUSSIA,1968,0.697257194164253,0.840670164058301,0.13790116921703793,0.7693384322170042,0.9985565357177244,0.491586896273036,0.49525570250420164,0.10526315789473684,0.49525570250420164,0.13790116921703793,0.5253667863936411
RUSSIA,1968,0.697257194164253,0.840670164058301,0.13820372651175017,0.7693384322170043,0.9985565357177244,0.49131687354717657,0.49525570250420164,0.106203007518797,0.49525570250420164,0.13820372651175017,0.525526145158871
RUSSIA,1968,0.6981452661697051,0.8446299226231133,0.13796090060430394,0.8068456791537756,0.9985574587964022,0.48279410343719603,0.49733958358576374,0.10714285714285714,0.49733958358576374,0.13796090060430394,0.5293710075264433
RUSSIA,1968,0.6990333381751572,0.8485896811879258,0.13741551740214553,0.8468724967379824,0.9985583818750801,0.47370942397818416,0.4994234646673258,0.10808270676691728,0.4994234646673258,0.13741551740214553,0.5333662524296492
RUSSIA,1969,0.6999214101806093,0.8525494397527382,0.1368701341999871,0.8899790107825133,0.9985593049537579,0.46518665386820357,0.5015073457488879,0.10902255639097744,0.5015073457488879,0.1368701341999871,0.5377256579137907
RUSSIA,1969,0.7008094821860613,0.8565091983175506,0.13632475099782865,0.9305659541796084,0.9985602280324357,0.4561019744091917,0.50359122683045,0.1099624060150376,0.50359122683045,0.13632475099782865,0.5417769153982854
RUSSIA,1969,0.7016975541915134,0.8604689568823629,0.1366499692100347,0.9680732011163797,0.9985611511111135,0.44757920429921116,0.5056751079120121,0.11090225563909774,0.5056751079120121,0.1366499692100347,0.5457069843838056
RUSSIA,1969,0.7016975541915134,0.8604689568823629,0.13752057062439915,0.9680732011163797,0.9985611511111135,0.4472873176760392,0.5056751079120121,0.11184210526315788,0.5056751079120121,0.13752057062439915,0.5459493633772521
RUSSIA,1969,0.7016975541915134,0.8604689568823629,0.13839117203876358,0.9711528975767034,0.9985611511111135,0.44757920429921116,0.5056751079120121,0.11278195488721804,0.5056751079120121,0.13839117203876358,0.5465580893413653
RUSSIA,1969,0.7016975541915134,0.8604689568823629,0.13926177345312804,0.9711528975767034,0.9985611511111135,0.4472873176760392,0.5056751079120121,0.1137218045112782,0.5056751079120121,0.13926177345312804,0.5468004683348118
RUSSIA,1969,0.7025677722936778,0.8778377882544796,0.1409497280023039,0.8052183512320555,0.9985599963367244,0.4459477082193931,0.5123521963210591,0.11466165413533834,0.5123521963210591,0.1409497280023039,0.5333360870171222
RUSSIA,1969,0.7034379903958423,0.8952066196265962,0.14176708113711528,0.6423635013477315,0.9985588415623352,0.4440215279395252,0.5190292847301059,0.11560150375939848,0.5190292847301059,0.14176708113711528,0.5199904280509882
RUSSIA,1970,0.7043082084980068,0.9125754509987128,0.1425844342719267,0.4799666770669269,0.9985576867879462,0.44268191848287913,0.5257063731391527,0.11654135338345864,0.5257063731391527,0.1425844342719267,0.5067492287275284
RUSSIA,1970,0.7051784266001714,0.9299442823708295,0.1434017874067381,0.31449015632579863,0.9985565320135571,0.4407557382030112,0.5323834615481996,0.1174812030075188,0.5323834615481996,0.1434017874067381,0.49314140267571394
RUSSIA,1970,0.7060486447023359,0.9473131137429461,0.1448744737189021,0.14855560998115064,0.998555377239168,0.43941612874636515,0.5390605499572465,0.11842105263157894,0.5390605499572465,0.1448744737189021,0.47964473112247263
RUSSIA,1970,0.7060486447023359,0.9473131137429461,0.1455298068962547,0.14855560998115064,0.998555377239168,0.43912144454631524,0.5390605499572465,0.11936090225563908,0.5390605499572465,0.1455298068962547,0.47985454012267953
RUSSIA,1970,0.7060486447023359,0.9473131137429461,0.1461851400736073,0.14901363558467037,0.998555377239168,0.43941612874636515,0.5390605499572465,0.12030075187969924,0.5390605499572465,0.1461851400736073,0.4801690885232484
RUSSIA,1970,0.7060486447023359,0.9473131137429461,0.1468404732509599,0.14901363558467037,0.998555377239168,0.43912144454631524,0.5390605499572465,0.1212406015037594,0.5390605499572465,0.1468404732509599,0.4803788975234553
RUSSIA,1970,0.7068570321727542,0.9578504909943568,0.14718988371558397,0.14542347914123516,0.9986595041240477,0.4183648489009785,0.5402399599202311,0.12218045112781954,0.5402399599202311,0.14718988371558397,0.47949993135652025
RUSSIA,1970,0.7076654196431725,0.9683878682457678,0.14688396100285545,0.14229134830131965,0.9987712195750543,0.39696528011601745,0.5414193698832156,0.12312030075187969,0.5414193698832156,0.14688396100285545,0.4785049293159845
RUSSIA,1971,0.708473807113591,0.9789252454971784,0.14657803829012694,0.13955633872616538,0.9988753464599341,0.3762086844706808,0.5425987798462,0.12406015037593984,0.5425987798462,0.14657803829012694,0.4776131778592746
RUSSIA,1971,0.7092821945840094,0.9894626227485892,0.14627211557739841,0.13636330354749143,0.9989870619109407,0.35480911568571977,0.5437781898091846,0.125,0.5437781898091846,0.14627211557739841,0.476612085384863
RUSSIA,1971,0.7100905820544278,1.0,0.1464404809490154,0.13277314710405616,0.9990911887958205,0.3340525200403831,0.5449575997721691,0.12593984962406013,0.5449575997721691,0.1464404809490154,0.4757059624539769
RUSSIA,1971,0.7100905820544278,1.0,0.14691476903336093,0.13277314710405616,0.9990987773619473,0.3337042311008087,0.5449575997721691,0.1268796992481203,0.5449575997721691,0.14691476903336093,0.47588401307289296
RUSSIA,1971,0.7100905820544278,1.0,0.14738905711770642,0.13317026836881746,0.9990911887958205,0.3340525200403831,0.5449575997721691,0.12781954887218044,0.5449575997721691,0.14738905711770642,0.47616991589297475
RUSSIA,1971,0.7100905820544278,1.0,0.14786334520205197,0.13317026836881746,0.9990987773619473,0.3337042311008087,0.5449575997721691,0.1287593984962406,0.5449575997721691,0.14786334520205197,0.4763479665118908
RUSSIA,1971,0.7108871633281992,1.0,0.14730691661624637,0.12636691628409433,0.9991986748229167,0.36184876798657384,0.5454348719555305,0.12969924812030076,0.5454348719555305,0.14730691661624637,0.4787406659124001
RUSSIA,1971,0.7116837446019707,1.0,0.14627619994609528,0.1199606854641325,0.9993061608500128,0.3893708869537252,0.5459121441388919,0.1306390977443609,0.5459121441388919,0.14627619994609528,0.481040451291485
RUSSIA,1972,0.7124803258757423,1.0,0.14524548327594422,0.11384640992974997,0.999406058310982,0.4175154238394903,0.5463894163222534,0.13157894736842105,0.5463894163222534,0.14524548327594422,0.4834309151343764
RUSSIA,1972,0.7132769071495138,1.0,0.14421476660579313,0.10733501313060616,0.999513544338078,0.44503754280664154,0.5468666885056148,0.1325187969924812,0.5468666885056148,0.14421476660579313,0.48572018391554306
RUSSIA,1972,0.7140734884232852,1.0,0.14406787153940143,0.10053166104588307,0.9996134417990473,0.4731820796924067,0.5473439606889762,0.13345864661654133,0.5473439606889762,0.14406787153940143,0.48817431334396444
RUSSIA,1972,0.7140734884232852,1.0,0.14495169314316078,0.10053166104588307,0.9996134417990473,0.4729079507133672,0.5473439606889762,0.1343984962406015,0.5473439606889762,0.14495169314316078,0.48842045113023336
RUSSIA,1972,0.7140734884232852,1.0,0.14583551474692014,0.10082361633146238,0.9996134417990473,0.4731820796924067,0.5473439606889762,0.13533834586466165,0.5473439606889762,0.14583551474692014,0.4887506102408682
RUSSIA,1972,0.7140734884232852,1.0,0.14671933635067952,0.10082361633146238,0.9996134417990473,0.4729079507133672,0.5473439606889762,0.1362781954887218,0.5473439606889762,0.14671933635067952,0.4889967480271372
RUSSIA,1972,0.7148585202630777,1.0,0.14686217845577287,0.09573446056620527,0.9996100191731291,0.4771350423662096,0.5483132852165006,0.13721804511278196,0.5483132852165006,0.14686217845577287,0.4893357565677745
RUSSIA,1972,0.7156435521028703,1.0,0.14612119895710687,0.09093726008652747,0.9996108511154249,0.4808255023318102,0.5492826097440249,0.1381578947368421,0.5492826097440249,0.14612119895710687,0.4895181496845029
RUSSIA,1973,0.7164285839426627,1.0,0.1453802194584409,0.08635565240146818,0.9996074284895068,0.4850525939846526,0.5502519342715493,0.13909774436090225,0.5502519342715493,0.1453802194584409,0.4897753397925961
RUSSIA,1973,0.7172136157824552,1.0,0.1446392399597749,0.08148208943082959,0.9996082604318026,0.4887430539502532,0.5512212587990737,0.1400375939849624,0.5512212587990737,0.1446392399597749,0.4899500966602286
RUSSIA,1973,0.7179986476222477,1.0,0.1444499041088629,0.0763929336655725,0.9996048378058845,0.4929701456030956,0.552190583326598,0.14097744360902253,0.552190583326598,0.1444499041088629,0.490239278507465
RUSSIA,1973,0.7179986476222477,1.0,0.14500154775661694,0.0763929336655725,0.9996090923740983,0.49270764289489327,0.552190583326598,0.1419172932330827,0.552190583326598,0.14500154775661694,0.4904371776842383
RUSSIA,1973,0.7179986476222477,1.0,0.1455531914043709,0.07660852646019099,0.9996048378058845,0.4929701456030956,0.552190583326598,0.14285714285714285,0.552190583326598,0.1455531914043709,0.49070828576847114
RUSSIA,1973,0.7179986476222477,1.0,0.14610483505212493,0.07660852646019099,0.9996090923740983,0.49270764289489327,0.552190583326598,0.143796992481203,0.552190583326598,0.14610483505212493,0.4909061849452444
RUSSIA,1973,0.7186460574674737,1.0,0.14737052733245887,0.07432753148869668,0.999605772481463,0.498676146881161,0.5546346862467282,0.14473684210526316,0.5546346862467282,0.14737052733245887,0.49206916205792073
RUSSIA,1973,0.7192934673126995,1.0,0.1480845759650388,0.07226212931182088,0.9996053403645844,0.5041357191096545,0.5570787891668584,0.1456766917293233,0.5570787891668584,0.1480845759650388,0.493120347504694
RUSSIA,1974,0.7199408771579254,1.0,0.14879862459761872,0.07037786897195304,0.9996020204719491,0.5101042230959223,0.5595228920869885,0.14661654135338345,0.5595228920869885,0.14879862459761872,0.4942402515333699
RUSSIA,1974,0.7205882870031514,1.0,0.14951267323019865,0.06827801583746672,0.9996015883550706,0.5155637953244157,0.5619669950071187,0.1475563909774436,0.5619669950071187,0.14951267323019865,0.4952879918843823
RUSSIA,1974,0.7212356968483772,1.0,0.15073318836073035,0.06599702086597241,0.9995982684624352,0.5215322993106833,0.5644110979272489,0.14849624060150374,0.5644110979272489,0.15073318836073035,0.4964441924245882
RUSSIA,1974,0.7212356968483772,1.0,0.15123965485868213,0.06599702086597242,0.9995969016699782,0.5212858702611113,0.5644110979272489,0.1494360902255639,0.5644110979272489,0.15123965485868213,0.49663636025868707
RUSSIA,1974,0.7212356968483772,1.0,0.1517461213566339,0.06617816270298038,0.9995982684624352,0.5215322993106835,0.5644110979272489,0.15037593984962405,0.5644110979272489,0.1517461213566339,0.49689620144489266
RUSSIA,1974,0.7212356968483772,1.0,0.15225258785458567,0.0661781627029804,0.9995969016699782,0.5212858702611113,0.5644110979272489,0.1513157894736842,0.5644110979272489,0.15225258785458567,0.49708836927899147
RUSSIA,1974,0.721559040921196,1.0,0.15332951258282276,0.0639149415932589,0.9995994775471402,0.5250624518406989,0.5630469425884008,0.15225563909774437,0.5630469425884008,0.15332951258282276,0.4973863573766345
RUSSIA,1974,0.7218823849940149,1.0,0.1538999708131081,0.06183286232054539,0.9996032625090072,0.5283564184221436,0.5616827872495527,0.1531954887218045,0.5616827872495527,0.1538999708131081,0.49757834909194176
RUSSIA,1975,0.7222057290668337,1.0,0.15447042904339345,0.05989910011086844,0.9996058383861692,0.5321330000017314,0.5603186319107046,0.15413533834586465,0.5603186319107046,0.15447042904339345,0.4978333131048965
RUSSIA,1975,0.7225290731396525,1.0,0.15504088727367876,0.05778419606418352,0.9996096233480364,0.5354269665831761,0.5589544765718566,0.1550751879699248,0.5589544765718566,0.15504088727367876,0.49802202234280657
RUSSIA,1975,0.7228524172124714,1.0,0.15598858498146567,0.05552097495446203,0.9996121992251983,0.5392035481627637,0.5575903212330086,0.15601503759398494,0.5575903212330086,0.15598858498146567,0.49830062638738204
RUSSIA,1975,0.7228524172124714,1.0,0.15636582445896724,0.05552097495446203,0.9996147751023603,0.5389673622141931,0.5575903212330086,0.1569548872180451,0.5575903212330086,0.15636582445896724,0.49847482874547544
RUSSIA,1975,0.7228524172124714,1.0,0.1567430639364688,0.05566929201749861,0.9996121992251983,0.5392035481627637,0.5575903212330086,0.15789473684210525,0.5575903212330086,0.1567430639364688,0.4987105848241542
RUSSIA,1975,0.7228524172124714,1.0,0.15712030341397035,0.05566929201749861,0.9996147751023603,0.5389673622141931,0.5575903212330086,0.1588345864661654,0.5575903212330086,0.15712030341397035,0.4988847871822476
RUSSIA,1975,0.7231692638471257,1.0,0.15624506588044712,0.05886287500878261,0.9996128300530526,0.5498944447144376,0.5589818670503109,0.15977443609022557,0.5589818670503109,0.15624506588044712,0.5005626099078437
RUSSIA,1975,0.7234861104817798,1.0,0.15499258886942235,0.06220477506310319,0.9996115158315986,0.5603776195048289,0.5603734128676131,0.1607142857142857,0.5603734128676131,0.15499258886942235,0.5021543507299183
RUSSIA,1976,0.7238029571164342,1.0,0.1537401118583976,0.06573481703508421,0.9996095707822906,0.5713047020050736,0.5617649586849154,0.16165413533834586,0.5617649586849154,0.1537401118583976,0.5038092334319588
RUSSIA,1976,0.7241198037510884,1.0,0.1524876348473728,0.06911654194402866,0.9996082565608366,0.5817878767954646,0.5631565045022178,0.162593984962406,0.5631565045022178,0.1524876348473728,0.5054049567394958
RUSSIA,1976,0.7244366503857426,1.0,0.15222846718959623,0.07231012493531266,0.9996063115115288,0.5927149592957093,0.56454805031952,0.16353383458646614,0.56454805031952,0.15222846718959623,0.5071751899464539
RUSSIA,1976,0.7244366503857426,1.0,0.15322177654284444,0.07231012493531266,0.9996043664622208,0.5925072375344265,0.56454805031952,0.1644736842105263,0.56454805031952,0.15322177654284444,0.5074441971119911
RUSSIA,1976,0.7244366503857426,1.0,0.15421508589609265,0.07249826685297311,0.9996063115115288,0.5927149592957093,0.56454805031952,0.16541353383458646,0.56454805031952,0.15421508589609265,0.5077739518314125
RUSSIA,1976,0.7244366503857426,1.0,0.15520839524934085,0.07249826685297311,0.9996043664622206,0.5925072375344265,0.56454805031952,0.16635338345864661,0.56454805031952,0.15520839524934085,0.5080429589969496
RUSSIA,1976,0.7247471934782875,1.0,0.15577034435685605,0.07253382349951777,0.9996054704075481,0.6064327345406262,0.566432001829534,0.16729323308270677,0.566432001829534,0.15577034435685605,0.509993618756877
RUSSIA,1976,0.7250577365708325,1.0,0.15533898411112307,0.07275752206372285,0.9996057332488952,0.6199786591569761,0.5683159533395481,0.1682330827067669,0.5683159533395481,0.15533898411112307,0.5117760549562
RUSSIA,1977,0.7253682796633776,1.0,0.1549076238653901,0.07316741775196955,0.9996068371942226,0.6339041561631757,0.5701999048495622,0.16917293233082706,0.5701999048495622,0.1549076238653901,0.5136151522173105
RUSSIA,1977,0.7256788227559225,1.0,0.15447626361965708,0.07338917152255582,0.9996071000355695,0.6474500807795257,0.5720838563595763,0.17011278195488722,0.5720838563595763,0.15447626361965708,0.5153973939372716
RUSSIA,1977,0.7259893658484674,1.0,0.15439324411898656,0.07342472816910046,0.999608203980897,0.6613755777857253,0.5739678078695902,0.17105263157894735,0.5739678078695902,0.15439324411898656,0.5172513084059711
RUSSIA,1977,0.7259893658484674,1.0,0.15474158486404904,0.07342472816910046,0.9996093079262245,0.6612037271571585,0.5739678078695902,0.1719924812030075,0.5739678078695902,0.15474158486404904,0.5174274622930155
RUSSIA,1977,0.7259893658484674,1.0,0.15508992560911153,0.07361092529314206,0.9996082039808971,0.6613755777857253,0.5739678078695902,0.17293233082706766,0.5739678078695902,0.15508992560911153,0.5176563852291121
RUSSIA,1977,0.7259893658484674,1.0,0.15543826635417402,0.07361092529314206,0.9996093079262245,0.6612037271571585,0.5739678078695902,0.17387218045112782,0.5739678078695902,0.15543826635417402,0.5178325391161565
RUSSIA,1977,0.7262937916559706,1.0,0.1544825116781256,0.07474891754956023,0.9996121992157366,0.6548696856758279,0.5693439143160847,0.17481203007518797,0.5693439143160847,0.1544825116781256,0.5166629174029179
RUSSIA,1977,0.7265982174634739,1.0,0.15317841625701467,0.07607310693002002,0.999619085740088,0.648176344505714,0.564720020762579,0.1757518796992481,0.564720020762579,0.15317841625701467,0.5154241338449297
RUSSIA,1978,0.7269026432709772,1.0,0.15187432083590377,0.0775953218862107,0.9996219770296001,0.6418423030243834,0.5600961272090734,0.17669172932330826,0.5600961272090734,0.15187432083590377,0.5142406832899089
RUSSIA,1978,0.7272070690784804,1.0,0.15057022541479287,0.07893133971835978,0.9996288635539516,0.6351489618542695,0.555472233655568,0.17763157894736842,0.555472233655568,0.15057022541479287,0.5130030825770897
RUSSIA,1978,0.7275114948859837,1.0,0.1492471467158385,0.08006933197477797,0.9996317548434636,0.6288149203729388,0.5508483401020623,0.17857142857142855,0.5508483401020623,0.1492471467158385,0.5117783622604151
RUSSIA,1978,0.7275114948859837,1.0,0.14922816343799508,0.08006933197477797,0.9996346461329756,0.6286274713127226,0.5508483401020623,0.1795112781954887,0.5508483401020623,0.14922816343799508,0.5118980364352772
RUSSIA,1978,0.7275114948859837,1.0,0.14920918016015167,0.08026735755050887,0.9996317548434636,0.6288149203729388,0.5508483401020623,0.18045112781954886,0.5508483401020623,0.14920918016015167,0.5120744247218532
RUSSIA,1978,0.7275114948859837,1.0,0.14919019688230822,0.08026735755050887,0.9996346461329756,0.6286274713127226,0.5508483401020623,0.18139097744360902,0.5508483401020623,0.14919019688230822,0.5121940988967153
RUSSIA,1978,0.7278099823990507,1.0,0.14823725176650174,0.07718708347287033,0.9996361180621822,0.636935429886809,0.5499506058293923,0.18233082706766918,0.5499506058293923,0.14823725176650174,0.5126251632015784
RUSSIA,1978,0.7281084699121176,1.0,0.1473032899285387,0.07430483497096271,0.9996419532101066,0.644889877820909,0.5490528715567222,0.1832706766917293,0.5490528715567222,0.1473032899285387,0.5130439628135641
RUSSIA,1979,0.7284069574251848,1.0,0.14636932809057562,0.07158085905572993,0.9996434251393131,0.6531978363949954,0.5481551372840523,0.18421052631578946,0.5481551372840523,0.14636932809057562,0.5135135044263442
RUSSIA,1979,0.7287054449382517,1.0,0.14543536625261258,0.06865885756476627,0.9996492602872376,0.6611522843290955,0.5472574030113823,0.18515037593984962,0.5472574030113823,0.14543536625261258,0.5139283287394244
RUSSIA,1979,0.7290039324513188,1.0,0.14420263749127782,0.06557858348712772,0.9996507322164441,0.6694602429031818,0.5463596687387122,0.18609022556390975,0.5463596687387122,0.14420263749127782,0.5143174254974583
RUSSIA,1979,0.7290039324513188,1.0,0.1439038705679061,0.06557858348712772,0.9996522041456501,0.6692941813234119,0.5463596687387122,0.1870300751879699,0.5463596687387122,0.1439038705679061,0.5143971289375051
RUSSIA,1979,0.7290039324513188,1.0,0.1436051036445344,0.06573685607380259,0.9996507322164441,0.669460242903182,0.5463596687387122,0.18796992481203006,0.5463596687387122,0.1436051036445344,0.5145255775663323
RUSSIA,1979,0.7290039324513188,1.0,0.14330633672116272,0.06573685607380259,0.9996522041456501,0.6692941813234119,0.5463596687387122,0.18890977443609022,0.5463596687387122,0.14330633672116272,0.5146052810063791
RUSSIA,1979,0.7292966537450288,1.0,0.14278166242905027,0.06132628484639441,0.999651993869524,0.680575520239032,0.5406862280192428,0.18984962406015038,0.5406862280192428,0.14278166242905027,0.514547505133516
RUSSIA,1979,0.729589375038739,1.0,0.14255575506030954,0.057073986205661086,0.9996530452464774,0.6915536859382946,0.5350127872997733,0.1907894736842105,0.5350127872997733,0.14255575506030954,0.5145201804014983
RUSSIA,1980,0.729882096332449,1.0,0.1423298476915688,0.052925870259879826,0.9996528349703511,0.7028350248539147,0.529339346580304,0.19172932330827067,0.529339346580304,0.1423298476915688,0.5145334650953035
RUSSIA,1980,0.7301748176261591,1.0,0.14210394032282808,0.04861948172742371,0.9996538863473043,0.7138131905531772,0.5236659058608346,0.19266917293233082,0.5236659058608346,0.14210394032282808,0.5145007313741135
RUSSIA,1980,0.7304675389198692,1.0,0.14198016360216678,0.044208910500015526,0.999653676071178,0.7250945294687974,0.5179924651413652,0.19360902255639095,0.5179924651413652,0.14198016360216678,0.514503090136968
RUSSIA,1980,0.7304675389198692,1.0,0.14208229425024624,0.044208910500015526,0.9996534657950515,0.7249574178322098,0.5179924651413652,0.1945488721804511,0.5179924651413652,0.14208229425024624,0.5146456549865175
RUSSIA,1980,0.7304675389198692,1.0,0.14218442489832567,0.04431309319496758,0.999653676071178,0.7250945294687974,0.5179924651413652,0.19548872180451127,0.5179924651413652,0.14218442489832567,0.5148261024881051
RUSSIA,1980,0.7304675389198692,1.0,0.14228655554640512,0.04431309319496758,0.9996534657950514,0.7249574178322098,0.5179924651413652,0.19642857142857142,0.5179924651413652,0.14228655554640512,0.5149686673376547
RUSSIA,1980,0.7307672303732312,1.0,0.14178349767380763,0.044347779282906306,0.9996503116610393,0.7275006738914287,0.5191236880205053,0.19736842105263158,0.5191236880205053,0.14178349767380763,0.5155063020515639
RUSSIA,1980,0.7310669218265934,1.0,0.14117830915313065,0.044486648065797094,0.9996437931168876,0.7297765913271661,0.5202549108996454,0.1983082706766917,0.5202549108996454,0.14117830915313065,0.5160119651343944
RUSSIA,1981,0.7313666132799554,1.0,0.1405731206324537,0.044728895488688525,0.9996406389828753,0.7323198473863851,0.5213861337787854,0.19924812030075187,0.5213861337787854,0.1405731206324537,0.5165550363845869
RUSSIA,1981,0.7316663047333176,1.0,0.13996793211177672,0.04486696021662791,0.9996341204387236,0.7345957648221224,0.5225173566579254,0.20018796992481203,0.5225173566579254,0.13996793211177672,0.5170606190619222
RUSSIA,1981,0.7319659961866798,1.0,0.13967404966743038,0.04490164630456663,0.9996309663047113,0.7371390208813413,0.5236485795370656,0.20112781954887216,0.5236485795370656,0.13967404966743038,0.5176296300900692
RUSSIA,1981,0.7319659961866798,1.0,0.139985355743761,0.04490164630456664,0.9996278121706983,0.7370087938944474,0.5236485795370656,0.2020676691729323,0.5236485795370656,0.139985355743761,0.5178039653330371
RUSSIA,1981,0.7319659961866798,1.0,0.14029666182009165,0.0450050249445673,0.9996309663047114,0.7371390208813414,0.5236485795370656,0.20300751879699247,0.5236485795370656,0.14029666182009165,0.5180153146641865
RUSSIA,1981,0.7319659961866798,1.0,0.14060796789642227,0.04500502494456729,0.9996278121706983,0.7370087938944474,0.5236485795370656,0.20394736842105263,0.5236485795370656,0.14060796789642227,0.5181896499071544
RUSSIA,1981,0.7322632779048157,1.0,0.1417537863893752,0.04687100256678684,0.9996281054461807,0.7405149097878756,0.5265887973592511,0.20488721804511278,0.5265887973592511,0.1417537863893752,0.5195253637348677
RUSSIA,1981,0.7325605596229517,1.0,0.1425882988059975,0.048840358829007044,0.9996247245471949,0.7437689813504246,0.5295290151814364,0.20582706766917291,0.5295290151814364,0.1425882988059975,0.5207991476645966
RUSSIA,1982,0.7328578413410877,1.0,0.14342281122261974,0.05093301727205903,0.9996250178226773,0.7472750972438529,0.5324692330036219,0.20676691729323307,0.5324692330036219,0.14342281122261974,0.5221108336629434
RUSSIA,1982,0.7331551230592237,1.0,0.14425732363924204,0.052922297075110356,0.9996216369236919,0.7505291688064017,0.5354094508258072,0.20770676691729323,0.5354094508258072,0.14425732363924204,0.5233866099467555
RUSSIA,1982,0.7334524047773596,1.0,0.1455274277704577,0.05478827469732992,0.9996219301991742,0.75403528469983,0.5383496686479927,0.20864661654135336,0.5383496686479927,0.1455274277704577,0.5247409666202081
RUSSIA,1982,0.7334524047773596,1.0,0.1459630194850511,0.05478827469732992,0.9996214101587192,0.7539134673558447,0.5383496686479927,0.20958646616541352,0.5383496686479927,0.1459630194850511,0.524935049082562
RUSSIA,1982,0.7334524047773596,1.0,0.1463986111996445,0.05491157687816171,0.9996219301991742,0.7540352846998299,0.5383496686479927,0.21052631578947367,0.5383496686479927,0.1463986111996445,0.5251659292398873
RUSSIA,1982,0.7334524047773596,1.0,0.1468342029142379,0.05491157687816171,0.9996214101587192,0.7539134673558447,0.5383496686479927,0.21146616541353383,0.5383496686479927,0.1468342029142379,0.5253600117022412
RUSSIA,1982,0.7337473057079008,1.0,0.1463953607057403,0.06156801860998751,0.9996240235903804,0.7611397582176713,0.5413938794438126,0.212406015037594,0.5413938794438126,0.1463953607057403,0.5273245641760611
RUSSIA,1982,0.7340422066384421,1.0,0.14552092678264933,0.0683477625226451,0.9996257174601355,0.7681405252142782,0.5444380902396323,0.21334586466165412,0.5444380902396323,0.14552092678264933,0.5292134637680626
RUSSIA,1983,0.7343371075689833,1.0,0.14464649285955838,0.07532302368002271,0.9996283308917967,0.7753668160761047,0.547482301035452,0.21428571428571427,0.547482301035452,0.14464649285955838,0.5311445594272487
RUSSIA,1983,0.7346320084995246,1.0,0.14377205893646736,0.08217498265656853,0.9996300247615519,0.7823675830727117,0.5505265118312719,0.21522556390977443,0.5505265118312719,0.14377205893646736,0.533040680525639
RUSSIA,1983,0.7349269094300658,1.0,0.1431267319320452,0.08883142438839434,0.9996326381932132,0.7895938739345382,0.5535707226270917,0.21616541353383456,0.5535707226270917,0.1431267319320452,0.5349742602800702
RUSSIA,1983,0.7349269094300658,1.0,0.14335583885071396,0.08883142438839434,0.9996322386717622,0.7894901674133037,0.5535707226270917,0.21710526315789472,0.5535707226270917,0.14335583885071396,0.535139193157211
RUSSIA,1983,0.7349269094300658,1.0,0.1435849457693828,0.08902694163311434,0.9996326381932132,0.7895938739345381,0.5535707226270917,0.21804511278195488,0.5535707226270917,0.1435849457693828,0.5353444989673609
RUSSIA,1983,0.7349269094300658,1.0,0.14381405268805156,0.08902694163311434,0.9996322386717622,0.7894901674133037,0.5535707226270917,0.21898496240601503,0.5535707226270917,0.14381405268805156,0.5355094318445017
RUSSIA,1983,0.7352194580588373,1.0,0.1423127596068146,0.09489489933514125,0.999628443197504,0.7888164908690047,0.5529323311174869,0.2199248120300752,0.5529323311174869,0.1423127596068146,0.5358923874621471
RUSSIA,1983,0.7355120066876089,1.0,0.14058235960690887,0.10095837428188817,0.9996204527275365,0.7879339884095791,0.5522939396078821,0.22086466165413532,0.5522939396078821,0.14058235960690887,0.5362392266753808
RUSSIA,1984,0.7358045553163803,1.0,0.1388519596070031,0.10727871204340629,0.9996166572532783,0.78726031186528,0.5516555480982772,0.22180451127819548,0.5516555480982772,0.1388519596070031,0.536633054261175
RUSSIA,1984,0.7360971039451518,1.0,0.13712155960709735,0.11340353256020438,0.9996086667833108,0.7863778094058546,0.5510171565886723,0.22274436090225563,0.5510171565886723,0.13712155960709735,0.5369860280314136
RUSSIA,1984,0.7363896525739234,1.0,0.13564918796340303,0.1192714902622313,0.9996048713090525,0.7857041328615554,0.5503787650790676,0.22368421052631576,0.5503787650790676,0.13564918796340303,0.5373733218646904
RUSSIA,1984,0.7363896525739234,1.0,0.13590721631961444,0.1192714902622313,0.9996010758347943,0.7855990134676634,0.5503787650790676,0.22462406015037592,0.5503787650790676,0.13590721631961444,0.5375421120749162
RUSSIA,1984,0.7363896525739234,1.0,0.13616524467582586,0.11952835307700252,0.9996048713090525,0.7857041328615554,0.5503787650790676,0.22556390977443608,0.5503787650790676,0.13616524467582586,0.5377583715402491
RUSSIA,1984,0.7363896525739234,1.0,0.13642327303203725,0.11952835307700252,0.9996010758347943,0.7855990134676634,0.5503787650790676,0.22650375939849623,0.5503787650790676,0.13642327303203725,0.5379271617504747
RUSSIA,1984,0.7366798769341163,1.0,0.13583482070054984,0.1291076942752018,0.9995992779787869,0.7898203411303618,0.5526740833598853,0.2274436090225564,0.5526740833598853,0.13583482070054984,0.5397475898410014
RUSSIA,1984,0.7369701012943094,1.0,0.134988340012851,0.13894389828817227,0.9995918867925038,0.7938419875753305,0.5549694016407031,0.22838345864661652,0.5549694016407031,0.134988340012851,0.5415344725047728
RUSSIA,1985,0.7372603256545023,1.0,0.13414185932515216,0.14913564917583674,0.9995900889364965,0.7980633152380289,0.5572647199215209,0.22932330827067668,0.5572647199215209,0.13414185932515216,0.5433774373108141
RUSSIA,1985,0.7375505500146953,1.0,0.13329537863745333,0.15907053724873,0.9995826977502136,0.8020849616829976,0.5595600382023388,0.23026315789473684,0.5595600382023388,0.13329537863745333,0.5451741883805779
RUSSIA,1985,0.7378407743748883,1.0,0.13294099811295573,0.16864987844692927,0.9995808998942062,0.806306289345696,0.5618553564831565,0.23120300751879697,0.5618553564831565,0.13294099811295573,0.5470297272421529
RUSSIA,1985,0.7378407743748883,1.0,0.133433098276157,0.16864987844692927,0.9995791020381887,0.8062117275218584,0.5618553564831565,0.23214285714285712,0.5618553564831565,0.133433098276157,0.5472348837422565
RUSSIA,1985,0.7378407743748883,1.0,0.13392519843935824,0.16900542532162324,0.9995808998942062,0.806306289345696,0.5618553564831565,0.23308270676691728,0.5618553564831565,0.13392519843935824,0.5474948668658007
RUSSIA,1985,0.7378407743748883,1.0,0.13441729860255947,0.16900542532162324,0.9995791020381887,0.8062117275218584,0.5618553564831565,0.23402255639097744,0.5618553564831565,0.13441729860255947,0.5477000233659044
RUSSIA,1985,0.7381287020560147,1.0,0.13448200573144153,0.1663584005839421,0.9995861436404656,0.8094013065471313,0.5557387670430076,0.2349624060150376,0.5557387670430076,0.13448200573144153,0.5470313672039793
RUSSIA,1985,0.7384166297371412,1.0,0.13405461269712232,0.16406692272095494,0.9995984289890018,0.8124097361653053,0.5496221776028586,0.23590225563909772,0.5496221776028586,0.13405461269712232,0.5463068601389593
RUSSIA,1986,0.7387045574182676,1.0,0.13362721966280314,0.16209986722424938,0.9996054705912787,0.8155993151905783,0.5435055881627096,0.23684210526315788,0.5435055881627096,0.13362721966280314,0.5456323858766514
RUSSIA,1986,0.7389924850993941,1.0,0.13319982662848392,0.15977726485284988,0.9996177559398148,0.8186077448087522,0.5373889987225604,0.23778195488721804,0.5373889987225604,0.13319982662848392,0.5449047663607902
RUSSIA,1986,0.7392804127805205,1.0,0.13295269578843202,0.1571302401151687,0.9996247975420918,0.8217973238340249,0.5312724092824115,0.23872180451127817,0.5312724092824115,0.13295269578843202,0.5441893345035249
RUSSIA,1986,0.7392804127805205,1.0,0.13313295798269933,0.15713024011516874,0.9996318391443685,0.8217107362507639,0.5312724092824115,0.23966165413533833,0.5312724092824115,0.13313295798269933,0.5443493966781756
RUSSIA,1986,0.7392804127805205,1.0,0.13331322017696662,0.15745466248145035,0.9996247975420918,0.8217973238340249,0.5312724092824115,0.24060150375939848,0.5312724092824115,0.13331322017696662,0.5445578102856514
RUSSIA,1986,0.7392804127805205,1.0,0.13349348237123387,0.15745466248145037,0.9996318391443685,0.8217107362507639,0.5312724092824115,0.24154135338345864,0.5312724092824115,0.13349348237123387,0.5447178724603021
RUSSIA,1986,0.7395660709371563,1.0,0.13295524444140167,0.15541328853703257,0.9996354348539261,0.8158197849698899,0.5381853377048851,0.2424812030075188,0.5381853377048851,0.13295524444140167,0.5450650292497292
RUSSIA,1986,0.7398517290937924,1.0,0.13223674431730217,0.1536963369588964,0.9996496678752983,0.8097415986377243,0.5450982661273585,0.24342105263157893,0.5450982661273585,0.13223674431730217,0.5453999291726968
RUSSIA,1987,0.7401373872504282,1.0,0.13151824419320263,0.15227978168374284,0.999653263584856,0.8038506473568502,0.552011194549832,0.24436090225563908,0.552011194549832,0.13151824419320263,0.5457825284999103
RUSSIA,1987,0.7404230454070643,1.0,0.13079974406910314,0.15053880404230768,0.999667496606228,0.7977724610246846,0.5589241229723056,0.24530075187969924,0.5589241229723056,0.13079974406910314,0.546115025816548
RUSSIA,1987,0.7407087035637001,1.0,0.13026258597362617,0.14849743009788988,0.9996710923157857,0.7918815097438106,0.565837051394779,0.24624060150375937,0.565837051394779,0.13026258597362617,0.5464623445811284
RUSSIA,1987,0.7407087035637001,1.0,0.1304439280022487,0.14849743009788988,0.9996746880253233,0.79178086227578,0.565837051394779,0.24718045112781953,0.565837051394779,0.1304439280022487,0.5466208181531815
RUSSIA,1987,0.7407087035637001,1.0,0.13062527003087124,0.14879782640087252,0.9996710923157857,0.7918815097438106,0.565837051394779,0.24812030075187969,0.565837051394779,0.13062527003087124,0.5468287417072315
RUSSIA,1987,0.7407087035637001,1.0,0.1308066120594938,0.14879782640087252,0.9996746880253233,0.79178086227578,0.565837051394779,0.24906015037593984,0.565837051394779,0.1308066120594938,0.5469872152792846
RUSSIA,1987,0.7409921189240223,1.0,0.13011163187006844,0.1480677528258029,0.9996761862397732,0.7945252597619101,0.5603281807556186,0.25,0.5603281807556186,0.13011163187006844,0.5464417096152052
RUSSIA,1987,0.7412755342843446,1.0,0.12923530965202054,0.14763807555371591,0.9996827783781905,0.7970752031846957,0.5548193101164582,0.25,0.5548193101164582,0.12923530965202054,0.5457391288195839
RUSSIA,1988,0.7415589496446667,1.0,0.12835898743397267,0.14749853801328433,0.9996842765926403,0.7998196006708258,0.549310439477298,0.25,0.549310439477298,0.12835898743397267,0.5450844980110657
RUSSIA,1988,0.7418423650049891,1.0,0.12748266521592477,0.14705860416987013,0.9996908687310576,0.8023695440936113,0.5438015688381375,0.25,0.5438015688381375,0.12748266521592477,0.5443808915583117
RUSSIA,1988,0.7421257803653113,1.0,0.1266521130637724,0.14632853059480055,0.9996923669455073,0.8051139415797415,0.5382926981989772,0.25,0.5382926981989772,0.1266521130637724,0.5436740726562141
RUSSIA,1988,0.7421257803653113,1.0,0.1266978831296679,0.14632853059480055,0.9996938651599372,0.8050201349844273,0.5382926981989772,0.25,0.5382926981989772,0.1266978831296679,0.5436717073280101
RUSSIA,1988,0.7421257803653113,1.0,0.1267436531955634,0.14661867032645598,0.9996923669455071,0.8051139415797415,0.5382926981989772,0.25,0.5382926981989772,0.1267436531955634,0.5437168176491483
RUSSIA,1988,0.7421257803653113,1.0,0.1267894232614589,0.14661867032645598,0.999693865159937,0.8050201349844273,0.5382926981989772,0.25,0.5382926981989772,0.1267894232614589,0.5437144523209443
RUSSIA,1988,0.7424069792394346,0.9845944775165372,0.12598079815632393,0.14926364604834513,0.9997270808942911,0.8314650715724353,0.5368409475847358,0.2583333333333333,0.5368409475847358,0.12598079815632393,0.5460393363502352
RUSSIA,1988,0.7426881781135577,0.9691889550330745,0.12512640298529346,0.15219876150188977,0.9997613505655802,0.8577860170007418,0.5353891969704943,0.26666666666666666,0.5353891969704943,0.12512640298529346,0.5483740751205306
RUSSIA,1989,0.742969376987681,0.9537834325496115,0.12427200781426298,0.1554469975317982,0.9997945662999342,0.8842309535887496,0.533937446356253,0.275,0.533937446356253,0.12427200781426298,0.550752419670739
RUSSIA,1989,0.7432505758618041,0.9383779100661489,0.1234176126432325,0.1584050938300512,0.9998288359712234,0.910551899017056,0.5324856957420115,0.2833333333333333,0.5324856957420115,0.1234176126432325,0.5530894565255053
RUSSIA,1989,0.7435317747359274,0.922972387582686,0.12219553005840833,0.1610500695519404,0.9998620517055773,0.936996835605064,0.53103394512777,0.29166666666666663,0.53103394512777,0.12219553005840833,0.5553523219328427
RUSSIA,1989,0.7435317747359274,0.922972387582686,0.12182784264461466,0.16105006955194037,0.9998616074280827,0.9369666510406764,0.53103394512777,0.29166666666666663,0.53103394512777,0.12182784264461466,0.5552941059365855
RUSSIA,1989,0.7435317747359274,0.922972387582686,0.12146015523082099,0.16136319012830422,0.9998620517055773,0.936996835605064,0.53103394512777,0.29166666666666663,0.53103394512777,0.12146015523082099,0.5552733277663411
RUSSIA,1989,0.7435317747359274,0.922972387582686,0.12109246781702729,0.1613631901283042,0.9998616074280827,0.9369666510406767,0.53103394512777,0.29166666666666663,0.53103394512777,0.12109246781702729,0.5552151117700838
RUSSIA,1989,0.7438107830240457,0.9217816846175365,0.11991696543235413,0.16409612333862608,0.9998894432790284,0.9355242422783784,0.5260921546290112,0.3233333333333333,0.5260921546290112,0.11991696543235413,0.5591021348141687
RUSSIA,1989,0.7440897913121642,0.9205909816523871,0.11910915046147463,0.16714217712531182,0.9998964807912941,0.9338454660514026,0.5211503641302521,0.355,0.5211503641302521,0.11910915046147463,0.5630499064476233
RUSSIA,1990,0.7443687996002826,0.9194002786872378,0.11830133549059516,0.16317383925923293,0.9999243166422399,0.9324030572891043,0.5162085736314932,0.38666666666666666,0.5162085736314932,0.11830133549059516,0.5663219554961372
RUSSIA,1990,0.744647807888401,0.9182095757220885,0.11749352051971566,0.1588923808167902,0.9999313541545056,0.9307242810621288,0.5112667831327341,0.41833333333333333,0.5112667831327341,0.11749352051971566,0.5695369759066791
RUSSIA,1990,0.7449268161765195,0.917018872756939,0.116096799075636,0.16162531402711208,0.9999591900054513,0.9292818722998305,0.5063249926339752,0.45,0.5063249926339752,0.116096799075636,0.573390816091853
RUSSIA,1990,0.7449268161765195,0.917018872756939,0.1155078926024358,0.1616253140271121,0.9999388359442662,0.9290756893995408,0.5063249926339752,0.45,0.5063249926339752,0.1155078926024358,0.5732798264247254
RUSSIA,1990,0.7449268161765195,0.917018872756939,0.1149189861292356,0.15461092237434748,0.9999591900054513,0.9292818722998305,0.5063249926339752,0.45,0.5063249926339752,0.1149189861292356,0.5725127049846165
RUSSIA,1990,0.7449268161765195,0.917018872756939,0.11433007965603541,0.1546109223743475,0.9999388359442662,0.9290756893995408,0.5063249926339752,0.45,0.5063249926339752,0.11433007965603541,0.572401715317489
RUSSIA,1990,0.744261944419519,0.8842149147359301,0.11317629261337614,0.15642321352780003,0.9999591758013764,0.9259925811123362,0.4811645669778734,0.44333333333333336,0.4811645669778734,0.11317629261337614,0.5639494091193596
RUSSIA,1990,0.7435970726625184,0.8514109567149211,0.11261141204391707,0.15122111302848792,0.9999252515820434,0.9185943584660261,0.45600414132177153,0.4366666666666667,0.45600414132177153,0.11261141204391707,0.554447061883379
RUSSIA,1991,0.7429322009055179,0.8186069986939121,0.11204653147445798,0.136341774264174,0.9999455914391534,0.9155112501788217,0.4308437156656696,0.43,0.4308437156656696,0.11204653147445798,0.544413928664453
RUSSIA,1991,0.7422673291485175,0.7858030406729031,0.11148165090499891,0.12847682715262465,0.9999116672198204,0.9081130275325118,0.4056832900095678,0.42333333333333323,0.4056832900095678,0.11148165090499891,0.5346452967672487
RUSSIA,1991,0.7416024573915169,0.7529990826518941,0.10930503128427929,0.1302891183060772,0.9999320070769304,0.9050299192453073,0.3805228643534659,0.41666666666666663,0.3805228643534659,0.10930503128427929,0.5260395656824103
RUSSIA,1991,0.7416024573915169,0.7529990826518941,0.10769329223301874,0.1302891183060772,0.9998980970616724,0.9009209877864915,0.3805228643534659,0.41666666666666663,0.3805228643534659,0.10769329223301874,0.5253835206773139
RUSSIA,1991,0.7416024573915169,0.7529990826518941,0.10608155318175819,0.12061188004107534,0.9999320070769304,0.9050299192453073,0.3805228643534659,0.41666666666666663,0.3805228643534659,0.10608155318175819,0.5245883201405319
RUSSIA,1991,0.7416024573915169,0.7529990826518941,0.1044698141304976,0.12061188004107534,0.9998980970616724,0.9009209877864915,0.3805228643534659,0.41666666666666663,0.3805228643534659,0.1044698141304976,0.5239322751354354
RUSSIA,1991,0.7409310126809936,0.6931365291067964,0.10060120059315328,0.10056187735806499,0.9999269663447276,0.8950594119752454,0.36492915939760523,0.41666666666666663,0.36492915939760523,0.10060120059315328,0.5123376843792463
RUSSIA,1991,0.7402595679704704,0.6332739755616985,0.09834432610706947,0.0708346364100528,0.9999269052062933,0.8879051996618779,0.3493354544417445,0.41666666666666663,0.3493354544417445,0.09834432610706947,0.499884973961885
RUSSIA,1992,0.739588123259947,0.5734114220166008,0.09608745162098567,0.04117938983237845,0.9999557744893485,0.8820436238506317,0.33374174948588375,0.41666666666666663,0.33374174948588375,0.09608745162098567,0.4875716196739185
RUSSIA,1992,0.7389166785494238,0.513548868471503,0.09383057713490185,0.021201381519705957,0.999955713350914,0.8748894115372643,0.31814804453002316,0.41666666666666663,0.31814804453002316,0.09383057713490185,0.4760938325200911
RUSSIA,1992,0.7382452338389005,0.4536863149264052,0.0907798914128503,0.0011513788366956166,0.9999845826339693,0.8690278357260184,0.30255433957416245,0.41666666666666663,0.30255433957416245,0.0907798914128503,0.4646219309361959
RUSSIA,1992,0.7382452338389005,0.4536863149264052,0.08998608017688256,0.0011513788366956166,0.999989562227738,0.8718441306827126,0.30255433957416245,0.41666666666666663,0.30255433957416245,0.08998608017688256,0.4647849867058471
RUSSIA,1992,0.7382452338389005,0.4536863149264052,0.08919226894091484,0.0012233732070334644,0.9999845826339693,0.8690278357260184,0.30255433957416245,0.41666666666666663,0.30255433957416245,0.08919226894091484,0.46439098700243936
RUSSIA,1992,0.7382452338389005,0.4536863149264052,0.08839845770494707,0.0012233732070334644,0.999989562227738,0.8718441306827124,0.30255433957416245,0.49999999999999994,0.30255433957416245,0.08839845770494707,0.47705404277209046
RUSSIA,1992,0.7375671182198682,0.4385372071658096,0.08636286608565857,0.000950471777464246,0.9999721873561699,0.8751800788892886,0.2958950242382447,0.5833333333333333,0.2958950242382447,0.08636286608565857,0.486937745800439
RUSSIA,1992,0.7368890026008359,0.42338809940521394,0.08512108570233781,0.0007495647182328753,0.9999446771930378,0.8847133536307025,0.289235708902327,0.5833333333333333,0.289235708902327,0.08512108570233781,0.4850664390755439
RUSSIA,1993,0.7362108869818035,0.4082389916446183,0.08387930531901705,0.0005486904184246919,0.9999273023214699,0.8880493018372786,0.28257639356640923,0.5833333333333333,0.28257639356640923,0.08387930531901705,0.4825764165022637
RUSSIA,1993,0.7355327713627712,0.39308988388402266,0.08263752493569629,0.000275821748278661,0.9998997921583378,0.8975825765786926,0.2759170782304915,0.5833333333333333,0.2759170782304915,0.08263752493569629,0.4806979136162771
RUSSIA,1993,0.7348546557437388,0.377940776123427,0.08037262012631599,2.920318709442624e-06,0.9998824172867696,0.9009185247852685,0.26925776289457376,0.5833333333333333,0.26925776289457376,0.08037262012631599,0.47804721966611186
RUSSIA,1993,0.7348546557437388,0.377940776123427,0.07934949570025647,2.920318709442624e-06,0.999867302401437,0.9042995563634122,0.26925776289457376,0.5833333333333333,0.26925776289457376,0.07934949570025647,0.478230342671484
RUSSIA,1993,0.7348546557437388,0.377940776123427,0.07832637127419693,2.953078132629995e-06,0.9998824172867696,0.9009185247852687,0.26925776289457376,0.5833333333333333,0.26925776289457376,0.07832637127419693,0.4777402856142363
RUSSIA,1993,0.7348546557437388,0.377940776123427,0.07730324684813741,2.953078132629995e-06,0.999867302401437,0.9042995563634122,0.26925776289457376,0.5833333333333333,0.26925776289457376,0.07730324684813741,0.47792340861960847
RUSSIA,1993,0.7341697693050977,0.3944097512068719,0.07470576166833748,0.018393809112544617,0.9998599194447824,0.896525866427502,0.27459009993327366,0.5833333333333333,0.27459009993327366,0.07470576166833748,0.4809387792551765
RUSSIA,1993,0.7334848828664565,0.41087872629031674,0.07313140091459709,0.036784697906379796,0.9998773828393446,0.8941668762213855,0.27992243697197344,0.5833333333333333,0.27992243697197344,0.07313140091459709,0.48465157643869683
RUSSIA,1994,0.7327999964278155,0.42734770137376155,0.07155704016085669,0.05734901928190859,0.9998699998826901,0.8863931862854753,0.2852547740106733,0.5833333333333333,0.2852547740106733,0.07155704016085669,0.4880377622722854
RUSSIA,1994,0.7321151099891744,0.4438166764572064,0.06998267940711629,0.07791330789801418,0.9998874632772523,0.8840341960793587,0.2905871110493732,0.5833333333333333,0.2905871110493732,0.06998267940711629,0.4919678994380329
RUSSIA,1994,0.7314302235505333,0.46028565154065126,0.06812486671682462,0.09630416393242616,0.9998800803205977,0.8762605061434485,0.295919448088073,0.5833333333333333,0.295919448088073,0.06812486671682462,0.49509422094702704
RUSSIA,1994,0.7314302235505333,0.46028565154065126,0.06784141478027335,0.09630416393242616,0.9999200415571472,0.8782941742950985,0.295919448088073,0.5833333333333333,0.295919448088073,0.06784141478027335,0.4952590660953643
RUSSIA,1994,0.7314302235505333,0.46028565154065126,0.06755796284372206,0.09847759651411978,0.9998800803205977,0.8762605061434485,0.295919448088073,0.5833333333333333,0.295919448088073,0.06755796284372206,0.495226528624231
RUSSIA,1994,0.7314302235505333,0.46028565154065126,0.06727451090717079,0.09847759651411978,0.9999200415571472,0.8782941742950985,0.295919448088073,0.5853174603174602,0.295919448088073,0.06727451090717079,0.4956889928201873
RUSSIA,1994,0.7307384643759971,0.45625168550593875,0.06636475235948812,0.09822333440324267,0.9998375640166006,0.8743702386861566,0.29788867390939544,0.5873015873015872,0.29788867390939544,0.06636475235948812,0.4952123039531641
RUSSIA,1994,0.730046705201461,0.45221771947122624,0.06573844574835672,0.10014250487405918,0.999877532447101,0.8729636279528539,0.29985789973071786,0.5892857142857142,0.29985789973071786,0.06573844574835672,0.4952594532194615
RUSSIA,1995,0.7293549460269249,0.44818375343651373,0.06511213913722533,0.10294326499235218,0.9997950549065544,0.8690396923439121,0.3018271255520403,0.5912698412698412,0.3018271255520403,0.06511213913722533,0.495130784365838
RUSSIA,1995,0.7286631868523885,0.4441497874018013,0.06448583252609394,0.10357059252895158,0.9998350233370548,0.8676330816106095,0.3037963513733627,0.5932539682539681,0.3037963513733627,0.06448583252609394,0.4950487493387138
RUSSIA,1995,0.7279714276778524,0.44011582136708877,0.06363274283181641,0.10331633041807446,0.9997525457965082,0.8637091460016675,0.30576557719468517,0.5952380952380951,0.30576557719468517,0.06363274283181641,0.49458056079970136
RUSSIA,1995,0.7279714276778524,0.44011582136708877,0.06340595974867028,0.10331633041807445,0.9998350305310055,0.8641928027256569,0.30576557719468517,0.5972222222222221,0.30576557719468517,0.06340595974867028,0.4949007765306972
RUSSIA,1995,0.7279714276778524,0.44011582136708877,0.06317917666552415,0.10419792006555095,0.9997525457965082,0.8637091460016675,0.30576557719468517,0.5992063492063492,0.30576557719468517,0.06317917666552415,0.4951959229347433
RUSSIA,1995,0.7279714276778524,0.44011582136708877,0.06295239358237802,0.10419792006555095,0.9998350305310055,0.8641928027256569,0.30576557719468517,0.6011904761904762,0.30576557719468517,0.06295239358237802,0.4955161386657391
RUSSIA,1995,0.7272726917953898,0.4329139592836622,0.0620509803127486,0.10368056328704842,0.9997422478614556,0.8767701360978322,0.3029736840232694,0.6031746031746031,0.3029736840232694,0.0620509803127486,0.49563148454890155
RUSSIA,1995,0.7265739559129273,0.4257120972002356,0.061376350126265314,0.1040447961560224,0.999725925169737,0.8894155477609708,0.30018179085185354,0.6051587301587301,0.30018179085185354,0.061376350126265314,0.49588346068616307
RUSSIA,1996,0.7258752200304647,0.41851023511680907,0.06070171993978203,0.10457556233718994,0.999633142500187,0.9019928811331461,0.2973898976804377,0.6071428571428571,0.2973898976804377,0.06070171993978203,0.49613763632776453
RUSSIA,1996,0.7251764841480022,0.4113083730333825,0.060027089753298735,0.10422473887088098,0.9996168198084685,0.9146382927962845,0.29459800450902196,0.6091269841269841,0.29459800450902196,0.060027089753298735,0.4963181068314978
RUSSIA,1996,0.7244777482655396,0.4041065109499559,0.059427393724856156,0.10370738209237844,0.9995240371389185,0.92721562616846,0.29180611133760614,0.611111111111111,0.29180611133760614,0.059427393724856156,0.4964787103008383
RUSSIA,1996,0.7244777482655396,0.4041065109499559,0.059502327882896874,0.10370738209237844,0.9995180123822527,0.9268000477354338,0.29180611133760614,0.613095238095238,0.29180611133760614,0.059502327882896874,0.49674540915319426
RUSSIA,1996,0.7244777482655396,0.4041065109499559,0.059577262040937586,0.10387391540457203,0.9995240371389185,0.92721562616846,0.29180611133760614,0.615079365079365,0.29180611133760614,0.059577262040937586,0.49711308197470794
RUSSIA,1996,0.7244777482655396,0.4041065109499559,0.059652196198978304,0.10387391540457203,0.9995180123822527,0.9268000477354338,0.29180611133760614,0.617063492063492,0.29180611133760614,0.059652196198978304,0.4973797808270639
RUSSIA,1996,0.7237719295952791,0.3983297279063004,0.059290264944570306,0.10217403037929593,0.9995178485579252,0.9208969135522608,0.2845377199108277,0.619047619047619,0.2845377199108277,0.059290264944570306,0.4950889820643227
RUSSIA,1996,0.7230661109250186,0.3925529448626448,0.0588533995321216,0.10064067866621343,0.9994768335561993,0.9108400054834552,0.2772693284840493,0.6210317460317459,0.2772693284840493,0.0588533995321216,0.4923841340027917
RUSSIA,1997,0.7223602922547582,0.3867761618189893,0.05841653411967288,0.09700804441834257,0.9994766697318719,0.9049368713002822,0.27000093705727085,0.6230158730158729,0.27000093705727085,0.05841653411967288,0.48988882019408486
RUSSIA,1997,0.7216544735844977,0.38099937877533374,0.05797966870722417,0.09320887685827814,0.9994356547301457,0.8948799632314769,0.2627325456304924,0.625,0.2627325456304924,0.05797966870722417,0.4869573905478557
RUSSIA,1997,0.7209486549142373,0.37522259573167815,0.057248290388557076,0.09150899183300207,0.9994354909058183,0.8889768290483039,0.255464154203714,0.626984126984127,0.255464154203714,0.057248290388557076,0.48461117472547566
RUSSIA,1997,0.7209486549142373,0.37522259573167815,0.056953777482338694,0.09150899183300207,0.9994006644850856,0.8852386335956975,0.255464154203714,0.628968253968254,0.255464154203714,0.056953777482338694,0.484487314649828
RUSSIA,1997,0.7209486549142373,0.37522259573167815,0.05665926457612032,0.08940970929821371,0.9994354909058183,0.8889768290483039,0.255464154203714,0.6309523809523809,0.255464154203714,0.05665926457612032,0.48490813069536937
RUSSIA,1997,0.7209486549142373,0.37522259573167815,0.05636475166990194,0.08940970929821371,0.9994006644850856,0.8852386335956975,0.255464154203714,0.6329365079365079,0.255464154203714,0.05636475166990194,0.48478427061972174
RUSSIA,1997,0.7198581219543836,0.36666418751747865,0.05530719394784502,0.0869846732272096,0.999386008021238,0.8794106001116322,0.2559084788453867,0.6349206349206349,0.2559084788453867,0.05530719394784502,0.4831437113379935
RUSSIA,1997,0.71876758899453,0.3581057793032791,0.05454414913200648,0.08246035462141714,0.9992230082589331,0.8664237920718112,0.2563528034870594,0.6369047619047619,0.2563528034870594,0.05454414913200648,0.48060668895329783
RUSSIA,1998,0.7176770560346764,0.3495473710890795,0.053781104316167935,0.07728801198453603,0.9992083517950853,0.8605957585877457,0.2567971281287321,0.6388888888888888,0.2567971281287321,0.053781104316167935,0.47873557595091454
RUSSIA,1998,0.7165865230748227,0.34098896287488,0.05301805950032941,0.07421495188244324,0.9990453520327802,0.8476089505479246,0.25724145277040483,0.6408730158730158,0.25724145277040483,0.05301805950032941,0.47634367941658884
RUSSIA,1998,0.715495990114969,0.33243055466068044,0.052567327382625414,0.07178991581143915,0.9990306955689328,0.8417809170638593,0.25768577741207754,0.6428571428571428,0.25768577741207754,0.052567327382625414,0.47479414397551345
RUSSIA,1998,0.715495990114969,0.33243055466068044,0.05287964008075996,0.07178991581143915,0.9989171786912079,0.8383603379607096,0.25768577741207754,0.6448412698412698,0.25768577741207754,0.05287964008075996,0.47478520032976523
RUSSIA,1998,0.715495990114969,0.33243055466068044,0.053191952778894505,0.07114189178035049,0.9990306955689328,0.8417809170638593,0.25768577741207754,0.6468253968253967,0.25768577741207754,0.053191952778894505,0.47541827347708304
RUSSIA,1998,0.715495990114969,0.33243055466068044,0.053504265477029044,0.07114189178035049,0.9989171786912078,0.8383603379607096,0.25768577741207754,0.6488095238095237,0.25768577741207754,0.053504265477029044,0.4754093298313349
RUSSIA,1998,0.7142013930421194,0.3312882125737951,0.05362277683962162,0.06964485457308457,0.9988221348952699,0.8394602094863458,0.25778938143472346,0.6507936507936507,0.25778938143472346,0.05362277683962162,0.4753826214693669
RUSSIA,1998,0.7129067959692698,0.3301458704869097,0.05342897550407966,0.06749979333472998,0.9985903129869177,0.8428601486536433,0.2578929854573694,0.6527777777777777,0.2578929854573694,0.05342897550407966,0.47546059275249464
RUSSIA,1999,0.7116121988964201,0.3290035284000244,0.053235174168537694,0.06736457295794547,0.9984952691909801,0.8439600201792794,0.25799658948001536,0.6547619047619047,0.25799658948001536,0.053235174168537694,0.47552321916885476
RUSSIA,1999,0.7103176018235706,0.327861186313139,0.053041372832995724,0.0678773766122496,0.9982634472826277,0.8473599593465769,0.2581001935026613,0.6567460317460317,0.2581001935026613,0.053041372832995724,0.47586697694124835
RUSSIA,1999,0.7090230047507209,0.32671884422625364,0.05337976380495675,0.0663803394049837,0.9981684034866898,0.8484598308722131,0.2582037975253072,0.6587301587301587,0.2582037975253072,0.05337976380495675,0.47587325052068563
RUSSIA,1999,0.7090230047507209,0.32671884422625364,0.05391195611245975,0.0663803394049837,0.9981451422520002,0.8541804776170239,0.2582037975253072,0.6607142857142857,0.2582037975253072,0.05391195611245975,0.4768204369654423
RUSSIA,1999,0.7090230047507209,0.32671884422625364,0.054444148419962736,0.06839018026655376,0.9981684034866898,0.8484598308722131,0.2582037975253072,0.6626984126984127,0.2582037975253072,0.054444148419962736,0.4768291303943316
RUSSIA,1999,0.7090230047507209,0.32671884422625364,0.05497634072746573,0.06839018026655376,0.9981451422520002,0.8541804776170239,0.2582037975253072,0.6646825396825397,0.2582037975253072,0.05497634072746573,0.4777763168390883
RUSSIA,1999,0.7071491651403462,0.324792674670751,0.055584928470020875,0.06855863665477425,0.9981285530453408,0.8579161345689872,0.2646735371859642,0.6666666666666666,0.2646735371859642,0.055584928470020875,0.4790507445134351
RUSSIA,1999,0.7052753255299715,0.32286650511524834,0.055661323905073036,0.07073693390456481,0.9980813229757404,0.8695089505545642,0.2711432768466212,0.6666666666666666,0.2711432768466212,0.055661323905073036,0.48093136019726174
RUSSIA,2000,0.7034014859195968,0.3209403355597457,0.05573771934012518,0.07325437801053,0.9980647337690808,0.8732446075065277,0.2776130165072782,0.6666666666666666,0.2776130165072782,0.05573771934012518,0.4820632387496385
RUSSIA,2000,0.7015276463092223,0.3190141660042431,0.05581411477517732,0.07376198125492514,0.9980175036994805,0.8848374234921044,0.28408275616793516,0.6666666666666666,0.28408275616793516,0.05581411477517732,0.4837767850329256
RUSSIA,2000,0.6996538066988476,0.3170879964487405,0.056173836160147886,0.07393043764314564,0.9980009144928209,0.8885730804440678,0.29055249582859216,0.6666666666666666,0.29055249582859216,0.056173836160147886,0.48471626370601567
RUSSIA,2000,0.6996538066988476,0.3170879964487405,0.05645716211006628,0.07393043764314564,0.9979935348645697,0.8907095927328706,0.29055249582859216,0.6666666666666666,0.29055249582859216,0.05645716211006628,0.4849716758645586
RUSSIA,2000,0.6996538066988476,0.3170879964487405,0.056740488059984696,0.07426958449932027,0.9980009144928209,0.8885730804440678,0.29055249582859216,0.6666666666666666,0.29055249582859216,0.056740488059984696,0.48483517617660865
RUSSIA,2000,0.6996538066988476,0.3170879964487405,0.0570238140099031,0.07426958449932028,0.9979935348645697,0.8907095927328708,0.29055249582859216,0.6666666666666666,0.29055249582859216,0.0570238140099031,0.4850905883351516
RUSSIA,2000,0.6994491598449926,0.31834997812566657,0.057479303081094835,0.07556777782577064,0.9980510012263721,0.8898102423835054,0.2827378225210602,0.6666666666666666,0.2827378225210602,0.057479303081094835,0.4841278427732037
RUSSIA,2000,0.6992445129911375,0.31961195980259266,0.057651466202368176,0.07720511800839562,0.9980880608876339,0.8943896806822158,0.2749231492135283,0.6666666666666666,0.2749231492135283,0.057651466202368176,0.48370235119913896
RUSSIA,2001,0.6990398661372824,0.3208739414795187,0.05782362932364151,0.07961682074291695,0.9981455272494365,0.8934903303328504,0.2671084759059963,0.6666666666666666,0.2671084759059963,0.05782362932364151,0.4828084576855104
RUSSIA,2001,0.6988352192834275,0.32213592315644485,0.05799579244491485,0.08168937662126363,0.9981825869106983,0.8980697686315608,0.25929380259846435,0.6666666666666666,0.25929380259846435,0.05799579244491485,0.48242648768101787
RUSSIA,2001,0.6986305724295724,0.32339790483337094,0.05844364274333451,0.08298756994771397,0.9982400532725009,0.8971704182821956,0.2514791292909324,0.6666666666666666,0.2514791292909324,0.05844364274333451,0.48146259630315413
RUSSIA,2001,0.6986305724295724,0.32339790483337094,0.058719329920480845,0.08298756994771397,0.9982270262002112,0.9005126946414685,0.2514791292909324,0.6666666666666666,0.2514791292909324,0.058719329920480845,0.48183687430842437
RUSSIA,2001,0.6986305724295724,0.32339790483337094,0.05899501709762718,0.08376193249961031,0.9982400532725009,0.8971704182821956,0.2514791292909324,0.6666666666666666,0.2514791292909324,0.05899501709762718,0.48162273871148764
RUSSIA,2001,0.6986305724295724,0.32339790483337094,0.0592707042747735,0.08376193249961031,0.9982270262002114,0.9005126946414685,0.2514791292909324,0.6682539682539682,0.2514791292909324,0.0592707042747735,0.4822351119548532
RUSSIA,2001,0.698263929606962,0.32327098132185944,0.05961834396754782,0.08473538858684382,0.9982738453168128,0.9036615751665682,0.26013938344385285,0.6698412698412698,0.26013938344385285,0.05961834396754782,0.4841736180681534
RUSSIA,2001,0.6978972867843517,0.32314405781034794,0.059690296483175795,0.08648320722597366,0.9983112112988637,0.9117299461902588,0.2687996375967733,0.6714285714285714,0.2687996375967733,0.059690296483175795,0.48663921109647534
RUSSIA,2002,0.6975306439617414,0.32301713429883644,0.05976224899880378,0.09039238975439216,0.9983580304154651,0.9148788267153585,0.27745989174969365,0.673015873015873,0.27745989174969365,0.05976224899880378,0.48882993677732206
RUSSIA,2002,0.697164001139131,0.32289021078732494,0.059834201514431765,0.09352720973091434,0.9983953963975161,0.9229471977390491,0.28612014590261403,0.6746031746031745,0.28612014590261403,0.059834201514431765,0.49143422993938324
RUSSIA,2002,0.6967973583165206,0.3227632872758134,0.060342468099770084,0.09450066581814787,0.9984422155141177,0.9260960782641486,0.29478040005553446,0.6761904761904761,0.29478040005553446,0.060342468099770084,0.49339683008656804
RUSSIA,2002,0.6967973583165206,0.3227632872758134,0.060778782169480426,0.09450066581814788,0.9984457894518567,0.9276732924034665,0.29478040005553446,0.6777777777777778,0.29478040005553446,0.060778782169480426,0.4938584512428255
RUSSIA,2002,0.6967973583165206,0.3227632872758134,0.06121509623919078,0.09666202970743652,0.9984422155141177,0.9260960782641486,0.29478040005553446,0.6793650793650794,0.29478040005553446,0.06121509623919078,0.49422005117260054
RUSSIA,2002,0.6967973583165206,0.3227632872758134,0.06165141030890113,0.09666202970743652,0.9984457894518567,0.9276732924034665,0.29478040005553446,0.680952380952381,0.29478040005553446,0.06165141030890113,0.49468167232885796
RUSSIA,2002,0.6961663907958563,0.32014986040800275,0.062174467909136465,0.09772880458785052,0.9984110056781903,0.9316650421849578,0.34400217746889117,0.6825396825396826,0.34400217746889117,0.062174467909136465,0.5025278790929352
RUSSIA,2002,0.695535423275192,0.3175364335401921,0.06226121143966146,0.10095694335755319,0.9983903675349699,0.9383494019616464,0.39322395488224793,0.6841269841269841,0.39322395488224793,0.06226121143966146,0.5107954506980491
RUSSIA,2003,0.6949044557545279,0.3149230066723815,0.062347954970186456,0.10758674137547816,0.9983555837613037,0.9423411517431377,0.44244573229560463,0.6857142857142857,0.44244573229560463,0.062347954970186456,0.5191325126654209
RUSSIA,2003,0.6942734882338637,0.31230957980457086,0.06243469850071144,0.11205517550411451,0.9983349456180832,0.9490255115198265,0.49166750970896145,0.6873015873015873,0.49166750970896145,0.06243469850071144,0.5275241138064282
RUSSIA,2003,0.6936425207131994,0.3096961529367602,0.06296081679523188,0.1131219503845285,0.9983001618444171,0.9530172613013178,0.5408892871223181,0.6888888888888889,0.5408892871223181,0.06296081679523188,0.5353707796746482
RUSSIA,2003,0.6936425207131994,0.3096961529367602,0.06340019155922731,0.1131219503845285,0.9983107335371239,0.9541326571571972,0.5408892871223181,0.6904761904761905,0.5408892871223181,0.06340019155922731,0.5357873778822013
RUSSIA,2003,0.6936425207131994,0.3096961529367602,0.06383956632322277,0.11652360963275084,0.9983001618444171,0.9530172613013178,0.5408892871223181,0.692063492063492,0.5408892871223181,0.06383956632322277,0.5363189485048596
RUSSIA,2003,0.6936425207131994,0.3096961529367602,0.06427894108721818,0.11652360963275084,0.9983107335371239,0.9541326571571972,0.5408892871223181,0.6936507936507936,0.5408892871223181,0.06427894108721818,0.5367355467124126
RUSSIA,2003,0.6930121327822742,0.3044442687400511,0.0646618217387385,0.11638877753438248,0.9982812157268665,0.9538498323573738,0.5408892871223181,0.6952380952380952,0.5408892871223181,0.0646618217387385,0.5363666099680814
RUSSIA,2003,0.6923817448513491,0.29919238454334196,0.06460532762626334,0.11965560468423646,0.9982654799861364,0.9564615013680895,0.5408892871223181,0.6968253968253968,0.5408892871223181,0.06460532762626334,0.5365627605219796
RUSSIA,2004,0.691751356920424,0.2939405003466328,0.06454883351378822,0.12661838931033842,0.998235962175879,0.9561786765682662,0.5408892871223181,0.6984126984126984,0.5408892871223181,0.06454883351378822,0.5368376792354961
RUSSIA,2004,0.6911209689894988,0.2886886161499237,0.06449233940131308,0.13017951468821803,0.9982202264351487,0.9587903455789819,0.5408892871223181,0.7,0.5408892871223181,0.06449233940131308,0.5370632596121968
RUSSIA,2004,0.6904905810585736,0.2834367319532146,0.06485608293457167,0.1300446825898497,0.9981907086248911,0.9585075207791585,0.5408892871223181,0.7015873015873016,0.5408892871223181,0.06485608293457167,0.5366914523001263
RUSSIA,2004,0.6904905810585736,0.2834367319532146,0.06527632058030539,0.1300446825898497,0.9981939190017117,0.9602866187338183,0.5408892871223181,0.7031746031746032,0.5408892871223181,0.06527632058030539,0.5371708140182296
RUSSIA,2004,0.6904905810585736,0.2834367319532146,0.06569655822603912,0.1337406400660977,0.9981907086248911,0.9585075207791585,0.5408892871223181,0.7047619047619048,0.5408892871223181,0.06569655822603912,0.5376633098176616
RUSSIA,2004,0.6904905810585736,0.2834367319532146,0.06611679587177281,0.13374064006609768,0.9981939190017117,0.9602866187338183,0.5408892871223181,0.7063492063492064,0.5408892871223181,0.06611679587177281,0.5381426715357649
RUSSIA,2004,0.689860771919161,0.27411415596021216,0.066495159817242,0.13421185833083293,0.998199660593676,0.9619183506722457,0.5408892871223181,0.707936507936508,0.5408892871223181,0.066495159817242,0.5376216615749811
RUSSIA,2004,0.6892309627797484,0.26479157996720976,0.06645328611697744,0.1383790340718162,0.9982156388375059,0.9663723944849846,0.5408892871223181,0.7095238095238096,0.5408892871223181,0.06645328611697744,0.5376904665675797
RUSSIA,2005,0.6886011536403357,0.2554690039742073,0.06641141241671288,0.14611996538358246,0.9982213804294702,0.968004126423412,0.5408892871223181,0.7111111111111111,0.5408892871223181,0.06641141241671288,0.537833392264639
RUSSIA,2005,0.6879713445009231,0.2461464279812049,0.06636953871644832,0.15016493921910082,0.9982373586732999,0.9724581702361508,0.5408892871223181,0.7126984126984127,0.5408892871223181,0.06636953871644832,0.5378899770666911
RUSSIA,2005,0.6873415353615104,0.23682385198820247,0.0668612073027697,0.15063615748383608,0.9982431002652643,0.9740899021745782,0.5408892871223181,0.7142857142857143,0.5408892871223181,0.0668612073027697,0.537385962802035
RUSSIA,2005,0.6873415353615104,0.23682385198820247,0.06739474958935562,0.15063615748383608,0.9982501265403092,0.97513311609423,0.5408892871223181,0.7158730158730159,0.5408892871223181,0.06739474958935562,0.5378091134025879
RUSSIA,2005,0.6873415353615104,0.23682385198820247,0.06792829187594154,0.15420991305461915,0.9982431002652643,0.9740899021745782,0.5408892871223181,0.7174603174603175,0.5408892871223181,0.06792829187594154,0.5383795915212796
RUSSIA,2005,0.6873415353615104,0.23682385198820247,0.06846183416252746,0.15420991305461915,0.9982501265403092,0.97513311609423,0.5408892871223181,0.719047619047619,0.5408892871223181,0.06846183416252746,0.5388027421218324
RUSSIA,2005,0.6867776088347226,0.23523121812198805,0.06914063292619083,0.1538701172136136,0.9982600197458726,0.97583512890691,0.5408892871223181,0.7206349206349206,0.5408892871223181,0.06914063292619083,0.5389360158265614
RUSSIA,2005,0.6862136823079349,0.23363858425577363,0.06928588940326827,0.1571040769433911,0.9982870012898715,0.9779973726743227,0.5408892871223181,0.7222222222222223,0.5408892871223181,0.06928588940326827,0.5394943656746976
RUSSIA,2006,0.6856497557811471,0.23204595038955925,0.06943114588034571,0.16391216268264028,0.9982968944954349,0.9786993854870027,0.5408892871223181,0.7238095238095239,0.5408892871223181,0.06943114588034571,0.540262396194464
RUSSIA,2006,0.6850858292543595,0.23045331652334483,0.06957640235742316,0.16714649285110642,0.998323876039434,0.9808616292544154,0.5408892871223181,0.7253968253968255,0.5408892871223181,0.06957640235742316,0.5408207830864691
RUSSIA,2006,0.6845219027275716,0.22886068265713042,0.07034638803613949,0.16680669701010084,0.9983337692449972,0.9815636420670956,0.5408892871223181,0.7269841269841271,0.5408892871223181,0.07034638803613949,0.540967734828456
RUSSIA,2006,0.6845219027275716,0.22886068265713042,0.07097111723777838,0.16680669701010084,0.9983438313083879,0.9819806591021765,0.5408892871223181,0.7285714285714286,0.5408892871223181,0.07097111723777838,0.5413422473566442
RUSSIA,2006,0.6845219027275716,0.22886068265713042,0.07159584643941727,0.17038082301957252,0.9983337692449972,0.9815636420670956,0.5408892871223181,0.7301587301587302,0.5408892871223181,0.07159584643941727,0.5419887566660853
RUSSIA,2006,0.6845219027275716,0.22886068265713042,0.07222057564105615,0.17038082301957252,0.998343831308388,0.9819806591021765,0.5408892871223181,0.7317460317460318,0.5408892871223181,0.07222057564105615,0.5423632691942735
RUSSIA,2006,0.6840318240502972,0.2272998732502623,0.07317155253378797,0.17019696753070232,0.998356079474483,0.9818092122088483,0.5408892871223181,0.7333333333333334,0.5408892871223181,0.07317155253378797,0.5424801128023902
RUSSIA,2006,0.6835417453730228,0.22573906384339412,0.0734978002248809,0.1735872380513038,0.9983828122433275,0.9822507312086973,0.5408892871223181,0.7333333333333334,0.5408892871223181,0.0734978002248809,0.5426853094427057
RUSSIA,2007,0.6830516666957485,0.224178254436526,0.07382404791597381,0.18262770044926616,0.9983950604094227,0.9820792843153694,0.5408892871223181,0.7333333333333334,0.5408892871223181,0.07382404791597381,0.5433927802211646
RUSSIA,2007,0.6825615880184739,0.2226174450296579,0.07415029560706674,0.18809403683775677,0.9984217931782673,0.9825208033152183,0.5408892871223181,0.7333333333333334,0.5408892871223181,0.07415029560706674,0.5438055834482689
RUSSIA,2007,0.6820715093411995,0.22105663562278974,0.07490182389851344,0.1879101813488866,0.9984340413443624,0.9823493564218901,0.5408892871223181,0.7333333333333334,0.5408892871223181,0.07490182389851344,0.5436544145280977
RUSSIA,2007,0.6820715093411995,0.22105663562278974,0.07532710449886722,0.18791018134888657,0.9984384638837209,0.9825453052799862,0.5408892871223181,0.7333333333333334,0.5408892871223181,0.07532710449886722,0.5437382437578961
RUSSIA,2007,0.6820715093411995,0.22105663562278974,0.07575238509922098,0.19356037322624742,0.9984340413443624,0.9823493564218901,0.5408892871223181,0.7333333333333334,0.5408892871223181,0.07575238509922098,0.5443470178959399
RUSSIA,2007,0.6820715093411995,0.22105663562278974,0.07617766569957476,0.19356037322624745,0.9984384638837209,0.9825453052799862,0.5408892871223181,0.7333333333333334,0.5408892871223181,0.07617766569957476,0.5444308471257384
RUSSIA,2007,0.6815839940045059,0.2197295618718896,0.07701036280451581,0.19513248899950408,0.9984465774782869,0.9816424435174435,0.5408892871223181,0.7333333333333334,0.5408892871223181,0.07701036280451581,0.5444176537764135
RUSSIA,2007,0.6810964786678122,0.21840248812098953,0.07741777930910307,0.20235479665012157,0.9984169139513736,0.9802845460030654,0.5408892871223181,0.7333333333333334,0.5408892871223181,0.07741777930910307,0.5448564062374401
RUSSIA,2008,0.6806089633311185,0.2170754143700894,0.07782519581369034,0.20247344049624036,0.9984250275459395,0.9793816842405226,0.5408892871223181,0.7333333333333334,0.5408892871223181,0.07782519581369034,0.5446340736053483
RUSSIA,2008,0.680121447994425,0.21574834061918927,0.0782326123182776,0.19694189246499832,0.9983953640190263,0.9780237867261443,0.5408892871223181,0.7333333333333334,0.5408892871223181,0.0782326123182776,0.543797440498189
RUSSIA,2008,0.6796339326577313,0.21442126686828916,0.07808569221307343,0.19851400823825496,0.9984034776135922,0.9771209249636017,0.5408892871223181,0.7333333333333334,0.5408892871223181,0.07808569221307343,0.5436373045673424
RUSSIA,2008,0.6796339326577313,0.21442126686828916,0.07753135560328202,0.198514008238255,0.9983612779527542,0.9764699403536701,0.5408892871223181,0.7333333333333334,0.5408892871223181,0.07753135560328202,0.5434848356487967
RUSSIA,2008,0.6796339326577313,0.21442126686828916,0.0769770189934906,0.1914103444337562,0.9984034776135922,0.9771209249636017,0.5408892871223181,0.7333333333333334,0.5408892871223181,0.0769770189934906,0.5427606372039551
RUSSIA,2008,0.6796339326577313,0.21442126686828916,0.07642268238369918,0.19141034443375624,0.9983612779527544,0.9764699403536701,0.5408892871223181,0.7333333333333334,0.5408892871223181,0.07642268238369918,0.5426081682854094
RUSSIA,2008,0.6791489606028723,0.20934502336863364,0.0757006372294818,0.19006563908152938,0.9985077088318594,0.9749705288848226,0.5408892871223181,0.7333333333333334,0.5408892871223181,0.0757006372294818,0.5416497227598854
RUSSIA,2008,0.6786639885480135,0.2042687798689781,0.07553292868505584,0.18161726992480376,0.9986162146076343,0.9725268243844767,0.5408892871223181,0.7333333333333334,0.5408892871223181,0.07553292868505584,0.5399658395318975
RUSSIA,2009,0.6781790164931545,0.19919253636932255,0.0753652201406299,0.1782325138701466,0.9987626454867394,0.9710274129156291,0.5408892871223181,0.7333333333333334,0.5408892871223181,0.0753652201406299,0.5388865394275992
RUSSIA,2009,0.6776940444382956,0.19411629286966697,0.07519751159620394,0.18195142161998815,0.9988711512625141,0.968583708415283,0.5408892871223181,0.7333333333333334,0.5408892871223181,0.07519751159620394,0.538419383890268
RUSSIA,2009,0.6772090723834366,0.18904004937001145,0.07533955806996365,0.18060671626776129,0.9990175821416193,0.9670842969464356,0.5408892871223181,0.7333333333333334,0.5408892871223181,0.07533955806996365,0.5375905521089406
RUSSIA,2009,0.6772090723834366,0.18904004937001145,0.07564931308814932,0.18060671626776129,0.9990218566991269,0.9667909885248687,0.5408892871223181,0.7333333333333334,0.5408892871223181,0.07564931308814932,0.5376081119752625
RUSSIA,2009,0.6772090723834366,0.18904004937001145,0.07595906810633499,0.1856703293698297,0.9990175821416193,0.9670842969464356,0.5408892871223181,0.7333333333333334,0.5408892871223181,0.07595906810633499,0.5381898399246032
RUSSIA,2009,0.6772090723834366,0.18904004937001145,0.07626882312452066,0.1856703293698297,0.9990218566991269,0.9667909885248687,0.5408892871223181,0.7333333333333334,0.5408892871223181,0.07626882312452066,0.5382073997909251
RUSSIA,2009,0.6767266237604078,0.18859490749217225,0.07647824897114215,0.1839661607821126,0.9990209526922158,0.9663127262823237,0.5408892871223181,0.7333333333333334,0.5408892871223181,0.07647824897114215,0.5379035987029628
RUSSIA,2009,0.6762441751373791,0.18814976561433303,0.07637791979957798,0.18732560529646386,0.999027476155576,0.9652881941618755,0.5408892871223181,0.7333333333333334,0.5408892871223181,0.07637791979957798,0.5380058114317162
RUSSIA,2010,0.6757617265143503,0.18770462373649383,0.0762775906280138,0.19593893438958937,0.9990265721486649,0.9648099319193306,0.5408892871223181,0.7333333333333334,0.5408892871223181,0.0762775906280138,0.5386872968591103
RUSSIA,2010,0.6752792778913216,0.18725948185865463,0.07617726145644962,0.19948865038064648,0.999033095612025,0.9637853997988823,0.5408892871223181,0.7333333333333334,0.5408892871223181,0.07617726145644962,0.5388085367355344
RUSSIA,2010,0.6747968292682928,0.1868143399808154,0.07640052852301296,0.19778448179292935,0.999032191605114,0.9633071375563376,0.5408892871223181,0.7333333333333334,0.5408892871223181,0.07640052852301296,0.5385068118305633
RUSSIA,2010,0.6747968292682928,0.1868143399808154,0.07672412476114046,0.19778448179292935,0.9990353445178778,0.9630541761000014,0.5408892871223181,0.7333333333333334,0.5408892871223181,0.07672412476114046,0.5385303704119252
RUSSIA,2010,0.6747968292682928,0.1868143399808154,0.07704772099926796,0.20303836637170355,0.999032191605114,0.9633071375563376,0.5408892871223181,0.7333333333333334,0.5408892871223181,0.07704772099926796,0.539129279159879
RUSSIA,2010,0.6747968292682928,0.1868143399808154,0.07737131723739546,0.20303836637170355,0.9990353445178778,0.9630541761000014,0.5408892871223181,0.7333333333333334,0.5408892871223181,0.07737131723739546,0.5391528377412408
RUSSIA,2010,0.6747968292682928,0.18665463743494043,0.07777417674377293,0.20257905763661627,0.9989925131164983,0.9629555174935233,0.5408892871223181,0.7333333333333334,0.5408892871223181,0.07777417674377293,0.5391372165383155
RUSSIA,2010,0.6747968292682928,0.1864949348890655,0.0778534400120229,0.2073736334803032,0.9989460373089297,0.9622089365596895,0.5408892871223181,0.7333333333333334,0.5408892871223181,0.0778534400120229,0.539533287684194
RUSSIA,2011,0.6747968292682928,0.18633523234319055,0.07793270328027288,0.21318922538345692,0.9989032059075502,0.9621102779532116,0.5408892871223181,0.7333333333333334,0.5408892871223181,0.07793270328027288,0.5400966171093736
RUSSIA,2011,0.6747968292682928,0.18617552979731558,0.07801196654852285,0.2137509327078364,0.9988567300999815,0.9613636970193777,0.5408892871223181,0.7333333333333334,0.5408892871223181,0.07801196654852285,0.5400694014033213
RUSSIA,2011,0.6747968292682928,0.1860158272514406,0.07840547099706274,0.2132916239727491,0.9988138986986022,0.9612650384128998,0.5408892871223181,0.7333333333333334,0.5408892871223181,0.07840547099706274,0.5400523769417203
RUSSIA,2011,0.6747968292682928,0.1860158272514406,0.07871971217735266,0.2132916239727491,0.9988071013796492,0.9608700775418801,0.5408892871223181,0.7333333333333334,0.5408892871223181,0.07871971217735266,0.5400593372997665
RUSSIA,2011,0.6747968292682928,0.1860158272514406,0.07903395335764256,0.2143126400322159,0.9988138986986022,0.9612650384128998,0.5408892871223181,0.7333333333333334,0.5408892871223181,0.07903395335764256,0.540248750901754
RUSSIA,2011,0.6747968292682928,0.1860158272514406,0.07934819453793249,0.2143126400322159,0.9988071013796492,0.9608700775418801,0.5408892871223181,0.7333333333333334,0.5408892871223181,0.07934819453793249,0.5402557112598002
RUSSIA,2011,0.6747968292682928,0.18478760797307428,0.07961309335717115,0.21361647900229164,0.9987707241066112,0.9586101005501693,0.5408892871223181,0.7333333333333334,0.5408892871223181,0.07961309335717115,0.539873372625382
RUSSIA,2011,0.6747968292682928,0.18355938869470792,0.0795637509961199,0.2139413340318342,0.9987240767816417,0.955167642588352,0.5408892871223181,0.7333333333333334,0.5408892871223181,0.0795637509961199,0.5394267243176633
RUSSIA,2012,0.6747968292682928,0.1823311694163416,0.07951440863506866,0.21477392678327661,0.9986876995086037,0.952907665596641,0.5408892871223181,0.7333333333333334,0.5408892871223181,0.07951440863506866,0.5391501248843383
RUSSIA,2012,0.6747968292682928,0.18110295013797523,0.07946506627401742,0.21458550347525218,0.9986410521836342,0.9494652076348237,0.5408892871223181,0.7333333333333334,0.5408892871223181,0.07946506627401742,0.5386521487428628
RUSSIA,2012,0.6747968292682928,0.1798747308596089,0.07955513533161836,0.21388934244532792,0.9986046749105963,0.9472052306431127,0.5408892871223181,0.7333333333333334,0.5408892871223181,0.07955513533161836,0.538243585644199
RUSSIA,2012,0.6747968292682928,0.1798747308596089,0.07969454675027052,0.21388934244532795,0.9986012021776178,0.9464177105440259,0.5408892871223181,0.7333333333333334,0.5408892871223181,0.07969454675027052,0.5381853980737903
RUSSIA,2012,0.6747968292682928,0.1798747308596089,0.07983395816892269,0.21439708016722778,0.9986046749105963,0.9472052306431127,0.5408892871223181,0.7333333333333334,0.5408892871223181,0.07983395816892269,0.5383361828419847
RUSSIA,2012,0.6747968292682928,0.1798747308596089,0.07997336958757487,0.21439708016722775,0.9986012021776176,0.9464177105440259,0.5408892871223181,0.7333333333333334,0.5408892871223181,0.07997336958757487,0.5382779952715759
RUSSIA,2012,0.6747968292682928,0.17809561114842176,0.07991700870497664,0.2131809472396215,0.9985805435618176,0.9461961453241517,0.5408892871223181,0.7333333333333334,0.5408892871223181,0.07991700870497664,0.5379457934917395
RUSSIA,2012,0.6747968292682928,0.1763164914372346,0.07972123640372623,0.2124725520339151,0.998524437265918,0.9437853377810995,0.5408892871223181,0.7333333333333334,0.5408892871223181,0.07972123640372623,0.5374209847709673
RUSSIA,2013,0.6747968292682928,0.17453737172604744,0.07952546410247585,0.21020241478057272,0.9985037786501179,0.9435637725612255,0.5408892871223181,0.7333333333333334,0.5408892871223181,0.07952546410247585,0.5369624708457594
RUSSIA,2013,0.6747968292682928,0.17275825201486034,0.07932969180122544,0.20742453980533054,0.9984476723542182,0.9411529650181732,0.5408892871223181,0.7333333333333334,0.5408892871223181,0.07932969180122544,0.5362307141480338
RUSSIA,2013,0.6747968292682928,0.17097913230367318,0.0791921914464943,0.20620840687772427,0.9984270137384179,0.9409313997982991,0.5408892871223181,0.7333333333333334,0.5408892871223181,0.0791921914464943,0.5358863414473773
RUSSIA,2013,0.6747968292682928,0.17097913230367318,0.07925046339301353,0.2062084068777242,0.998395038791297,0.939529677574208,0.5408892871223181,0.7333333333333334,0.5408892871223181,0.07925046339301353,0.535751712522234
RUSSIA,2013,0.6747968292682928,0.17097913230367318,0.07930873533953278,0.20464666483008828,0.9984270137384179,0.9409313997982991,0.5408892871223181,0.7333333333333334,0.5408892871223181,0.07930873533953278,0.5357476488265694
RUSSIA,2013,0.6747968292682928,0.17097913230367318,0.07936700728605203,0.20464666483008828,0.998395038791297,0.9395296775742079,0.5408892871223181,0.7333333333333334,0.5408892871223181,0.07936700728605203,0.5356130199014262
RUSSIA,2013,0.6747968292682928,0.17105945791595678,0.07909107629407486,0.2016492402267506,0.9984336029472678,0.9385543006379222,0.5408892871223181,0.7333333333333334,0.5408892871223181,0.07909107629407486,0.5351862390754927
RUSSIA,2013,0.6747968292682928,0.17113978352824039,0.07875687335557846,0.19709007357577696,0.9983523799926257,0.9359885532093799,0.5408892871223181,0.7333333333333334,0.5408892871223181,0.07875687335557846,0.5344235274925307
RUSSIA,2014,0.6747968292682928,0.17122010914052396,0.07842267041708204,0.1866386269576016,0.9983909441485965,0.9350131762730939,0.5408892871223181,0.7333333333333334,0.5408892871223181,0.07842267041708204,0.5332426036731356
RUSSIA,2014,0.6747968292682928,0.17130043475280757,0.07808846747858562,0.17774892238706222,0.9983097211939544,0.9324474288445515,0.5408892871223181,0.7333333333333334,0.5408892871223181,0.07808846747858562,0.5320468382982171
RUSSIA,2014,0.6747968292682928,0.17138076036509114,0.07760087611870774,0.1747514977837245,0.998348285349925,0.9314720519082658,0.5408892871223181,0.7333333333333334,0.5408892871223181,0.07760087611870774,0.5315883084170985
RUSSIA,2014,0.6747968292682928,0.17138076036509114,0.07744748769732625,0.17475149778372448,0.9982604731864333,0.9312834036401003,0.5408892871223181,0.7333333333333334,0.5408892871223181,0.07744748769732625,0.5315376541107255
RUSSIA,2014,0.6747968292682928,0.17138076036509114,0.07729409927594476,0.16885921781652277,0.998348285349925,0.9314720519082658,0.5408892871223181,0.7333333333333334,0.5408892871223181,0.07729409927594476,0.5309530638939639
RUSSIA,2014,0.6747968292682928,0.17138076036509114,0.07714071085456328,0.16885921781652277,0.9982604731864333,0.9312834036401003,0.5408892871223181,0.7333333333333334,0.5408892871223181,0.07714071085456328,0.5309024095875909
RUSSIA,2014,0.6747968292682928,0.16890309944757304,0.07639775976887915,0.1640682904671202,0.9982229747830551,0.9318601899149668,0.5408892871223181,0.7333333333333334,0.5408892871223181,0.07639775976887915,0.5301180368851951
RUSSIA,2014,0.6747968292682928,0.16642543853005493,0.07580819710457648,0.15338508315051597,0.9980782235006294,0.9324405217017431,0.5408892871223181,0.7333333333333334,0.5408892871223181,0.07580819710457648,0.5287570737125725
RUSSIA,2015,0.6747968292682928,0.16394777761253682,0.07521863444027382,0.14117509005544682,0.9980407250972512,0.9330173079766094,0.5408892871223181,0.7333333333333334,0.5408892871223181,0.07521863444027382,0.5272538026988172
RUSSIA,2015,0.6747968292682928,0.1614701166950187,0.07462907177597115,0.13485737692757938,0.9978959738148252,0.9335976397633857,0.5408892871223181,0.7333333333333334,0.5408892871223181,0.07462907177597115,0.5263293889450683
RUSSIA,2015,0.6747968292682928,0.15899245577750062,0.0740538408806417,0.1300664495781768,0.9978584754114472,0.9341744260382521,0.5408892871223181,0.7333333333333334,0.5408892871223181,0.0740538408806417,0.5255701742712255
RUSSIA,2015,0.6747968292682928,0.15899245577750062,0.07406817264961492,0.1300664495781768,0.9978390346958911,0.9343666198183277,0.5408892871223181,0.7333333333333334,0.5408892871223181,0.07406817264961492,0.5255895993430235
RUSSIA,2015,0.6747968292682928,0.15899245577750062,0.07408250441858813,0.12853966379971193,0.9978584754114472,0.9341744260382521,0.5408892871223181,0.7333333333333334,0.5408892871223181,0.07408250441858813,0.5254217952240711
RUSSIA,2015,0.6747968292682928,0.15899245577750062,0.07409683618756133,0.12853966379971193,0.9978390346958911,0.9343666198183275,0.5408892871223181,0.7333333333333334,0.5408892871223181,0.07409683618756133,0.525441220295869
RUSSIA,2015,0.6747968292682928,0.1588242785207495,0.07386038014577091,0.12786826208246785,0.9978475376927218,0.9363426970380064,0.5408892871223181,0.7333333333333334,0.5408892871223181,0.07386038014577091,0.525520252013852
RUSSIA,2015,0.6747968292682928,0.15865610126399837,0.07360959233500727,0.12567007458675888,0.9978644892686243,0.9386776705923612,0.5408892871223181,0.7333333333333334,0.5408892871223181,0.07360959233500727,0.5254811898800171
RUSSIA,2016,0.6747968292682928,0.15848792400724726,0.07335880452424362,0.1264134915614196,0.9978729922654548,0.9406537478120403,0.5408892871223181,0.7333333333333334,0.5408892871223181,0.07335880452424362,0.5256995537018444
RUSSIA,2016,0.6747968292682928,0.15831974675049618,0.07310801671348,0.12868369431454516,0.9978899438413572,0.9429887213663948,0.5408892871223181,0.7333333333333334,0.5408892871223181,0.07310801671348,0.526107330592893
RUSSIA,2016,0.6747968292682928,0.15815156949374506,0.07299031860134464,0.12801229259730107,0.997898446838188,0.9449647985860737,0.5408892871223181,0.7333333333333334,0.5408892871223181,0.07299031860134464,0.5262041760003242
RUSSIA,2016,0.6747968292682928,0.15815156949374506,0.07312340829997292,0.12801229259730107,0.9979263361328157,0.945131501140674,0.5408892871223181,0.7333333333333334,0.5408892871223181,0.07312340829997292,0.5262435986400412
RUSSIA,2016,0.6747968292682928,0.15815156949374506,0.0732564979986012,0.13095389706767074,0.9978984468381882,0.9449647985860737,0.5408892871223181,0.7333333333333334,0.5408892871223181,0.0732564979986012,0.5265382633569496
RUSSIA,2016,0.6747968292682928,0.15815156949374506,0.0733895876972295,0.13095389706767074,0.9979263361328157,0.945131501140674,0.5408892871223181,0.7333333333333334,0.5408892871223181,0.0733895876972295,0.5265776859966668
RUSSIA,2016,0.6747968292682928,0.15815156949374506,0.07329986047309696,0.1316807865550297,0.9979806735159634,0.9450754400849174,0.5408892871223181,0.7333333333333334,0.5408892871223181,0.07329986047309696,0.5266367434945218
RUSSIA,2016,0.6747968292682928,0.15815156949374506,0.07307704355033615,0.13534928051275838,0.9980495349885009,0.9454648947564592,0.5408892871223181,0.7333333333333334,0.5408892871223181,0.07307704355033615,0.5270160019662885
RUSSIA,2017,0.6747968292682928,0.15815156949374506,0.07285422662757533,0.14133643905669002,0.9981038723716489,0.9454088337007027,0.5408892871223181,0.7333333333333334,0.5408892871223181,0.07285422662757533,0.5275811229150067
RUSSIA,2017,0.6747968292682928,0.15815156949374506,0.07263140970481452,0.14438199313025205,0.9981727338441864,0.9457982883722444,0.5408892871223181,0.7333333333333334,0.5408892871223181,0.07263140970481452,0.5278980873983568
RUSSIA,2017,0.6747968292682928,0.15815156949374506,0.0726117984085514,0.145108882617611,0.9982270712273342,0.945742227316488,0.5408892871223181,0.7333333333333334,0.5408892871223181,0.0726117984085514,0.5279676622853923
RUSSIA,2017,0.6747968292682928,0.15815156949374506,0.0728150040350491,0.145108882617611,0.9982137060220964,0.946021040489186,0.5408892871223181,0.7333333333333334,0.5408892871223181,0.0728150040350491,0.5280246879261129
RUSSIA,2017,0.6747968292682928,0.15815156949374506,0.07301820966154679,0.147427547203814,0.9982270712273342,0.945742227316488,0.5408892871223181,0.7333333333333334,0.5408892871223181,0.07301820966154679,0.5282604904319619
RUSSIA,2017,0.6747968292682928,0.15815156949374506,0.07322141528804446,0.147427547203814,0.9982137060220964,0.946021040489186,0.5408892871223181,0.7333333333333334,0.5408892871223181,0.07322141528804446,0.5283175160726825
RUSSIA,2017,0.6747968292682928,0.15815156949374506,0.07319889374436919,0.14717654871069563,0.9982688136215281,0.9468429682618084,0.5408892871223181,0.7333333333333334,0.5408892871223181,0.07319889374436919,0.5283767415290248
RUSSIA,2017,0.6747968292682928,0.15815156949374506,0.07297316657419621,0.14924421480378028,0.9983058761085252,0.9458624186486544,0.5408892871223181,0.7333333333333334,0.5408892871223181,0.07297316657419621,0.5284553003501916
RUSSIA,2018,0.6747968292682928,0.15815156949374506,0.07274743940402324,0.15092543789836438,0.9983609837079568,0.9466843464212766,0.5408892871223181,0.7333333333333334,0.5408892871223181,0.07274743940402324,0.5286772671213296
RUSSIA,2018,0.6747968292682928,0.15815156949374506,0.07252171223385026,0.1502879964067455,0.9983980461949539,0.9457037968081228,0.5408892871223181,0.7333333333333334,0.5408892871223181,0.07252171223385026,0.528485315184026
RUSSIA,2018,0.6747968292682928,0.15815156949374506,0.07245490276463915,0.15003699791362715,0.9984531537943855,0.946525724580745,0.5408892871223181,0.7333333333333334,0.5408892871223181,0.07245490276463915,0.5285378974515379
RUSSIA,2018,0.6747968292682928,0.15815156949374506,0.07261382046560101,0.15003699791362712,0.998448473887189,0.944444434022271,0.5408892871223181,0.7333333333333334,0.5408892871223181,0.07261382046560101,0.5283531380601151
RUSSIA,2018,0.6747968292682928,0.15815156949374506,0.07277273816656285,0.14965055491512663,0.9984531537943855,0.946525724580745,0.5408892871223181,0.7333333333333334,0.5408892871223181,0.07277273816656285,0.5285469284619764
RUSSIA,2018,0.6747968292682928,0.15815156949374506,0.0729316558675247,0.14965055491512666,0.9984484738871888,0.944444434022271,0.5408892871223181,0.7333333333333334,0.5408892871223181,0.0729316558675247,0.5283621690705536
RUSSIA,2018,0.6747968292682928,0.15815156949374506,0.07287729544904566,0.14941514522602395,0.9984525286719205,0.9437343414201174,0.5408892871223181,0.7333333333333334,0.5408892871223181,0.07287729544904566,0.5282598702571293
RUSSIA,2018,0.6747968292682928,0.15815156949374506,0.07266401732960474,0.14879329253842072,0.9984337526512853,0.9384821376204837,0.5408892871223181,0.7333333333333334,0.5408892871223181,0.07266401732960474,0.5276385952884259
RUSSIA,2019,0.6747968292682928,0.15815156949374506,0.07245073921016384,0.14547564288792722,0.9984378074360167,0.9377720450183302,0.5408892871223181,0.7333333333333334,0.5408892871223181,0.07245073921016384,0.5272042348237183
RUSSIA,2019,0.6747968292682928,0.15815156949374506,0.07223746109072293,0.1425444362359342,0.9984190314153818,0.9325198412186966,0.5408892871223181,0.7333333333333334,0.5408892871223181,0.07223746109072293,0.526352024458576
RUSSIA,2019,0.6747968292682928,0.15815156949374506,0.07183304463746253,0.1423090265468315,0.9984230862001132,0.9318097486165431,0.5408892871223181,0.7333333333333334,0.5408892871223181,0.07183304463746253,0.5261972172399344
RUSSIA,2019,0.6747968292682928,0.15815156949374506,0.07164190630364303,0.1423090265468315,0.9984049353019431,0.929348927977537,0.5408892871223181,0.7333333333333334,0.5408892871223181,0.07164190630364303,0.5259206493361438
RUSSIA,2019,0.6747968292682928,0.15815156949374506,0.07145076796982353,0.1396132295839412,0.9984230862001132,0.9318097486165431,0.5408892871223181,0.7333333333333334,0.5408892871223181,0.07145076796982353,0.5258702960434996
RUSSIA,2019,0.6747968292682928,0.15815156949374506,0.07125962963600403,0.13961322958394123,0.998404935301943,0.9293489279775372,0.5408892871223181,0.7333333333333334,0.5408892871223181,0.07125962963600403,0.525593728139709
RUSSIA,2019,0.6747968292682928,0.15815156949374506,0.07118737015676276,0.13767017058009776,0.9983880830769947,0.9282200406644519,0.5408892871223181,0.7333333333333334,0.5408892871223181,0.07118737015676276,0.525274009363635
RUSSIA,2019,0.6747968292682928,0.15815156949374506,0.07130624901134097,0.133031314613364,0.9983498931322146,0.9254114989648705,0.5408892871223181,0.7333333333333334,0.5408892871223181,0.07130624901134097,0.5245432824307122
RUSSIA,2020,0.6747968292682928,0.15815156949374506,0.07142512786591919,0.13284790421869075,0.998333040907266,0.9242826116517854,0.5408892871223181,0.7333333333333334,0.5408892871223181,0.07142512786591919,0.5244281992656283
RUSSIA,2020,0.6747968292682928,0.15815156949374506,0.0715440067204974,0.13536029078690776,0.9982948509624858,0.9214740699522042,0.5408892871223181,0.7333333333333334,0.5408892871223181,0.0715440067204974,0.5244125965862005
RUSSIA,2020,0.6747968292682928,0.15815156949374506,0.07208331427813788,0.1334172317830643,0.9982779987375373,0.9203451826391189,0.5408892871223181,0.7333333333333334,0.5408892871223181,0.07208331427813788,0.5241846128656589
RUSSIA,2020,0.6747968292682928,0.15815156949374506,0.0725037429812001,0.13341723178306433,0.9982748119158759,0.9211263488916289,0.5408892871223181,0.7333333333333334,0.5408892871223181,0.0725037429812001,0.5243254751142031
RUSSIA,2020,0.6747968292682928,0.15815156949374506,0.07292417168426232,0.13787267735512482,0.9982779987375375,0.9203451826391189,0.5408892871223181,0.7333333333333334,0.5408892871223181,0.07292417168426232,0.5247562860337838
RUSSIA,2020,0.6747968292682928,0.15815156949374506,0.07334460038732456,0.13787267735512482,0.9982748119158759,0.9211263488916289,0.5408892871223181,0.7333333333333334,0.5408892871223181,0.07334460038732456,0.5248971482823279
RUSSIA,2020,0.6747968292682928,0.15815156949374506,0.07331915302783111,0.1350689265741423,0.9982717018947043,0.9206066402187896,0.5408892871223181,0.7333333333333334,0.5408892871223181,0.07331915302783111,0.5245606742309046
RUSSIA,2020,0.6747968292682928,0.15815156949374506,0.07287327696527542,0.13672062136522026,0.9982772227248399,0.9216218927186608,0.5408892871223181,0.7333333333333334,0.5408892871223181,0.07287327696527542,0.5247610396336296
RUSSIA,2021,0.6747968292682928,0.15815156949374506,0.07242740090271971,0.1390320478165945,0.9982741127036683,0.9211021840458212,0.5408892871223181,0.7333333333333334,0.5408892871223181,0.07242740090271971,0.5248730189999825
RUSSIA,2021,0.6747968292682928,0.15815156949374506,0.07198152484016403,0.13688802869590827,0.9982796335338037,0.9221174365456924,0.5408892871223181,0.7333333333333334,0.5408892871223181,0.07198152484016403,0.5246938130115313
RUSSIA,2021,0.6747968292682928,0.15815156949374506,0.07144644317259793,0.13408427791492575,0.9982765235126323,0.9215977278728531,0.5408892871223181,0.7333333333333334,0.5408892871223181,0.07144644317259793,0.524280893813897
RUSSIA,2021,0.6747968292682928,0.15815156949374506,0.07135723756758754,0.13408427791492575,0.9982883411856008,0.9223515227930535,0.5408892871223181,0.7333333333333334,0.5408892871223181,0.07135723756758754,0.5243440742324623
RUSSIA,2021,0.6747968292682928,0.15815156949374506,0.07126803196257715,0.134744009575222,0.9982765235126321,0.9215977278728531,0.5408892871223181,0.7333333333333334,0.5408892871223181,0.07126803196257715,0.5243201052984235
RUSSIA,2021,0.6747968292682928,0.15815156949374506,0.07117882635756675,0.134744009575222,0.9982883411856008,0.9223515227930538,0.5408892871223181,0.7333333333333334,0.5408892871223181,0.07117882635756675,0.5243832857169889
RUSSIA,2021,0.6747968292682928,0.15815156949374506,0.07065414762468465,0.1332074009059111,0.9983001809844877,0.9336943619086018,0.5408892871223181,0.7333333333333334,0.5408892871223181,0.07065414762468465,0.525286390931569
RUSSIA,2021,0.6747968292682928,0.15815156949374506,0.07021867449681292,0.13233052389689645,0.9982831354309363,0.9461826170582789,0.5408892871223181,0.7333333333333334,0.5408892871223181,0.07021867449681292,0.5263805032210993
RUSSIA,2022,0.6747968292682928,0.15815156949374506,0.0697832013689412,0.12954569314485523,0.9982949752298232,0.9575254561738273,0.5408892871223181,0.7333333333333334,0.5408892871223181,0.0697832013689412,0.527172167068158
RUSSIA,2022,0.6747968292682928,0.15815156949374506,0.06934772824106947,0.12610113073251777,0.9982779296762718,0.9700137113235044,0.5408892871223181,0.7333333333333334,0.5408892871223181,0.06934772824106947,0.528009510817356
RUSSIA,2022,0.6747968292682928,0.15815156949374506,0.06916374191155508,0.12456452206320683,0.9982897694751587,0.9813565504390527,0.5408892871223181,0.7333333333333334,0.5408892871223181,0.06916374191155508,0.5289637198924413
RUSSIA,2022,0.6747968292682928,0.15815156949374506,0.06941522870991239,0.12456452206320683,0.9982490664497519,0.981748171552981,0.5408892871223181,0.7333333333333334,0.5408892871223181,0.06941522870991239,0.5290365347210471
RUSSIA,2022,0.6747968292682928,0.15815156949374506,0.06966671550826972,0.12265656832018026,0.9982897694751587,0.9813565504390527,0.5408892871223181,0.7333333333333334,0.5408892871223181,0.06966671550826972,0.5288483705576459
RUSSIA,2022,0.6747968292682928,0.15815156949374506,0.06991820230662704,0.12265656832018026,0.9982490664497519,0.981748171552981,0.5408892871223181,0.7333333333333334,0.5408892871223181,0.06991820230662704,0.5289211853862517
RUSSIA,2022,0.6747968292682928,0.15815156949374506,0.07002025436564122,0.121778599656942,0.9982083676253295,0.9852418887968135,0.5408892871223181,0.7333333333333334,0.5408892871223181,0.07002025436564122,0.529193998170721
RUSSIA,2022,0.6747968292682928,0.15815156949374506,0.0700263531954561,0.11788500288738772,0.9984972159586667,0.9864090339432179,0.5408892871223181,0.7333333333333334,0.5408892871223181,0.0700263531954561,0.5289511526662118
RUSSIA,2023,0.6747968292682928,0.15815156949374506,0.06999051921807403,0.11526114622191967,0.9985796048485989,0.9877015739973446,0.5408892871223181,0.7333333333333334,0.5408892871223181,0.06999051921807403,0.5288208847974637
RUSSIA,2024,0.6747968292682928,0.15815156949374506,0.06993079592243724,0.11406797468451718,0.9986490812894742,0.9912657068904189,0.5408892871223181,0.7333333333333334,0.5408892871223181,0.06993079592243724,0.5290559700827728
UNITED KINGDOM,1800,,,,0.7268296643912286,0.9571037747213094,,0.75,,0.75,,0.802552411175011
UNITED KINGDOM,1801,,,,0.658832300881615,0.957444949956576,,0.75,,0.75,,0.7832220716680547
UNITED KINGDOM,1802,,,,0.6345183255584868,0.9579246168627311,,0.75,,0.75,,0.7764122692632052
UNITED KINGDOM,1803,,,,0.5604345035500484,0.9584949979255132,,0.75,,0.75,,0.7554084289930176
UNITED KINGDOM,1804,,,,0.516493704349787,0.958875349760443,,0.75,,0.75,,0.7429625868886373
UNITED KINGDOM,1805,,,1.0,0.5907982692145586,0.9592010400398501,,0.75,,0.75,1.0,0.8349998618508816
UNITED KINGDOM,1806,,,1.0,0.6818181752691663,0.9596917654147509,,0.75,,0.75,1.0,0.8533019881367834
UNITED KINGDOM,1807,,,1.0,0.7743656904159717,0.9601388669996812,,0.75,,0.75,1.0,0.8719009114831305
UNITED KINGDOM,1808,,,1.0,0.8787499297515573,0.9602928511761368,,0.75,,0.75,1.0,0.8928085561855388
UNITED KINGDOM,1809,,,1.0,0.8779718977825759,0.9599385808610188,,0.75,,0.75,1.0,0.8925820957287189
UNITED KINGDOM,1810,,,1.0,0.8320992790357785,0.9583650356147132,,0.75,,0.75,1.0,0.8830928629300983
UNITED KINGDOM,1811,,,1.0,0.808139321183161,0.9623985132325688,,0.75,,0.75,1.0,0.8791075668831458
UNITED KINGDOM,1812,,,1.0,0.7962245720642029,0.9649867261195452,,0.74,,0.74,1.0,0.8742422596367496
UNITED KINGDOM,1813,,,1.0,0.7596198326809578,0.968630283177631,,0.7042857142857143,,0.7042857142857143,1.0,0.856935737457432
UNITED KINGDOM,1814,,1.0,0.99963357021358,0.7739163354563707,0.9739716469811999,,0.6685714285714285,,0.6685714285714285,0.99963357021358,0.8750325801025138
UNITED KINGDOM,1815,,1.0,0.9891994250415286,0.7411070763763201,0.9791727197361013,,0.6328571428571428,,0.6328571428571428,0.9891994250415286,0.8588941079934048
UNITED KINGDOM,1816,,1.0,0.9785750913809974,0.7016809710773725,0.9747465025787191,,0.5971428571428572,,0.5971428571428572,0.9785750913809974,0.8400007327403123
UNITED KINGDOM,1817,,1.0,0.9489348399592347,0.5973428833709056,0.9715733225399035,,0.5714285714285714,,0.5714285714285714,0.9489348399592347,0.8082435538320865
UNITED KINGDOM,1818,,1.0,0.9390526572511654,0.5182217989989032,0.9681653322140396,,0.5510671810975551,,0.5510671810975551,0.9390526572511654,0.7869278147893373
UNITED KINGDOM,1819,,1.0,0.9181669177614635,0.4695652262701396,0.9652188465811709,,0.5510671810975553,,0.5510671810975553,0.9181669177614635,0.7731058701899731
UNITED KINGDOM,1820,,1.0,0.9179569161528625,0.4560600676565679,0.9642797545983427,,0.5510671810975551,,0.5510671810975551,0.9179569161528625,0.7706459946884229
UNITED KINGDOM,1821,,1.0,0.9112968931985963,0.42494821415054734,0.9659231162219213,,0.5510671810975553,,0.5510671810975553,0.9112968931985963,0.764069573636116
UNITED KINGDOM,1822,,1.0,0.930202027045332,0.42955567065295774,0.9663584453667371,,0.5510671810975551,,0.5510671810975551,0.930202027045332,0.7696363213723376
UNITED KINGDOM,1823,,1.0,0.940084209753401,0.4565376941924672,0.9659615688481491,,0.5821428571428571,,0.5821428571428571,0.940084209753401,0.7843066438975006
UNITED KINGDOM,1824,,1.0,0.9465294042392186,0.4575110397148491,0.9644719290452134,,0.5928571428571427,,0.5928571428571427,0.9465294042392186,0.7885104649007675
UNITED KINGDOM,1825,,1.0,0.9571735510198716,0.4463934715165835,0.9622448036549232,,0.6035714285714285,,0.6035714285714285,0.9571735510198716,0.7916259574264095
UNITED KINGDOM,1826,,1.0,0.9702751145426781,0.45900749455344425,0.9610036069171045,,0.6142857142857142,,0.6142857142857142,0.9702751145426781,0.7994753907855229
UNITED KINGDOM,1827,,1.0,0.9729827274111751,0.4462963810612246,0.9609892284244703,,0.65,,0.65,0.9729827274111751,0.8069599501004097
UNITED KINGDOM,1828,,1.0,0.9729827274111751,0.409210297171937,0.9611589732671675,,0.6694444444444445,,0.6694444444444445,0.9729827274111751,0.805668338037089
UNITED KINGDOM,1829,,1.0,0.9877897022014792,0.41645643842853614,0.9610446773083556,,0.6888888888888889,,0.6888888888888889,0.9877897022014792,0.8154198337287407
UNITED KINGDOM,1830,,1.0,0.9747502063951068,0.4124815518005008,0.9611292687683424,,0.7025015346838551,,0.7025015346838551,0.9747502063951068,0.814914738697881
UNITED KINGDOM,1831,,1.0,0.9716465186642941,0.39294407424431255,0.9612157770770935,,0.7121105197088136,,0.7121105197088136,0.9716465186642941,0.8132992348135113
UNITED KINGDOM,1832,,1.0,0.9753415410831987,0.3960388190855566,0.9611032799650856,,0.6949994085977025,,0.6949994085977025,0.9753415410831987,0.8104422539286658
UNITED KINGDOM,1833,,1.0,0.9753415410831987,0.41178003074282044,0.9610713345833277,,0.6797488639353931,,0.6797488639353931,0.9753415410831987,0.809247828809006
UNITED KINGDOM,1834,,1.0,0.9753415410831987,0.41209689100380686,0.9611855600676,,0.6646983086560958,,0.6646983086560958,0.9753415410831987,0.8055570376133915
UNITED KINGDOM,1835,,1.0,0.9847875049740547,0.41586502372990053,0.9613105836156756,,0.6758113597525242,0.5,0.6758113597525242,0.9847875049740547,0.7490765205913926
UNITED KINGDOM,1836,,1.0,0.9866501088172409,0.41387685712146494,0.9611640638933963,,0.6961314743865459,0.5,0.6961314743865459,0.9866501088172409,0.7532284394427389
UNITED KINGDOM,1837,,1.0,0.9909825911048665,0.41341904463606793,0.9611476264120002,,0.7084783992593938,0.5,0.7084783992593938,0.9909825911048665,0.7565010875459279
UNITED KINGDOM,1838,,1.0,0.9796651182206169,0.4019104510667247,0.9609333099784406,,0.7499055238398872,0.5,0.7499055238398872,0.9796651182206169,0.7609599632181229
UNITED KINGDOM,1839,,1.0,0.9611780916129502,0.3848502008780389,0.9607644486181821,,0.7893088098173086,0.5,0.7893088098173086,0.9611780916129502,0.7628460002188813
UNITED KINGDOM,1840,,1.0,0.9489304201885886,0.37689985847997204,0.9605793066084207,,0.8086804070034038,0.5,0.8086804070034038,0.9489304201885886,0.7631860541168509
UNITED KINGDOM,1841,,1.0,0.9370928389016135,0.37328351826036044,0.9607240706654059,,0.8248239093096128,0.5,0.8248239093096128,0.9370928389016135,0.7635843614990141
UNITED KINGDOM,1842,,1.0,0.9273682363685769,0.3708223952091574,0.9608494510244571,,0.8501114170669059,0.5,0.8501114170669059,0.9273682363685769,0.766385510184912
UNITED KINGDOM,1843,,1.0,0.9386857092528264,0.3732955665650982,0.9611349765298822,,0.8501622658269324,0.5046296296296297,0.8501622658269324,0.9386857092528264,0.7699529266878752
UNITED KINGDOM,1844,,1.0,0.9571727358604931,0.3721438166753244,0.9613988272342032,,0.8533277584119695,0.5092592592592593,0.8533277584119695,0.9571727358604931,0.7750909698942815
UNITED KINGDOM,1845,,1.0,0.9628462836617177,0.3711482490991578,0.9613996579195175,,0.8579423100144762,0.5138888888888888,0.8579423100144762,0.9628462836617177,0.7779418841155067
UNITED KINGDOM,1846,,1.0,0.9801077419283096,0.3732127021268211,0.9614026212689805,,0.8629301024030018,0.5185185185185185,0.8629301024030018,0.9801077419283096,0.7835933156894064
UNITED KINGDOM,1847,,1.0,0.9898323444613464,0.3822679356257316,0.9614191260235307,,0.8654828856250184,0.5231481481481481,0.8654828856250184,0.9898323444613464,0.7881842838668044
UNITED KINGDOM,1848,0.4566898580976264,1.0,0.9898323444613464,0.38890901317868554,0.9653090859281258,,0.84638473561971,0.5277777777777778,0.84638473561971,0.9898323444613464,0.7316939081157225
UNITED KINGDOM,1849,0.46157223230049554,1.0,0.9898323444613464,0.4071371699370986,0.9692002561804405,,0.8400816508950509,0.5324074074074074,0.8400816508950509,0.9898323444613464,0.7346864309682211
UNITED KINGDOM,1850,0.46647124125517175,1.0,1.0,0.4234944228025926,0.9731779018028485,,0.8315299626377042,0.537037037037037,0.8315299626377042,1.0,0.738803298444479
UNITED KINGDOM,1851,0.47138698084795383,1.0,1.0,0.4405907908486041,0.9771046739625486,,0.8195234082974121,0.5416666666666666,0.8195234082974121,1.0,0.7407290053921336
UNITED KINGDOM,1852,0.47631954775323493,1.0,1.0,0.527951197963888,0.9810393684461026,,0.8102155204161257,0.5462962962962963,0.8102155204161257,1.0,0.7509152903453864
UNITED KINGDOM,1853,0.4861848757108252,1.0,1.0,0.6071083925505482,0.9810376606807637,,0.826254665880664,0.5509259259259259,0.826254665880664,1.0,0.7647993616119373
UNITED KINGDOM,1854,0.4961008829460636,1.0,1.0,0.6165272210804587,0.9810227919847149,,0.8297477840956698,0.5555555555555556,0.8297477840956698,1.0,0.7688507052179009
UNITED KINGDOM,1855,0.5060679609873485,1.0,1.0,0.6317113385018583,0.9811528977158084,,0.8338238155551349,0.5601851851851851,0.8338238155551349,1.0,0.7736644087565745
UNITED KINGDOM,1856,0.5160865054066066,1.0,1.0,0.6340951109072519,0.9811356529984183,,0.8389962764587496,0.5648148148148148,0.8389962764587496,1.0,0.7772307954362142
UNITED KINGDOM,1857,0.5261569158716284,1.0,1.0,0.5735567682852925,0.981143671884818,,0.8428320278222692,0.5694444444444444,0.8428320278222692,1.0,0.7735945024864027
UNITED KINGDOM,1858,0.5362795961992184,1.0,1.0,0.5092031522077161,0.9811267612954293,,0.8167144098213663,0.5740740740740741,0.8167144098213663,1.0,0.7645480037383483
UNITED KINGDOM,1859,0.5457824301089663,1.0,1.0,0.5151605542126024,0.9810184297580339,,0.7920804514430817,0.5787037037037037,0.7920804514430817,1.0,0.7634476513171405
UNITED KINGDOM,1860,0.554650344684172,1.0,1.0,0.5473393924738972,0.9813140402256701,,0.7705031767269542,0.5833333333333333,0.7705031767269542,1.0,0.7657093016462508
UNITED KINGDOM,1861,0.5628682101656686,1.0,1.0,0.6263576579009785,0.9825313242216629,,0.743975623999813,0.5879629629629629,0.743975623999813,1.0,0.7723443530905899
UNITED KINGDOM,1862,0.570420838949504,1.0,1.0,0.7146610444193344,0.9843878322090855,,0.7218765924968708,0.5925925925925926,0.7218765924968708,1.0,0.7807093236318747
UNITED KINGDOM,1863,0.5772929845750264,1.0,1.0,0.8077310148897648,0.9857294303841526,,0.7273992129769378,0.5972222222222222,0.7273992129769378,1.0,0.794036897215022
UNITED KINGDOM,1864,0.5841418650034009,1.0,1.0,0.8703494572943112,0.9869050224450486,,0.7296145387601631,0.6018518518518519,0.7296145387601631,1.0,0.803407429240276
UNITED KINGDOM,1865,0.5909675981798471,1.0,1.0,0.8743652507523508,0.9875107036977019,,0.7291204155889897,0.6064814814814814,0.7291204155889897,1.0,0.8057477997028368
UNITED KINGDOM,1866,0.5977703012536784,1.0,1.0,0.852190404988351,0.987377442127638,,0.7521708003725444,0.611111111111111,0.7521708003725444,1.0,0.8090162406913323
UNITED KINGDOM,1867,0.6045500905850044,1.0,1.0,0.7828665889580847,0.9864370572455936,,0.7749823879981043,0.6157407407407407,0.7749823879981043,1.0,0.8069126083543837
UNITED KINGDOM,1868,0.6045037802362947,1.0,0.9610929606444225,0.6827399768820305,0.9855911936481526,0.5025178569413269,0.7813758830423463,0.6203703703703703,0.7813758830423463,0.9610929606444225,0.7621863518911662
UNITED KINGDOM,1869,0.6046440902418422,1.0,0.9295544938898356,0.6084067200944321,0.9849068625622014,0.48880989914891926,0.786114523215394,0.625,0.786114523215394,0.9295544938898356,0.7500093142826161
UNITED KINGDOM,1870,0.6049494996374152,1.0,0.8950165054990178,0.5778311989059651,0.9842502267893808,0.521380388898991,0.7927055072916885,0.6296296296296295,0.7927055072916885,0.8950165054990178,0.7466913527680965
UNITED KINGDOM,1871,0.6053991194531416,1.0,0.8580252822977951,0.520353912520755,0.9836263728716279,0.5547342322927198,0.7804316351656432,0.6342592592592592,0.7804316351656432,0.8580252822977951,0.7375887461948863
UNITED KINGDOM,1872,0.6059726711292928,1.0,0.8243854531848054,0.4727371253781338,0.9830812619717599,0.5733220510278942,0.7656936773391108,0.6388888888888888,0.7656936773391108,0.8243854531848054,0.7281551474190936
UNITED KINGDOM,1873,0.6134537673401798,1.0,0.8246818214381626,0.46604401375576715,0.9830799442080489,0.6063170073308443,0.7682934209317963,0.6435185185185185,0.7682934209317963,0.8246818214381626,0.7330362257637647
UNITED KINGDOM,1874,0.6208106838893493,1.0,0.8165751510433893,0.4576522404982075,0.9830648711370396,0.641714885929672,0.7725220430711912,0.6481481481481481,0.7725220430711912,0.8165751510433893,0.7369516036793038
UNITED KINGDOM,1875,0.6280464876524926,1.0,0.8111433627193657,0.43917946394702734,0.9828281600109298,0.6577248606216238,0.7734179213866119,0.6527777777777777,0.7734179213866119,0.8111433627193657,0.7377810808883953
UNITED KINGDOM,1876,0.6351641453260489,1.0,0.8018684159783487,0.4115709875221527,0.9823806326787953,0.6882127693056133,0.7742644717707442,0.6574074074074073,0.7742644717707442,0.8018684159783487,0.7385221050230386
UNITED KINGDOM,1877,0.642166527485039,1.0,0.782858215434312,0.3962954911146115,0.9819766346145101,0.694065028210388,0.7745039614204696,0.662037037037037,0.7745039614204696,0.782858215434312,0.7364685766004797
UNITED KINGDOM,1878,0.6490564124452175,1.0,0.7840360736289815,0.3932675308423548,0.9814827561179301,0.7081866577671866,0.761959517898704,0.6666666666666666,0.761959517898704,0.7840360736289815,0.7375514950686828
UNITED KINGDOM,1879,0.6553036283159221,1.0,0.7791396596943011,0.3933571354989022,0.9810786097379379,0.7133542159041618,0.7583760387863295,0.6666666666666666,0.7583760387863295,0.7791396596943011,0.7377018951335832
UNITED KINGDOM,1880,0.6609236954482819,1.0,0.7690342188934307,0.39120914283059266,0.9809326145497523,0.7279665289627035,0.7544585397903922,0.6666666666666666,0.7544585397903922,0.7690342188934307,0.7376732967541206
UNITED KINGDOM,1881,0.6659316873479485,1.0,0.7655768522548003,0.4088857354538905,0.9809129011833144,0.7172214315707518,0.7504546858374621,0.6666666666666666,0.7504546858374621,0.7655768522548003,0.7379964906368275
UNITED KINGDOM,1882,0.6703422462942461,1.0,0.7687943948610322,0.42507148074499,0.9809268417460266,0.7395899910965109,0.7466748525491919,0.6666666666666666,0.7466748525491919,0.7687943948610322,0.7424305554144234
UNITED KINGDOM,1883,0.674169598309615,1.0,0.7507372882449708,0.4301399479272641,0.9809356404500557,0.7424974130169477,0.7542897319620392,0.6666666666666666,0.7542897319620392,0.7507372882449708,0.7422367929169207
UNITED KINGDOM,1884,0.677960429135381,1.0,0.7337170727894631,0.43780185598440813,0.9809561150714561,0.7738305283307778,0.7422001936514853,0.6666666666666666,0.7422001936514853,0.7337170727894631,0.7423405042751137
UNITED KINGDOM,1885,0.6817152590491513,1.0,0.7181722937544931,0.4456955325875815,0.9809431952697871,0.7892752480374923,0.7318092849180229,0.6666666666666666,0.7318092849180229,0.7181722937544931,0.7413459232477363
UNITED KINGDOM,1886,0.6854345984923627,1.0,0.6989261396405929,0.4446387703010369,0.9809598643588817,0.8048189942802262,0.7220380095785204,0.6726190476190476,0.7220380095785204,0.6989261396405929,0.7398944321935932
UNITED KINGDOM,1887,0.6891189483016464,1.0,0.679808112041289,0.4454304396648336,0.980970816332251,0.8156915487603495,0.7121743671971636,0.6785714285714285,0.7121743671971636,0.679808112041289,0.7381602088924727
UNITED KINGDOM,1888,0.6927687999336939,1.0,0.6562065786635296,0.43869164872349503,0.9809705564549167,0.8344324645500467,0.6955656285125444,0.6845238095238095,0.6955656285125444,0.6562065786635296,0.7347691894678826
UNITED KINGDOM,1889,0.6963206030359155,1.0,0.6404287280573813,0.43920632322077485,0.980966342543943,0.8347269931694861,0.6947670366510149,0.6904761904761905,0.6947670366510149,0.6404287280573813,0.7337888496264958
UNITED KINGDOM,1890,0.6997743188749525,0.9996110349042077,0.6202563993576355,0.44716773772898916,0.9809779072709409,0.8365260230504574,0.6915416942098895,0.6964285714285714,0.6915416942098895,0.6202563993576355,0.7326284178761169
UNITED KINGDOM,1891,0.7031299248076159,0.9996110349042077,0.6096589945214932,0.43985413456247,0.9809698139482478,0.8341287650515706,0.6874466719329133,0.7023809523809523,0.6874466719329133,0.6096589945214932,0.7308488563930959
UNITED KINGDOM,1892,0.7063874136474879,0.9996110349042077,0.6108630107995605,0.425818346246366,0.9809725612229234,0.8344550963205674,0.6785849210197277,0.7083333333333333,0.6785849210197277,0.6108630107995605,0.7297110056894229
UNITED KINGDOM,1893,0.7095467930551043,0.9996110349042077,0.6130011036498684,0.413766193755252,0.9809942422320346,0.8315105862807514,0.6434985882518682,0.7142857142857143,0.6434985882518682,0.6130011036498684,0.724638035603608
UNITED KINGDOM,1894,0.7126721175987051,0.9996110349042077,0.6209657777531479,0.3933788231955243,0.9810018345483528,0.8296059056269247,0.6382401926037108,0.7202380952380952,0.6382401926037108,0.6209657777531479,0.7241771873065499
UNITED KINGDOM,1895,0.7157639349727983,0.996107265194665,0.6335529557651218,0.36570141407049855,0.9809937965424064,0.8305905844386607,0.6345202808425661,0.7261904761904762,0.6345202808425661,0.6335529557651218,0.7238434531902675
UNITED KINGDOM,1896,0.7188227811893046,0.9558612585529437,0.6328140487115036,0.3592772569380993,0.9809809509914043,0.8311925316073865,0.6306278943669195,0.7321428571428571,0.6306278943669195,0.6328140487115036,0.7198923370205712
UNITED KINGDOM,1897,0.7218491808874168,0.9377006846031799,0.6163954455380072,0.3674893832984102,0.9809698319540345,0.828414355116746,0.6309565563760566,0.7380952380952381,0.6309565563760566,0.6163954455380072,0.7175518886317449
UNITED KINGDOM,1898,0.7248436476336465,0.9265536691583351,0.6065612979284621,0.37898078826918397,0.9809507870292254,0.8352300008196669,0.6478769065878565,0.7440476190476191,0.6478769065878565,0.6065612979284621,0.7206709452072789
UNITED KINGDOM,1899,0.7281571918724576,0.8984946965841768,0.5859212930755634,0.386924865616042,0.9809505269662647,0.8376150805048855,0.6309263092389789,0.75,0.6309263092389789,0.5859212930755634,0.714649236095187
UNITED KINGDOM,1900,0.7317896996884323,0.8576548970573077,0.5654109281290485,0.38787330130545283,0.9809920079924055,0.8366596015842254,0.6121700467135897,0.75,0.6121700467135897,0.5654109281290485,0.7052235819735999
UNITED KINGDOM,1901,0.7357410244862439,0.8337087116297897,0.5479909068542803,0.3867101683984339,0.981148981198338,0.8332675408781001,0.5956071402730554,0.75,0.5956071402730554,0.5479909068542803,0.6978844009525031
UNITED KINGDOM,1902,0.7400109881596875,0.7834111683211656,0.5391835452985259,0.37967238736332504,0.981433880689394,0.8273418845789781,0.578937942520515,0.75,0.578937942520515,0.5391835452985259,0.6884058034920957
UNITED KINGDOM,1903,0.7445993822217657,0.7073937021815008,0.5256573547541311,0.36699198769572483,0.9818808673748727,0.8101085880089037,0.5772303882810765,0.75,0.5772303882810765,0.5256573547541311,0.6762605833146462
UNITED KINGDOM,1904,0.7491554612371931,0.6484421814390634,0.514023724023722,0.35774906855960453,0.9822942555915499,0.7955038896507884,0.5739946532631385,0.75,0.5739946532631385,0.514023724023722,0.6664750153027088
UNITED KINGDOM,1905,0.7536795653980384,0.6001456639173574,0.5057038699399927,0.3624517704637672,0.9823236652164858,0.7739195181029178,0.5688775397452969,0.75,0.5688775397452969,0.5057038699399927,0.6586232080325521
UNITED KINGDOM,1906,0.7576411692263693,0.5837980178714994,0.5089918237812148,0.35666828356198915,0.9820655766045505,0.7560652222569555,0.5651373033697311,0.75,0.5651373033697311,0.5089918237812148,0.6551252544860968
UNITED KINGDOM,1907,0.7610216026845867,0.556173017806523,0.502535236433603,0.34360797016402067,0.9818162176876053,0.7375639502740443,0.5607654937728233,0.7678571428571429,0.5607654937728233,0.502535236433603,0.6507430369554428
UNITED KINGDOM,1908,0.7638226695552764,0.5459787703332901,0.5055479934037368,0.33248347609436346,0.9815084108355338,0.7237601353669787,0.5555635466602715,0.7857142857142857,0.5555635466602715,0.5055479934037368,0.6499703535630523
UNITED KINGDOM,1909,0.7660783607077776,0.5424945601033334,0.5100974916441714,0.3186303669004952,0.9812750904561891,0.711126842236335,0.5500649100044128,0.8035714285714286,0.5500649100044128,0.5100974916441714,0.649824514608804
UNITED KINGDOM,1910,0.7677911781675344,0.5393682918072991,0.5120589778036619,0.30273737663901973,0.9814064740567842,0.7134686957138877,0.5438998922124177,0.8214285714285714,0.5438998922124177,0.5120589778036619,0.650474876763527
UNITED KINGDOM,1911,0.7694944793642055,0.5223758514214116,0.5068581763495853,0.23856248612738812,0.9817638948164704,0.7223546320250691,0.5332041252558001,0.8392857142857143,0.5332041252558001,0.5068581763495853,0.6438320607273298
UNITED KINGDOM,1912,0.7712097557488861,0.5520671567292765,0.5167014033739482,0.17974894382482454,0.9820639575370098,0.7572297618952897,0.5496334912909201,0.8571428571428571,0.5496334912909201,0.5167014033739482,0.6513141081321319
UNITED KINGDOM,1913,0.7729380141574795,0.5846804638379759,0.5277371487347826,0.12027786830740561,0.9821771584617034,0.7791383659774545,0.5592147562964687,0.875,0.5592147562964687,0.5277371487347826,0.6568608735367637
UNITED KINGDOM,1914,0.7746480633023504,0.6066871333711517,0.52579162015476,0.062185701603170974,0.9822951334524967,0.7653598327399707,0.5640932417078974,0.8928571428571428,0.5640932417078974,0.52579162015476,0.6552612903200017
UNITED KINGDOM,1915,0.7763401894755537,0.6256612132009975,0.5287358819214425,0.00021258077184765114,0.9824385311651481,0.6787529027978627,0.5564166692629425,0.9107142857142857,0.5564166692629425,0.5287358819214425,0.6445375767497195
UNITED KINGDOM,1916,0.7780146729985383,0.6200079820084271,0.5244807797353341,0.00028626562564370596,0.9837391292779486,0.5795930482202026,0.5516440510149694,0.9285714285714286,0.5516440510149694,0.5244807797353341,0.6357692823612628
UNITED KINGDOM,1917,0.7796717883769936,0.5445434549091726,0.5014730622774222,0.0004410258078792967,0.9864024978747958,0.4187067464778669,0.5320178567677225,0.9464285714285714,0.5320178567677225,0.5014730622774222,0.608948064334578
UNITED KINGDOM,1918,0.7813118044509018,0.4974180699870102,0.47120863841106503,0.0007838275980605947,0.9891465669926017,0.2923564011513119,0.5047327601956064,0.9642857142857143,0.5047327601956064,0.47120863841106503,0.5862013241743916
UNITED KINGDOM,1919,0.7827119638486041,0.4434210720731534,0.44738628653221274,0.18141443457693934,0.9920037117738106,0.23322331108420954,0.481605867934784,0.9821428571428571,0.481605867934784,0.44738628653221274,0.58908329926958
UNITED KINGDOM,1920,0.7838747789109825,0.39452112188507976,0.4214705801326275,0.3813416472577555,0.9954067434192545,0.21931520839055407,0.4699024252755212,1.0,0.4699024252755212,0.4214705801326275,0.6003456397431342
UNITED KINGDOM,1921,0.7848027227253415,0.37048596621749635,0.39538000060809536,0.5812430822342852,0.9963786974396209,0.18656233665089011,0.46425697938097565,1.0,0.46425697938097565,0.39538000060809536,0.6101329636613912
UNITED KINGDOM,1922,0.7855086531160855,0.3968244801509207,0.37870345190301624,0.7734341438567146,0.9958512694174733,0.17465563350272323,0.4544054817921048,1.0,0.4544054817921048,0.37870345190301624,0.6268691907144643
UNITED KINGDOM,1923,0.7859999841683291,0.3839158394516062,0.36717595629819433,0.9643924943097923,0.9954351443362158,0.1578370438625898,0.45959274557507845,1.0,0.45959274557507845,0.36717595629819433,0.6420733551022608
UNITED KINGDOM,1924,0.7865018674721151,0.3651973423429049,0.35546619864441525,0.9663779720139447,0.9948628140782214,0.09029279068416755,0.4597367744592115,1.0,0.4597367744592115,0.35546619864441525,0.6319288179982853
UNITED KINGDOM,1925,0.7870141479943713,0.3675919590620496,0.34829223438245743,0.954417638311092,0.9937036140926319,0.044850830481167295,0.46470412239511605,1.0,0.46470412239511605,0.34829223438245743,0.626057979910486
UNITED KINGDOM,1926,0.7875366737996684,0.3639428042683391,0.34788279902841096,0.9379953034042158,0.9937767778142644,0.02467357784000581,0.46320933383262286,1.0,0.46320933383262286,0.34788279902841096,0.621833167331788
UNITED KINGDOM,1927,0.7880588727950051,0.34701090141370194,0.3444983405418337,0.9277112604329691,0.9938945958004062,0.020842188259589167,0.4541584157270978,1.0,0.4541584157270978,0.3444983405418337,0.6169532389502572
UNITED KINGDOM,1928,0.7885755819230548,0.3405085417035122,0.3460087438267802,0.9248935959519617,0.993904816908373,0.0,0.44083861805753816,1.0,0.44083861805753816,0.3460087438267802,0.6122441370274907
UNITED KINGDOM,1929,0.7895132766899654,0.3540928449138797,0.35542455445764826,0.9311998066347951,0.9937982438203523,0.0026176721529942216,0.4329945121071546,1.0,0.4329945121071546,0.35542455445764826,0.6148607082404175
UNITED KINGDOM,1930,0.7908687514622839,0.361603644021519,0.3716278356045667,0.9370017743505858,0.9933251922462274,0.06178553803352145,0.4276864029792201,1.0,0.4276864029792201,0.3716278356045667,0.6238990633720961
UNITED KINGDOM,1931,0.7926388359933523,0.3699325340349307,0.39185264348711574,0.9534241092574621,0.9931068824105743,0.13913625065124707,0.4222868641090133,1.0,0.4222868641090133,0.39185264348711574,0.6365767291738438
UNITED KINGDOM,1932,0.7948203874868532,0.38381475154204525,0.41000658963632003,0.9713363140410104,0.9928102194080808,0.2310827809453381,0.4170812115646475,1.0,0.4170812115646475,0.41000658963632003,0.6511906348968206
UNITED KINGDOM,1933,0.7973174231207396,0.39167139646578314,0.41835252236348663,0.9828170189122133,0.9922866732098228,0.30150650073156493,0.4222901160329684,1.0,0.4222901160329684,0.41835252236348663,0.6625221681595177
UNITED KINGDOM,1934,0.799515697201953,0.39361007887847854,0.41942655469002776,0.9938416340129382,0.9919304046345132,0.350409959139095,0.43617685564259767,1.0,0.43617685564259767,0.41942655469002776,0.6712470737966894
UNITED KINGDOM,1935,0.8013249373840836,0.38643676523097403,0.4081855744087509,0.9948686280281475,0.992016635260903,0.31266630453160615,0.44905425778617003,1.0,0.44905425778617003,0.4081855744087509,0.6673835487420139
UNITED KINGDOM,1936,0.8027477469154747,0.40003697891917156,0.39625699339232084,0.9838784206635875,0.9920254145061136,0.23784172766736536,0.4604583466617619,1.0,0.4604583466617619,0.39625699339232084,0.6602977172210576
UNITED KINGDOM,1937,0.8037867153962959,0.4281316293889114,0.3856458049579782,0.9240540588747802,0.9932986221759824,0.15052855238259003,0.4589972002825598,1.0,0.4589972002825598,0.3856458049579782,0.6468657443777516
UNITED KINGDOM,1938,0.804537285846895,0.4455814128543397,0.3799005595073386,0.8173753034234117,0.9948992427695597,0.12203097805819993,0.43275659670649064,1.0,0.43275659670649064,0.3799005595073386,0.6305678600196598
UNITED KINGDOM,1939,0.8053214384031995,0.45241225967946663,0.3742254683861315,0.6885397311127877,0.9964935603449108,0.08338213729287233,0.3970911425759721,1.0,0.3970911425759721,0.3742254683861315,0.6085784762477993
UNITED KINGDOM,1940,0.8062308656389308,0.4412903678040109,0.35962112604857993,0.5445729816590669,0.9980333923717648,0.06912776240623715,0.3562068596798519,1.0,0.3562068596798519,0.35962112604857993,0.5836112781292124
UNITED KINGDOM,1941,0.807264379586352,0.4007586333711868,0.33399018119027424,0.4039397196554756,0.9994079603032734,0.06766027383954856,0.3121979436445568,1.0,0.3121979436445568,0.33399018119027424,0.555194534380126
UNITED KINGDOM,1942,0.8080300509299162,0.3387005924161002,0.30499181515541707,0.3128585267570683,0.9996067829171607,0.12299153199104573,0.2767742897917904,1.0,0.2767742897917904,0.30499181515541707,0.5358851667897062
UNITED KINGDOM,1943,0.8085140907955726,0.29051493945665086,0.2735472312575073,0.2590379345354862,0.9997092546651152,0.11674518687151828,0.2634792922688242,1.0,0.2634792922688242,0.2735472312575073,0.5184318237011627
UNITED KINGDOM,1944,0.8085858357498287,0.27319195303051047,0.25253593552379555,0.23403518725089373,0.9997647009104241,0.15312473664889115,0.2866653221716179,1.0,0.2866653221716179,0.25253593552379555,0.5181797218008584
UNITED KINGDOM,1945,0.8082505432329208,0.2665186432885896,0.24155865869276366,0.23248205574479752,0.9998015708028127,0.19403967337936956,0.3138406090630607,1.0,0.3138406090630607,0.24155865869276366,0.5238316659698687
UNITED KINGDOM,1946,0.8075133678924227,0.2671800518096174,0.23802170808900183,0.2376381560843667,0.999828139072662,0.2510656515631962,0.3462190578236949,1.0,0.3462190578236949,0.23802170808900183,0.5343343199237522
UNITED KINGDOM,1947,0.8067701216206545,0.2715316504912524,0.24236323672646845,0.2374218025054832,0.9998452583661482,0.25659266711330087,0.38423475476996966,1.0,0.38423475476996966,0.24236323672646845,0.5415443548151825
UNITED KINGDOM,1948,0.8060383941509887,0.26882165470621355,0.2458931783852417,0.23907692367975422,0.9998791971480723,0.28423461296014463,0.42753165984666186,1.0,0.42753165984666186,0.2458931783852417,0.5511207237068524
UNITED KINGDOM,1949,0.8067423118902035,0.2416291889363733,0.242876878875595,0.24308711532002475,0.9999083808195637,0.30692661944082805,0.435641602126978,1.0,0.435641602126978,0.242876878875595,0.5519442493855955
UNITED KINGDOM,1950,0.8088620391644333,0.21970624998827085,0.23877840448023324,0.23869662234177297,0.9999339073800708,0.33713848893900145,0.44296180948260044,1.0,0.44296180948260044,0.23877840448023324,0.5531378648340017
UNITED KINGDOM,1951,0.8123781493699592,0.20452609670286837,0.23548004203669035,0.22620973694425034,0.9999564303842309,0.3608009738678558,0.44548984296042154,1.0,0.44548984296042154,0.23548004203669035,0.5531515289449813
UNITED KINGDOM,1952,0.817271613777811,0.19293030361760985,0.2325383629765149,0.21747433851121795,0.9999795516180721,0.37745857698369184,0.4429877783733772,1.0,0.4429877783733772,0.2325383629765149,0.5527039403422147
UNITED KINGDOM,1953,0.823523790719643,0.1877729832869091,0.2307026373567088,0.2182713912829466,0.999979533149865,0.398599216540194,0.42941108339838047,1.0,0.42941108339838047,0.2307026373567088,0.5530079391472014
UNITED KINGDOM,1954,0.8296920229833121,0.18890543374616922,0.23059620295746516,0.21006847712310006,0.9999795125097787,0.41469436510886126,0.4163844467733754,1.0,0.4163844467733754,0.23059620295746516,0.5528656797559139
UNITED KINGDOM,1955,0.8357779900655198,0.1890703174406408,0.2315745066826782,0.17053360904735365,0.999868993210654,0.42634207873501745,0.40472191454830764,1.0,0.40472191454830764,0.2315745066826782,0.5493926615378425
UNITED KINGDOM,1956,0.8417833269532096,0.19161027300641548,0.23314852184645818,0.1369238061747413,0.9997584114546635,0.43369945075443417,0.39657268382338584,1.0,0.39657268382338584,0.23314852184645818,0.5469248740324836
UNITED KINGDOM,1957,0.8477096255884771,0.18809086485509158,0.23129829588278422,0.10516999929899581,0.9996477626816217,0.4412852781264404,0.3787248893644968,1.0,0.3787248893644968,0.23129829588278422,0.5420793121215788
UNITED KINGDOM,1958,0.8535991732788041,0.18940935648709262,0.23250931963190452,0.07304376095269675,0.9995370827555282,0.4478120407510258,0.36464665831453674,1.0,0.36464665831453674,0.23250931963190452,0.5385934967784212
UNITED KINGDOM,1959,0.8593857363134878,0.18969524188909878,0.23396978574680388,0.04220966520748755,0.9994261814386215,0.45286430848285253,0.3440703076226291,1.0,0.3440703076226291,0.23396978574680388,0.5340334141542442
UNITED KINGDOM,1960,0.8650700071678935,0.18849725574432363,0.23322624320457613,0.04943781568024141,0.9994260130752775,0.45024146514909474,0.32145761432852976,1.0,0.32145761432852976,0.23322624320457613,0.5317233346700437
UNITED KINGDOM,1961,0.8706526782344246,0.18564833819870324,0.23171871313000453,0.0570690014982982,0.999425932762475,0.44444637006716425,0.2984981737427455,1.0,0.2984981737427455,0.23171871313000453,0.5287893990187403
UNITED KINGDOM,1962,0.8761344414606771,0.18527439993082107,0.23135675004585007,0.06701458239182075,0.9994260190302381,0.4398167014928528,0.29254261403375603,1.0,0.29254261403375603,0.23135675004585007,0.5291582411156158
UNITED KINGDOM,1963,0.8814752510086507,0.1827726967748901,0.22744749400585063,0.0797055410222288,0.9994262876440047,0.4347422090968223,0.2854082600138768,1.0,0.2854082600138768,0.22744749400585063,0.5288143242080514
UNITED KINGDOM,1964,0.8867435406753525,0.17860912290810432,0.22142505683800223,0.09629752913869036,0.9994266203693629,0.42356577010989394,0.27791788071898454,1.0,0.27791788071898454,0.22142505683800223,0.5277028759874561
UNITED KINGDOM,1965,0.8917730185157918,0.1740670298549011,0.21767408887979062,0.11324081973116522,0.9994245586642252,0.413800862350887,0.2745994252722438,1.0,0.2745994252722438,0.21767408887979062,0.5276603069602919
UNITED KINGDOM,1966,0.8960658466849626,0.17006619211030496,0.21393249522405533,0.13224811020953614,0.9994053312940941,0.3997780586915669,0.27202839010409974,1.0,0.27202839010409974,0.21393249522405533,0.527453779032518
UNITED KINGDOM,1967,0.8996297947163459,0.164967353367569,0.20972566434420373,0.1595959782589455,0.9993862225196487,0.3825275110363056,0.26681808764262416,1.0,0.26681808764262416,0.20972566434420373,0.527073738523723
UNITED KINGDOM,1968,0.9024725418088089,0.1614384629270785,0.20842843142015471,0.14477528202431061,0.9993667331579683,0.37872586058414176,0.27839398014128985,1.0,0.27839398014128985,0.20842843142015471,0.526824876874888
UNITED KINGDOM,1969,0.9050545487460834,0.16124089268715586,0.2093273230239662,0.12460144039290136,0.9993939256399772,0.3721610348066243,0.28812583268595926,1.0,0.28812583268595926,0.2093273230239662,0.5261158850210672
UNITED KINGDOM,1970,0.9075460490269618,0.16319097212293837,0.2098605931117666,0.10121836598453429,0.9994734504740673,0.40178850840442176,0.2905444530663295,1.0,0.2905444530663295,0.2098605931117666,0.527759793979355
UNITED KINGDOM,1971,0.9104487551668162,0.1644941327460187,0.21052134788993176,0.07308504635285953,0.9995656001787052,0.4543978382542885,0.2899231257499245,1.0,0.2899231257499245,0.21052134788993176,0.5307882460741882
UNITED KINGDOM,1972,0.913597505811928,0.16727360242474712,0.21083831732362146,0.034027723769673134,0.9996544084991639,0.5078725719490306,0.28311351545596974,1.0,0.28311351545596974,0.21083831732362146,0.5320152314529893
UNITED KINGDOM,1973,0.9165899155384072,0.1661473711211104,0.20957512198258677,0.03201647996984351,0.9997408144197386,0.5527473018649998,0.2555659253324233,1.0,0.2555659253324233,0.20957512198258677,0.5323248411655819
UNITED KINGDOM,1974,0.9189761932384302,0.16359578248553105,0.2072554688252534,0.032036408912354944,0.9997697862082898,0.6146354485329629,0.23938698444429857,1.0,0.23938698444429857,0.2072554688252534,0.5358465395901113
UNITED KINGDOM,1975,0.9207643534546222,0.16058639588255014,0.2044669719711521,0.03449444305269918,0.9997468451403787,0.6568158211142752,0.22957928380303377,1.0,0.22957928380303377,0.2044669719711521,0.5383859419033117
UNITED KINGDOM,1976,0.9219622610038426,0.15804547394313645,0.20083625813134248,0.03952137589563195,0.9997338579558891,0.681814065147147,0.21795639955573107,1.0,0.21795639955573107,0.20083625813134248,0.5390247150978179
UNITED KINGDOM,1977,0.9227388353606522,0.15597526458201885,0.19825098293271384,0.044322762694510076,0.9997291881563969,0.7164676352832439,0.20927664984444636,1.0,0.20927664984444636,0.19825098293271384,0.5411894552922889
UNITED KINGDOM,1978,0.9235001032397712,0.15379488505961167,0.19550718986203694,0.047745147017078694,0.9997315816163219,0.7531047647412381,0.20723855542647537,1.0,0.20723855542647537,0.19550718986203694,0.5443745151226677
UNITED KINGDOM,1979,0.9243277397339374,0.1523633211972982,0.19248232678747368,0.048532317789889846,0.999737671724465,0.7829771107577438,0.1943169997813627,1.0,0.1943169997813627,0.19248232678747368,0.5450301020923558
UNITED KINGDOM,1980,0.9252230885226596,0.149733995500824,0.19171078616142612,0.04938945499941242,0.99973831758493,0.8039685298501194,0.1802005010623279,1.0,0.1802005010623279,0.19171078616142612,0.5448531861554907
UNITED KINGDOM,1981,0.9261874218948563,0.14670288202375156,0.19128595473121474,0.05309790257062029,0.9997272193033087,0.8321700458455521,0.18277787856519095,1.0,0.18277787856519095,0.19128595473121474,0.5482074932530127
UNITED KINGDOM,1982,0.927221944034611,0.14084246165499933,0.18885511003110755,0.061476725248294825,0.9997017893338447,0.8510040686161171,0.18808129882399216,1.0,0.18808129882399216,0.18885511003110755,0.5509262574187823
UNITED KINGDOM,1983,0.9283277941383913,0.13693951542925112,0.18709654430564765,0.08119379657977496,0.9996692503242286,0.8651564097057378,0.1908231737246105,1.0,0.1908231737246105,0.18709654430564765,0.5542330240291967
UNITED KINGDOM,1984,0.9294248224916475,0.133995153810403,0.1864173459235665,0.10262802245789412,0.9996535090889834,0.8779656097593074,0.19970427697519919,1.0,0.19970427697519919,0.1864173459235665,0.5587561963202209
UNITED KINGDOM,1985,0.9305131342395752,0.1348106373499755,0.18500656079270258,0.1270937361677195,0.9996520436384481,0.8854710421498811,0.21501938223479744,1.0,0.21501938223479744,0.18500656079270258,0.5642836075206638
UNITED KINGDOM,1986,0.9315928328629823,0.1358910148809879,0.1841768903291507,0.15073939548163684,0.9996617680402317,0.8925020251756639,0.21623723073897957,1.0,0.21623723073897957,0.1841768903291507,0.567680463447519
UNITED KINGDOM,1987,0.9326640202110937,0.14402266904682742,0.1846819667316753,0.1741911251850862,0.9997096466343495,0.9127219105384837,0.22573355208923926,1.0,0.22573355208923926,0.1846819667316753,0.574526465995276
UNITED KINGDOM,1988,0.9337267965335819,0.1535855267653637,0.184733677199194,0.19923282799164427,0.9997701752826675,0.9298362909780324,0.23072475502346418,1.0,0.23072475502346418,0.184733677199194,0.5806202664152069
UNITED KINGDOM,1989,0.9360867095517438,0.16517344580541046,0.1844358295072097,0.24425914621941908,0.9998271167873563,0.9437202559609836,0.24856177233620497,1.0,0.24856177233620497,0.1844358295072097,0.5906606431865907
UNITED KINGDOM,1990,0.9397604193443201,0.17360454227157218,0.18230264578436417,0.21178024156129668,0.999878021326665,0.9580715606266917,0.2605008871084128,1.0,0.2605008871084128,0.18230264578436417,0.5917180294141873
UNITED KINGDOM,1991,0.9447647888636205,0.17835565823851313,0.1795746158975971,0.17346046164679724,0.9999217005703771,0.9672764255240651,0.26892812631923385,1.0,0.26892812631923385,0.1795746158975971,0.590891554260043
UNITED KINGDOM,1992,0.951116888700583,0.17835829416154594,0.17709909394730552,0.2077585038783111,0.9999369651467983,0.9555377035922851,0.28553076136685396,1.0,0.28553076136685396,0.17709909394730552,0.5962211582801056
UNITED KINGDOM,1993,0.9588340019554019,0.175813035046107,0.17500544125726417,0.23407428642410616,0.99994269777132,0.9380974946406001,0.30384317424208684,1.0,0.30384317424208684,0.17500544125726417,0.6004451440064263
UNITED KINGDOM,1994,0.966628180177351,0.17029765524875096,0.17299083212779548,0.24052038174353413,0.9999423201193656,0.9321162623085837,0.30120517130735924,1.0,0.30120517130735924,0.17299083212779548,0.6004112894838994
UNITED KINGDOM,1995,0.9745005836019633,0.1653220463293516,0.17227553739611884,0.3184664920940977,0.9999420852319112,0.9241738669069554,0.28068612988722674,1.0,0.28068612988722674,0.17227553739611884,0.604909786689028
UNITED KINGDOM,1996,0.9819269266285293,0.16332860870522373,0.17137354722761647,0.3978060192525583,0.9999455812624927,0.9168329168221183,0.2714609155316798,1.0,0.2714609155316798,0.17137354722761647,0.6115055210124133
UNITED KINGDOM,1997,0.9886169318902669,0.1584915374330403,0.17011904738150138,0.3956749082935648,0.9999489793599929,0.9198097966067446,0.2523936545642469,1.0,0.2523936545642469,0.17011904738150138,0.6090619672447366
UNITED KINGDOM,1998,0.9937326931011012,0.15275008696143827,0.169049581402335,0.384721337815556,0.9999517499648551,0.928414685761731,0.2437603190916006,1.0,0.2437603190916006,0.169049581402335,0.6075651750896137
UNITED KINGDOM,1999,0.9972583332891725,0.14571210208893595,0.1689115539826799,0.3765669745277956,0.9999557354374957,0.9256338854568339,0.26628572003198775,1.0,0.26628572003198775,0.1689115539826799,0.6096552108466823
UNITED KINGDOM,2000,0.9989470364007884,0.13886481631821024,0.16864939902489562,0.3744139536957478,0.9999600368097369,0.9262089819009814,0.3001742668057253,1.0,0.3001742668057253,0.16864939902489562,0.6141103842071792
UNITED KINGDOM,2001,0.9989292898143629,0.13147356091052317,0.16885952118301076,0.3773630215403507,0.9999644751164258,0.9297469164018084,0.3434704831436147,1.0,0.3434704831436147,0.16885952118301076,0.6205436915180591
UNITED KINGDOM,2002,0.9974805221673215,0.12493474286245146,0.16917285316218916,0.38681242533404947,0.9999687950474622,0.927648233777106,0.3671424552082754,1.0,0.3671424552082754,0.16917285316218916,0.6240057942827749
UNITED KINGDOM,2003,0.9954235583135205,0.12078866444299881,0.16915734111182154,0.4010511173054649,0.9999732777764118,0.9249274790818379,0.39428285837944177,1.0,0.39428285837944177,0.16915734111182154,0.628503617531389
UNITED KINGDOM,2004,0.9927617114518708,0.11690176616207715,0.16847499144035188,0.413904142151602,0.9999767706064903,0.9206348384118936,0.39642769083106555,1.0,0.39642769083106555,0.16847499144035188,0.6287914107916996
UNITED KINGDOM,2005,0.9897311832989617,0.11212772283883969,0.16796348233221142,0.41955755642188447,0.9999793375131499,0.9119006769994717,0.4345958803747452,1.0,0.4345958803747452,0.16796348233221142,0.6332001112782224
UNITED KINGDOM,2006,0.9867137260485503,0.10653485158961065,0.16721277209390714,0.41421550686404646,0.9999798630704552,0.8870934624188502,0.4345958803747452,1.0,0.4345958803747452,0.16721277209390714,0.6290607251718767
UNITED KINGDOM,2007,0.9837118905002871,0.09928864498302299,0.16621861479796438,0.40436449564318566,0.9999817882820438,0.8429436057941159,0.4345958803747452,1.0,0.4345958803747452,0.16621861479796438,0.6223368113211865
UNITED KINGDOM,2008,0.980728203947584,0.09101439934018048,0.16532177795184227,0.39108565155270975,0.9999836777275031,0.7866840406453861,0.4345958803747452,1.0,0.4345958803747452,0.16532177795184227,0.6139736562677038
UNITED KINGDOM,2009,0.9792375635115422,0.0833096224122383,0.16441982346897693,0.37647007905644864,0.9999849939133731,0.7185783999985016,0.4345958803747452,1.0,0.4345958803747452,0.16441982346897693,0.604572299641346
UNITED KINGDOM,2010,0.9777521277280522,0.07682698296946974,0.16306826037220615,0.3619741935426545,0.9999853684452473,0.6535991739105846,0.4345958803747452,1.0,0.4345958803747452,0.16306826037220615,0.5955510121580463
UNITED KINGDOM,2011,0.9762718659954779,0.07142377354465487,0.16173787110072038,0.3524916848111049,0.9999860308111135,0.6043718073645158,0.4345958803747452,1.0,0.4345958803747452,0.16173787110072038,0.5887181722737804
UNITED KINGDOM,2012,0.9747967479674797,0.06884042650016323,0.1613171432308112,0.34556592518037493,0.9999858083839493,0.576269505172651,0.4345958803747452,1.0,0.4345958803747452,0.1613171432308112,0.5846726322596694
UNITED KINGDOM,2013,0.9747967479674797,0.06632475010224795,0.1608169818850988,0.3409909468391493,0.9999857104697906,0.5596699610767454,0.4345958803747452,1.0,0.4345958803747452,0.1608169818850988,0.582228578382892
UNITED KINGDOM,2014,0.9747967479674797,0.0637589063249732,0.16048539002802714,0.33462214681752095,0.9999856710247569,0.560850162166777,0.4345958803747452,1.0,0.4345958803747452,0.16048539002802714,0.5814033913889407
UNITED KINGDOM,2015,0.9747967479674797,0.06240370129615212,0.1604629802809674,0.32977903795167324,0.9999859873921686,0.563845471234317,0.4345958803747452,1.0,0.4345958803747452,0.1604629802809674,0.5810797610809101
UNITED KINGDOM,2016,0.9747967479674797,0.061736852355188825,0.16005366954376787,0.32666819857535645,0.9999857179419092,0.5709707701846465,0.4345958803747452,1.0,0.4345958803747452,0.16005366954376787,0.5813530985886091
UNITED KINGDOM,2017,0.9747967479674797,0.06007926231620296,0.15913898655022013,0.32289442263827695,0.9999845304616866,0.5878708937563549,0.4345958803747452,1.0,0.4345958803747452,0.15913898655022013,0.582362653151119
UNITED KINGDOM,2018,0.9747967479674797,0.05820782119070715,0.1558459409652781,0.3149533575136253,0.999984611457168,0.5963124863523915,0.4345958803747452,1.0,0.4345958803747452,0.1558459409652781,0.5817316130475148
UNITED KINGDOM,2019,0.9747967479674797,0.05820782119070715,0.1532035347046861,0.302849043070948,0.9999854249102548,0.5229048117016709,0.4345958803747452,1.0,0.4345958803747452,0.1532035347046861,0.5727841345443948
UNITED KINGDOM,2020,0.9747967479674797,0.05820782119070715,0.15116639044237884,0.2949594216885718,0.9999858650795008,0.483248451968891,0.4345958803747452,1.0,0.4345958803747452,0.15116639044237884,0.5677240088104577
UNITED KINGDOM,2021,0.9747967479674797,0.05820782119070715,0.14887148557729765,0.2893701731388377,0.9999871678598756,0.4230154751883176,0.4345958803747452,1.0,0.4345958803747452,0.14887148557729765,0.5607976808257022
UNITED KINGDOM,2022,0.9747967479674797,0.05820782119070715,0.14634199507645468,0.28140782699161376,0.9999906534793253,0.36773872533956664,0.4345958803747452,1.0,0.4345958803747452,0.14634199507645468,0.5540946962129233
UNITED KINGDOM,2023,0.9747967479674797,0.05820782119070715,0.14702046387508827,0.2796688069068309,0.9999912582753406,0.2921216416450659,0.4345958803747452,1.0,0.4345958803747452,0.14702046387508827,0.5464609166343914
UNITED KINGDOM,2024,0.9747967479674797,0.05820782119070715,0.14701324663439583,0.28476387193659974,0.9999917204550184,0.337142792977951,0.4345958803747452,1.0,0.4345958803747452,0.14701324663439583,0.5514715019025208
USA,1800,,,,0.12413563877291771,0.8083794201027487,,0.15403990093114578,,0.15403990093114578,,0.3324499743635386
USA,1801,,,,0.11603098275936233,0.809168463445218,,0.13211582349972675,,0.13211582349972675,,0.320963766129763
USA,1802,,,,0.1138514534932118,0.8107971088303911,,0.11906156958248529,,0.11906156958248529,,0.3152116904849517
USA,1803,,,,0.11238291968289978,0.8149685961080424,,0.06621842809941388,,0.06621842809941388,,0.2933369022685895
USA,1804,,,,0.10875717780550295,0.8161865341979337,,0.06760101284198203,,0.06760101284198203,,0.2932414946475457
USA,1805,,,0.17339372495280675,0.13644555538863262,0.8181293880657494,,0.06915832653067752,,0.06915832653067752,0.17339372495280675,0.2636806041359217
USA,1806,,,0.18088527656506107,0.14102488052265277,0.8197050802889809,,0.09212689475151703,,0.09212689475151703,0.18088527656506107,0.27404964355730016
USA,1807,,,0.18986956347394915,0.14691234460913294,0.8215915645321186,,0.11529063159787563,,0.11529063159787563,0.18986956347394915,0.28524884034979775
USA,1808,,,0.2068416493267565,0.15780694599193051,0.8226272115310861,,0.1382842455261925,,0.1382842455261925,0.2068416493267565,0.29962459996048807
USA,1809,,,0.22010126280675707,0.16250031018143501,0.8264433922160119,,0.16133125467983428,,0.16133125467983428,0.22010126280675707,0.3122184957254668
USA,1810,,,0.244922212551749,0.14975189835697006,0.8274443123735493,,0.18431895683400862,,0.18431895683400862,0.244922212551749,0.32421159296183116
USA,1811,,,0.2670452264310551,0.1387484877514455,0.8493903809240356,,0.18604584508171035,,0.18604584508171035,0.2670452264310551,0.3335550951889259
USA,1812,,,0.28936743197084674,0.12842329407905076,0.8629130389452466,,0.18786560955403792,,0.18786560955403792,0.28936743197084674,0.3414371790623249
USA,1813,,,0.29584886816764194,0.13417736770983751,0.8761625167955879,,0.22202835024353673,,0.22202835024353673,0.29584886816764194,0.3574311424244387
USA,1814,,0.11348822376588129,0.30238749034809287,0.14246609945551852,0.8918265619746573,,0.2561060421579271,,0.2561060421579271,0.30238749034809287,0.3309201973258479
USA,1815,,0.10888153086237276,0.3013435421270759,0.14129242974081935,0.9060570948698196,,0.2900250826612919,,0.2900250826612919,0.3013435421270759,0.3405473321092606
USA,1816,,0.10753645575171777,0.3022654463709999,0.159029263495312,0.883313998799142,,0.3237720176348797,,0.3237720176348797,0.3022654463709999,0.3481559856758319
USA,1817,,0.1086842826085698,0.2950600907209605,0.1633981862273352,0.8675991397739036,,0.3573624973537331,,0.3573624973537331,0.2950600907209605,0.35305258178697485
USA,1818,,0.1094447462303821,0.3005788076128655,0.14139999994389027,0.8536929969966224,,0.33929353738582435,,0.33929353738582435,0.3005788076128655,0.3440577101114883
USA,1819,,0.10738144595447996,0.30122678555322974,0.11461797228261442,0.840837010803595,,0.34053356832219356,,0.34053356832219356,0.30122678555322974,0.33757949330897075
USA,1820,,0.10681180918345243,0.30963040853154383,0.10457644852044204,0.8344261158600526,,0.34185810392773636,,0.34185810392773636,0.30963040853154383,0.33717452370881124
USA,1821,,0.10573669447948116,0.31361234790082515,0.09356373189044777,0.8398535751707407,,0.34325228354175696,,0.34325228354175696,0.31361234790082515,0.33740849145075713
USA,1822,,0.10245930968025245,0.3242255999955932,0.09276323447817984,0.8390656148395402,0.9758754980691551,0.34470760545726964,,0.34470760545726964,0.3242255999955932,0.4305090664637746
USA,1823,,0.09980842799098769,0.3334345797053349,0.09845670850983641,0.8348438236381568,0.9773359598684588,0.3698810002488374,,0.3698810002488374,0.3334345797053349,0.43791689856267124
USA,1824,,0.10038938065615839,0.3452816382079923,0.10322231188017243,0.8268810803512217,0.9797324080841664,0.37573588685875353,,0.37573588685875353,0.3452816382079923,0.4416787812245483
USA,1825,,0.10071682489179286,0.35446531688302796,0.10003458850442475,0.8161176683742486,0.9831560270050199,0.38153907999850406,,0.38153907999850406,0.35446531688302796,0.4434331005853978
USA,1826,,0.1020531495449007,0.3650473838083595,0.10362735664572517,0.8091428857251668,0.9849257432182552,0.3872898183247404,,0.3872898183247404,0.3650473838083595,0.44689356261909974
USA,1827,,0.10551961852532481,0.3736738427394729,0.10077708649843956,0.8090663179568347,0.9876742303951846,0.4208348907604164,,0.4208348907604164,0.3736738427394729,0.45640005051794547
USA,1828,,0.11026731648521357,0.3833829847941227,0.09440360984390232,0.8102902352043742,0.9917986272089994,0.4429376240624362,,0.4429376240624362,0.3833829847941227,0.4637486717181897
USA,1829,,0.11659583477657842,0.39645599390378183,0.09815395408411143,0.810284054608878,0.9948935663058831,0.48098808438112817,,0.48098808438112817,0.39645599390378183,0.4765847896004023
USA,1830,,0.12488316329185292,0.4065618201472102,0.10260025144297864,0.8113004806615158,0.9962081895523671,0.5318736504858024,,0.5318736504858024,0.4065618201472102,0.49180647012831913
USA,1831,,0.13463316367447883,0.42183174547133157,0.1046719753522672,0.8127302359067701,0.9978072679381278,0.5860014455290046,,0.5860014455290046,0.42183174547133157,0.5087989184817354
USA,1832,,0.14256194235752379,0.4362268971750084,0.11380115046055155,0.8142513190970819,0.9998836811473673,0.6132087606493061,,0.6132087606493061,0.4362268971750084,0.5206645113998567
USA,1833,,0.14899989179405265,0.4453566738291201,0.12876057429374216,0.8134877867995354,1.0,0.6478417736387396,,0.6478417736387396,0.4453566738291201,0.5330065605841601
USA,1834,,0.15477059329831605,0.4503475931563692,0.1353658311590967,0.8141847990571153,1.0,0.6670412229585851,,0.6670412229585851,0.4503475931563692,0.5400577782409943
USA,1835,,0.16065719832239453,0.45591130587568296,0.13859444814158878,0.8131683730044774,1.0,0.6764132844046394,,0.6764132844046394,0.45591130587568296,0.5444152721269921
USA,1836,,0.16392938396825302,0.4555651437961278,0.13712874863726507,0.8122411677956057,1.0,0.6832008770855238,,0.6832008770855238,0.4555651437961278,0.5459211902462288
USA,1837,,0.1657298831656012,0.45862592692089565,0.13488893349034883,0.8099664514506706,1.0,0.6882523712974862,,0.6882523712974862,0.45862592692089565,0.5472718164905991
USA,1838,,0.1660335138243588,0.4542536180341884,0.12418799634857011,0.8091773883523823,1.0,0.6894289777514093,,0.6894289777514093,0.4542536180341884,0.5449889703148154
USA,1839,,0.16527628198678293,0.4512062176018604,0.11486446041035814,0.8081948503322403,1.0,0.6871787207280937,,0.6871787207280937,0.4512062176018604,0.5422732857463304
USA,1840,,0.1632831133735865,0.45359698881934635,0.1082696847275804,0.809452510369723,1.0,0.6819383538362371,,0.6819383538362371,0.45359698881934635,0.5406154746363236
USA,1841,,0.16291659626463598,0.4577665764897887,0.10344602590097685,0.8104417003491807,1.0,0.6783587586455333,,0.6783587586455333,0.4577665764897887,0.5401417607453968
USA,1842,,0.16778608410923454,0.4616343587590116,0.10002988471137556,0.8112708915531408,1.0,0.6772056762301311,,0.6772056762301311,0.4616343587590116,0.5410495589796379
USA,1843,,0.17488725957398527,0.4779617442068097,0.09931801642061236,0.8121780861313657,1.0,0.6808743187360349,,0.6808743187360349,0.4779617442068097,0.5463767795057473
USA,1844,,0.19667988872753767,0.4970612862465268,0.10096837682887194,0.8134993245534845,1.0,0.6906449060108496,,0.6906449060108496,0.4970612862465268,0.5561009826422798
USA,1845,,0.22039564415114957,0.5142990282161876,0.10362180011134833,0.8134571092257161,1.0,0.7038652870694995,,0.7038652870694995,0.5142990282161876,0.5663887180595351
USA,1846,,0.24348901852834687,0.5372803818851108,0.1138880553089134,0.8126745202739173,1.0,0.7162050823619104,,0.7162050823619104,0.5372803818851108,0.5786113986402444
USA,1847,,0.2538928682984201,0.5569120388215607,0.1204426190960655,0.8127877931401418,0.9998377356251638,0.7285777295076008,,0.7285777295076008,0.5569120388215607,0.5878850955219335
USA,1848,,0.2627278583636003,0.577408381778581,0.13057132629415696,0.831779471775193,0.9996236965181362,0.7186018762849103,1.0,0.7186018762849103,0.577408381778581,0.6669079694172146
USA,1849,,0.252287729102442,0.5974067974289128,0.14050145911348505,0.8503571065663504,0.9996032254689344,0.7466018219977333,1.0,0.7466018219977333,0.5974067974289128,0.6775014646342566
USA,1850,,0.24352743217814066,0.6244253747859334,0.15253953503906353,0.8690405350699125,0.9996032254689344,0.7732559254609581,1.0,0.7732559254609581,0.6244253747859334,0.6895567856619281
USA,1851,,0.2409820820010961,0.6514395847405672,0.15793913891657677,0.8882302572191474,0.9996032254689344,0.7992519021062161,1.0,0.7992519021062161,0.6514395847405672,0.7015049333971682
USA,1852,,0.23725067674107078,0.6787868699725386,0.18914064153987992,0.907186666362239,0.9991527372938732,0.8247978517953669,1.0,0.8247978517953669,0.6787868699725386,0.7162479770104615
USA,1853,,0.24079938029788323,0.705581322293359,0.21941476789459866,0.907186666362239,0.9993667764009008,0.8693938029024796,1.0,0.8693938029024796,0.705581322293359,0.7328506210293388
USA,1854,,0.2496903107352788,0.7264702082384632,0.22338849452755447,0.907186666362239,0.9993872474501024,0.8736069132833787,1.0,0.8736069132833787,0.7264702082384632,0.7387962825126986
USA,1855,,0.25906560133089307,0.7369566665187477,0.22202958516738275,0.907186666362239,0.9993872474501024,0.8749292254796142,1.0,0.8749292254796142,0.7369566665187477,0.7418232868597836
USA,1856,,0.2619452553683826,0.7480957600750653,0.22219238186607387,0.907186666362239,0.9993872474501024,0.8756875328938463,1.0,0.8756875328938463,0.7480957600750653,0.7442807635882549
USA,1857,,0.2749663554798027,0.7634582044098359,0.20415721088466127,0.907186666362239,1.0,0.8770583031748294,1.0,0.8770583031748294,0.7634582044098359,0.746715881659259
USA,1858,,0.27999759817732556,0.7696566293669824,0.1733535381201138,0.907186666362239,1.0,0.8801410745633618,1.0,0.8801410745633618,0.7696566293669824,0.7453216892417878
USA,1859,,0.3389054477622505,0.7780828218511184,0.1610662391709319,0.907186666362239,1.0,0.8791238121380294,1.0,0.8791238121380294,0.7780828218511184,0.7521139181504876
USA,1860,,0.42249995269411167,0.8073701037654322,0.15313784245442072,0.907186666362239,0.9965853366399446,0.8789667565505376,1.0,0.8789667565505376,0.8073701037654322,0.7657547163087849
USA,1861,,0.5077361280349845,0.833909379603601,0.1417163366699845,0.907186666362239,0.9867727634239859,0.8733433149541936,1.0,0.8733433149541936,0.833909379603601,0.776975404273869
USA,1862,,0.6093034828935984,0.8557142596229825,0.11783951708786915,0.907186666362239,0.9713547793119952,0.8642857751382635,1.0,0.8642857751382635,0.8557142596229825,0.7865511173879496
USA,1863,,0.6590179192569955,0.8771495844993277,0.11580745337476335,0.907186666362239,0.9458182031445472,0.8530714918420339,0.75,0.8530714918420339,0.8771495844993277,0.7468425713706573
USA,1864,,0.6262617323564817,0.8878122807559411,0.12259747737359565,0.907186666362239,0.9199272130609847,0.8449914426579366,0.75,0.8449914426579366,0.8878122807559411,0.7411974910910727
USA,1865,,0.5756027634531009,0.8806154446607154,0.12364456534369916,0.907186666362239,0.8945339612514717,0.8432557507910863,0.75,0.8432557507910863,0.8806154446607154,0.7307970293633193
USA,1866,,0.5171967306408523,0.8693099822378997,0.12777483257695918,0.907186666362239,0.8780726112477651,0.832405701585882,0.75,0.832405701585882,0.8693099822378997,0.7185652195957045
USA,1867,,0.446281799887006,0.8599396161625867,0.13817130416633222,0.907186666362239,0.8709225961543465,0.8198380203928659,0.75,0.8198380203928659,0.8599396161625867,0.7067328025180122
USA,1868,0.9174917491749175,0.4225557910688055,0.8143998163605246,0.13569389266405496,0.907186666362239,0.8687269847269257,0.7866750186791054,0.75,0.7866750186791054,0.8143998163605246,0.7237013211143848
USA,1869,0.9172700892471446,0.42493808524076204,0.7845321774139402,0.1318398742814686,0.907186666362239,0.8637358935151802,0.7674329306356495,0.75,0.7674329306356495,0.7845321774139402,0.7156553315344752
USA,1870,0.9170509225740212,0.43170260381274145,0.7597072127549582,0.13711510760870682,0.907186666362239,0.8714519103165912,0.7527406103744502,1.0,0.7527406103744502,0.7597072127549582,0.7491704406655424
USA,1871,0.9168342022265261,0.4474440425406142,0.7437322937001027,0.14035069417262136,0.907186666362239,0.8792421926905124,0.7521280584722019,1.0,0.7521280584722019,0.7437322937001027,0.7493265427364234
USA,1872,0.916619882521489,0.4583729153696698,0.726114829165262,0.14079059028777174,0.907186666362239,0.8809552362285281,0.7545152426327026,1.0,0.7545152426327026,0.726114829165262,0.748318033972739
USA,1873,0.9161911529396699,0.4672847387902951,0.7411445603701912,0.1407218796690316,0.907186666362239,0.8895425812625024,0.7791422076789487,1.0,0.7791422076789487,0.7411445603701912,0.7559452747567283
USA,1874,0.9157695398943769,0.47263388540512635,0.7554396307223838,0.1400404089749751,0.907186666362239,0.9023320104782183,0.7848311670007224,1.0,0.7848311670007224,0.7554396307223838,0.7606253477646784
USA,1875,0.9153548676279005,0.46549260569355555,0.76769375142418,0.1396202793553239,0.907186666362239,0.9097216526904244,0.7779133107126143,1.0,0.7779133107126143,0.76769375142418,0.7613464098748586
USA,1876,0.9149469661236432,0.46047810000661027,0.7695236991746846,0.1378757557339924,0.907186666362239,0.9205195344982918,0.7700541460605818,1.0,0.7700541460605818,0.7695236991746846,0.7607847273639499
USA,1877,0.9145456708735713,0.4695190351790937,0.7860570410235337,0.1390197282869225,0.907186666362239,0.9283904414827017,0.7693375014428533,1.0,0.7693375014428533,0.7860570410235337,0.7649026191320896
USA,1878,0.914150822656881,0.49357888187592164,0.8281764828619419,0.15312405333568663,0.907186666362239,0.9347823554502466,0.7480881470131553,1.0,0.7480881470131553,0.8281764828619419,0.7724295135822061
USA,1879,0.9147078194087775,0.5236571875176195,0.8759951891070266,0.1673717803175226,0.907186666362239,0.937488656382077,0.7454100878223565,1.0,0.7454100878223565,0.8759951891070266,0.7839873935086701
USA,1880,0.9162069575744312,0.5577225188971664,0.917629451290044,0.17395020156605617,0.907186666362239,0.9411462738674358,0.7411696588789232,1.0,0.7411696588789232,0.917629451290044,0.7942514762307996
USA,1881,0.918638685952725,0.5870896133276086,0.961028311030853,0.1840214404097759,0.907186666362239,0.9392135399122635,0.7437543902803346,1.0,0.7437543902803346,0.961028311030853,0.8052643340907757
USA,1882,0.9219936023826243,0.6058237192354472,0.9893939538009711,0.19197144004888875,0.907186666362239,0.9434409884227621,0.7391976994516132,1.0,0.7391976994516132,0.9893939538009711,0.8124300697522151
USA,1883,0.9262624505241916,0.6126590705089673,0.9931418073980576,0.19167486408004425,0.907186666362239,0.9466903546039545,0.7558426499006083,0.9987951807228915,0.7558426499006083,0.9931418073980576,0.816927408837383
USA,1884,0.9304905646512921,0.6416142593886138,0.9931418073980576,0.19270679614450145,0.907186666362239,0.956536459564932,0.7609562540514634,0.9975903614457832,0.7609562540514634,0.9931418073980576,0.8221312662780182
USA,1885,0.9346785250570596,0.6730876818742637,0.9931418073980576,0.19891600535015436,0.907186666362239,0.9607716972654281,0.7689895942478235,0.9963855421686747,0.7689895942478235,0.9931418073980576,0.827975525415951
USA,1886,0.9388269010638275,0.7103187117783285,0.9931418073980576,0.1974114390753367,0.907186666362239,0.9647682656684898,0.7712808811158954,0.9951807228915662,0.7712808811158954,0.9931418073980576,0.8327330551588416
USA,1887,0.942936251281181,0.7476275191312725,0.9938364813950239,0.19639714375999612,0.907186666362239,0.9697222808646767,0.7733099359419952,0.9939759036144579,0.7733099359419952,0.9938364813950239,0.8377021468467173
USA,1888,0.9470071238567627,0.8102759708739331,1.0,0.19495091264351694,0.907186666362239,0.976365011968251,0.7653858309151882,0.9927710843373494,0.7653858309151882,1.0,0.8446524620511892
USA,1889,0.9506147415428685,0.8502096337738688,1.0,0.1980394205426998,0.907186666362239,0.9795385177737119,0.7632866718491673,0.9915662650602409,0.7632866718491673,1.0,0.8493175756130936
USA,1890,0.9537629166584238,0.8949878159423219,1.0,0.21150684800528255,0.907186666362239,0.9825569153400997,0.7624751208094399,0.9903614457831326,0.7624751208094399,1.0,0.8556137470526439
USA,1891,0.9564554168039991,0.9280388627670104,1.0,0.21686182117561667,0.9071866663622391,0.9849686311758866,0.7597908614215674,0.9891566265060241,0.7597908614215674,1.0,0.859516033857814
USA,1892,0.9586959655060283,0.9380267398462541,1.0,0.21658000206488331,0.9071866663622391,0.9850717747048241,0.757271583052274,0.9879518072289156,0.757271583052274,1.0,0.8602744216659028
USA,1893,0.9604882428511358,0.9492775418347073,1.0,0.2121863656300908,0.9071866663622391,0.9842690631736355,0.7812440551751652,0.9867469879518073,0.7812440551751652,1.0,0.8645638565967837
USA,1894,0.9622612012878783,0.947899446927997,1.0,0.2034112975746965,0.9071866663622391,0.9819895841536397,0.7806282306568039,0.9855421686746988,0.7806282306568039,1.0,0.8633134395947645
USA,1895,0.9640151515166598,0.947899446927997,1.0,0.187172370156444,0.9071866663622391,0.9805681851390549,0.7783886180436446,0.9843373493975903,0.7783886180436446,1.0,0.8612938347022578
USA,1896,0.9657503976104957,0.9533793819868557,1.0,0.18482517288302985,0.9071866663622391,0.9794627036642425,0.7786124669436632,0.983132530120482,0.7786124669436632,1.0,0.861609701690833
USA,1897,0.9674672371907912,0.9798194123770424,1.0,0.19277490659991328,0.9071866663622391,0.978533391925882,0.7817910638785883,0.9819277108433735,0.7817910638785883,1.0,0.8655093395134208
USA,1898,0.9691659615975551,0.9842728814160555,1.0,0.20564298798357203,0.9071866663622391,0.9794599482790705,0.7638045965393548,0.980722891566265,0.7638045965393548,1.0,0.8647102658595701
USA,1899,0.9708383720481388,1.0,1.0,0.21586774195389036,0.9071866663622391,0.9815858444391298,0.7642883657307225,0.9795180722891567,0.7642883657307225,1.0,0.8676607467857287
USA,1900,0.9724858742936184,1.0,1.0,0.217201178419505,0.9073648054347278,0.9836530042649315,0.7680138359901093,0.9783132530120482,0.7680138359901093,1.0,0.8686438433062829
USA,1901,0.974109839959155,1.0,1.0,0.21774389133259192,0.9080812330385589,0.9872852275270182,0.7692918784215743,0.9771084337349397,0.7692918784215743,1.0,0.8693875580071675
USA,1902,0.9757116074267055,1.0,1.0,0.2148010528234249,0.9094893623437879,0.9907321299744934,0.7518473087908986,0.9759036144578314,0.7518473087908986,1.0,0.867021634115486
USA,1903,0.9772924826917911,1.0,1.0,0.20813294263202997,0.9116984155400985,0.9925503659883421,0.7472088070957191,0.9746987951807229,0.7472088070957191,1.0,0.8661181851612821
USA,1904,0.9788622242013083,1.0,1.0,0.20489844832281529,0.9138176921733792,0.9942672934229495,0.7418259238951876,0.9734939759036144,0.7418259238951876,1.0,0.865425661991931
USA,1905,0.9804209491642887,1.0,1.0,0.21200172045357002,0.9140418457465291,0.9950932634444264,0.7361222412742501,0.9722891566265061,0.7361222412742501,1.0,0.8654385350242094
USA,1906,0.9812870826761971,1.0,1.0,0.21200230139204268,0.9128073016040972,0.9908337784904827,0.7296222218500096,0.9710843373493976,0.7296222218500096,1.0,0.863863384430003
USA,1907,0.9814421295159776,1.0,1.0,0.20538080657438304,0.9115735369286828,0.9916476905049658,0.7402941455478615,0.9698795180722891,0.7402941455478615,1.0,0.8646025723712225
USA,1908,0.9808938174881796,1.0,1.0,0.19924280506732708,0.9100812791825508,0.9919379042668671,0.7441029541243466,0.9686746987951808,0.7441029541243466,1.0,0.8641769194128307
USA,1909,0.9799815240342417,1.0,1.0,0.19185593015651764,0.9089076402337406,0.9864995123552915,0.7440196982709739,0.9674698795180723,0.7440196982709739,1.0,0.8624469735480483
USA,1910,0.9787079858352294,1.0,1.0,0.1827709587786654,0.9095177888610705,0.9850906968523365,0.7455098554959161,0.9662650602409638,0.7455098554959161,1.0,0.8613103796850237
USA,1911,0.977757598369597,1.0,1.0,0.14262181490906986,0.9112636920603248,0.9871979840413841,0.7488191413523688,0.9650602409638555,0.7488191413523688,1.0,0.8578538962039512
USA,1912,0.9771516446496866,1.0,1.0,0.10899556859476063,0.9125298176691736,0.9857039190584509,0.7570589442458047,0.963855421686747,0.7570589442458047,1.0,0.8554328321195743
USA,1913,0.9768851524021122,1.0,1.0,0.07466236056227005,0.9134636053981484,0.9834921122274356,0.7686101426770989,0.9626506024096386,0.7686101426770989,1.0,0.853383692442113
USA,1914,0.9766214679682257,1.0,1.0,0.03869661419217634,0.9143760678971693,0.9868130971503577,0.7841188378861912,0.9614457831325302,0.7841188378861912,1.0,0.8523164912720125
USA,1915,0.9763605472026538,1.0,1.0,0.00016396344305091463,0.9154266947457383,0.983612127009285,0.8031831328522749,0.9602409638554217,0.8031831328522749,1.0,0.85088797510636
USA,1916,0.976102346880672,1.0,1.0,0.00023671637482754166,0.9219768910859267,0.9646368639945327,0.8239889501628849,0.9590361445783133,0.8239889501628849,1.0,0.8525541633888094
USA,1917,0.9758468246743288,1.0,1.0,0.00038857445446550026,0.9355270649953296,0.9252355179430006,0.8465664450524486,0.9578313253012049,0.8465664450524486,1.0,0.853151804993477
USA,1918,0.9755939391293079,1.0,1.0,0.0007553387095558528,0.949477136364734,0.8960104019194673,0.8656374488800941,0.9566265060240964,0.8656374488800941,1.0,0.8543029718044006
USA,1919,0.9758640312556859,1.0,1.0,0.16294944237777803,0.9636897230034727,0.8747088094822434,0.8836359002425196,0.955421686746988,0.8836359002425196,1.0,0.8723730402231287
USA,1920,0.9766518010120423,1.0,1.0,0.3322191290279535,0.9799223723503351,0.8578563887697992,0.8939571201798634,0.9542168674698795,0.8939571201798634,1.0,0.8907236573140767
USA,1921,0.9779520285242336,1.0,1.0,0.5111057389605005,0.9848032922682156,0.8603237027229726,0.9051268895794123,0.9530120481927711,0.9051268895794123,1.0,0.9110369183396316
USA,1922,0.9797603348575942,1.0,1.0,0.6811814729534236,0.9824715310388719,0.8802180419434347,0.9066614793192642,0.9518072289156627,0.9066614793192642,1.0,0.9301214610574512
USA,1923,0.9820717519947861,1.0,1.0,0.8536859269577267,0.9795054672007246,0.8924323400541223,0.890485847980421,0.9506024096385542,0.890485847980421,1.0,0.9460363748633217
USA,1924,0.9843605767724218,1.0,1.0,0.8713498261216177,0.976069371088905,0.8972448186118532,0.8788430133033565,0.9493975903614458,0.8788430133033565,1.0,0.9463565786478214
USA,1925,0.9866268319094373,1.0,1.0,0.8793944941538301,0.970408244330916,0.9025931435517837,0.8670241319841407,0.9481927710843374,0.8670241319841407,1.0,0.9455161484503405
USA,1926,0.9888705430082512,1.0,1.0,0.8775288128959764,0.9703839321226043,0.9047364287520658,0.8503100149340774,0.946987951807229,0.8503100149340774,1.0,0.9431901938394984
USA,1927,0.9910909760489442,1.0,1.0,0.8880311451726962,0.9703636716611804,0.9097297407385971,0.8394272476684937,0.9457831325301205,0.8394272476684937,1.0,0.9432576591943813
USA,1928,0.9932880657227949,1.0,1.0,0.884087707315062,0.970371747540978,0.911080133158378,0.8458618399979603,0.9445783132530121,0.8458618399979603,1.0,0.9441131916475072
USA,1929,0.9951560683692803,1.0,1.0,0.8671466957725839,0.9703798234207757,0.9084346608851701,0.8451575062661416,0.9433734939759036,0.8451575062661416,1.0,0.9421491782995519
USA,1930,0.9966987438380164,1.0,1.0,0.8544968622136372,0.970387899300573,0.9021155692441389,0.842360050713879,0.9421686746987952,0.842360050713879,1.0,0.9398841534634386
USA,1931,0.9979197892530699,1.0,1.0,0.8258766939517403,0.9703959751803705,0.89477909930475,0.8472343788610337,0.9409638554216868,0.8472343788610337,1.0,0.9370228803740548
USA,1932,0.9988228310781648,1.0,1.0,0.7860477747417038,0.9686812896470428,0.8879879936460886,0.8470208283622135,0.9397590361445783,0.8470208283622135,1.0,0.9321121101412271
USA,1933,0.9992956443169355,1.0,1.0,0.7705747649825765,0.9660675952595883,0.8786486863815585,0.8525914928615046,0.9385542168674699,0.8525914928615046,1.0,0.930095307769259
USA,1934,0.9994186550854712,1.0,1.0,0.7640463225415368,0.9636232201243843,0.8656066476871954,0.8599455796449172,0.9373493975903615,0.8599455796449172,1.0,0.9288346638834243
USA,1935,0.9990813777050622,1.0,1.0,0.7650332491452619,0.9616021433699087,0.8448672540573744,0.8676922334667834,0.936144578313253,0.8676922334667834,1.0,0.9275879930800194
USA,1936,0.9982890522048766,1.0,1.0,0.7686399256478577,0.9605461868742637,0.8145499056573569,0.8696010188278402,0.9349397590361446,0.8696010188278402,1.0,0.9247980763282772
USA,1937,0.9970468365075306,1.0,1.0,0.7543333483073966,0.9671126483122079,0.7804470755464837,0.865082766370859,0.9337349397590362,0.865082766370859,1.0,0.9195689886122229
USA,1938,0.9954755907162847,1.0,1.0,0.6955141402432488,0.9751099233157101,0.7538555699258239,0.8634796857899335,0.9325301204819277,0.8634796857899335,1.0,0.9111707728967003
USA,1939,0.9946566394509757,1.0,1.0,0.6211603920354004,0.9831166198950727,0.7360264418555733,0.8643362671402892,0.9313253012048193,0.8643362671402892,1.0,0.9025780765480174
USA,1940,0.9946956550901644,1.0,1.0,0.5133222016517645,0.9907894131305973,0.7256389489301238,0.8697615444380826,0.9301204819277109,0.8697615444380826,1.0,0.8921617085896424
USA,1941,0.9955826682147881,1.0,1.0,0.41487649952282624,0.9975507310113375,0.703711492364444,0.8776075190138812,0.9289156626506024,0.8776075190138812,1.0,0.8819297497717516
USA,1942,0.9968248839121344,1.0,1.0,0.3407173627089521,0.9984441071788236,0.6987349569503016,0.892099862852507,0.927710843373494,0.892099862852507,1.0,0.8762849812045281
USA,1943,0.9983961297033801,1.0,1.0,0.3022970737562472,0.9988272036496488,0.6739530981657612,0.896075872817147,0.9265060240963856,0.896075872817147,1.0,0.8706544415497027
USA,1944,0.9994452167569514,1.0,1.0,0.29672306365462575,0.9990507220331389,0.6605459141212158,0.895919763792229,0.9253012048192771,0.895919763792229,1.0,0.8687318977861669
USA,1945,0.9999779403973509,1.0,1.0,0.32607521183621335,0.9991997502551987,0.6535373644025088,0.8923273833687096,0.9240963855421687,0.8923273833687096,1.0,0.8703414890456266
USA,1946,1.0,1.0,1.0,0.34690018326405975,0.9993070578021548,0.673464192239096,0.8880302854469335,0.9228915662650603,0.8880302854469335,1.0,0.8736054210873303
USA,1947,1.0,1.0,1.0,0.357630813251075,0.9993883551995781,0.6799746428306676,0.8839452633813029,0.9216867469879518,0.8839452633813029,1.0,0.8745441826835203
USA,1948,1.0,1.0,1.0,0.35902671858626856,0.9995302463012962,0.7099371359559477,0.881040165555917,0.9204819277108434,0.881040165555917,1.0,0.8770777240743655
USA,1949,1.0,1.0,1.0,0.35260742806799455,0.9996529779285412,0.7319068957667187,0.8798204087924321,0.919277108433735,0.8798204087924321,1.0,0.8782813577602507
USA,1950,1.0,1.0,1.0,0.33131810131468714,0.9997608046803265,0.7491835112612499,0.8777370479613209,0.9180722891566265,0.8777370479613209,1.0,0.8773976422933186
USA,1951,1.0,1.0,1.0,0.3183640453022337,0.999856707203169,0.7610725670920875,0.8745419167736814,0.9168674698795181,0.8745419167736814,1.0,0.8766407399577291
USA,1952,1.0,1.0,1.0,0.3125792129141647,0.999942853321447,0.7699501239196824,0.8707713155476983,0.9156626506024097,0.8707713155476983,1.0,0.8762123139380458
USA,1953,1.0,1.0,1.0,0.31535137470397834,0.9999428565877497,0.7746474042839173,0.8638073785154052,0.9144578313253012,0.8638073785154052,1.0,0.8757339450336706
USA,1954,1.0,1.0,1.0,0.31069191879230695,0.9999428565877497,0.7759419296559829,0.8575471664461094,0.9132530120481928,0.8575471664461094,1.0,0.8742776972777494
USA,1955,1.0,1.0,1.0,0.25379084193168727,0.9996342289454075,0.7782273792188686,0.8523674720194501,0.9120481927710844,0.8523674720194501,1.0,0.8678275947281766
USA,1956,1.0,1.0,1.0,0.20481405320635265,0.9993251448073448,0.7778125486501729,0.8477289888106544,0.9108433734939759,0.8477289888106544,1.0,0.8619810290120817
USA,1957,1.0,1.0,1.0,0.1625187134915894,0.999014304707253,0.779797407006153,0.8395564272210084,0.9096385542168675,0.8395564272210084,1.0,0.856512289736181
USA,1958,1.0,1.0,1.0,0.11933858302468292,0.9987034646071615,0.779289691168479,0.8429628604681689,0.9084337349397591,0.8429628604681689,1.0,0.8524426631912216
USA,1959,1.0,1.0,1.0,0.07311084576635887,0.9983926245070698,0.7766655082370901,0.8387891994686439,0.9072289156626506,0.8387891994686439,1.0,0.8467196151207461
USA,1960,1.0,1.0,1.0,0.08663103720057298,0.9983904120493206,0.7714971769007166,0.8368578742809625,0.9060240963855422,0.8368578742809625,1.0,0.8470841582150368
USA,1961,1.0,1.0,1.0,0.10101701167142148,0.9983895777828448,0.7685098398633698,0.8371548653724897,0.9048192771084338,0.8371548653724897,1.0,0.8480877643039022
USA,1962,1.0,1.0,1.0,0.12014886859107861,0.9983917441274848,0.7645337039996118,0.837284622964753,0.9036144578313253,0.837284622964753,1.0,0.8494422937912294
USA,1963,1.0,1.0,1.0,0.14543543134499154,0.9983938592413881,0.7611553470361411,0.8301331835958669,0.9024096385542169,0.8301331835958669,1.0,0.8503798870847648
USA,1964,1.0,1.0,1.0,0.18050785004224895,0.9983958461810326,0.7587241986934694,0.8335367416140624,0.9012048192771085,0.8335367416140624,1.0,0.8539740236253509
USA,1965,0.9998140543351818,1.0,1.0,0.2176707008696098,0.9983975302118582,0.7549635781611259,0.832247654341724,0.9,0.832247654341724,1.0,0.8569124372257955
USA,1966,0.9988938634359851,1.0,1.0,0.2632664791415797,0.9983981074512129,0.7506703983199146,0.8200809288048617,0.9,0.8200809288048617,1.0,0.859079717327398
USA,1967,0.997254338542992,1.0,1.0,0.32480478742816543,0.9983984656844787,0.747172617682093,0.8110336950902763,0.9,0.8110336950902763,1.0,0.8632807921244641
USA,1968,0.9949099412308019,1.0,1.0,0.2983182405035679,0.9983975920657981,0.743377342377298,0.7960600066342522,0.9,0.7960600066342522,1.0,0.8576548096744248
USA,1969,0.9924574811963133,0.9973056910688586,1.0,0.25914977237368014,0.9985041114223744,0.730056711378835,0.7833642674047402,0.9,0.7833642674047402,1.0,0.849874890914533
USA,1970,0.990084482319985,0.9901727776757234,1.0,0.21229859650489727,0.9987314372595062,0.7350321677824803,0.7715189043281073,0.9,0.7715189043281073,1.0,0.8428640059194747
USA,1971,0.9883407880637837,0.9799096436932746,1.0,0.15195764357721075,0.998949687403494,0.7469834533431343,0.7636488233413553,0.9,0.7636488233413553,1.0,0.8355784845124824
USA,1972,0.9870404257672304,0.9618356042710644,1.0,0.0701616933437262,0.9991642938076947,0.7625420067161988,0.7538408795219423,0.875,0.7538408795219423,1.0,0.8217525556072445
USA,1973,0.9857472610553341,0.9267252123586939,1.0,0.06589525842487856,0.9993801832945785,0.7749220118415476,0.7474944709128117,0.875,0.7474944709128117,1.0,0.8179285263871918
USA,1974,0.9838785036596551,0.8912832207251353,1.0,0.06797717539964243,0.9994888079804645,0.8000374280320649,0.7359314221266374,0.875,0.7359314221266374,1.0,0.8151001520816747
USA,1975,0.9814461764262943,0.8618515430811936,1.0,0.07453342210704557,0.9994769290946139,0.8163548897468587,0.7255821406287003,0.875,0.7255821406287003,1.0,0.8125259259612205
USA,1976,0.9784619346404024,0.8356176153847837,1.0,0.08650038691889526,0.9994743109978252,0.8253400611985772,0.7237634228962204,0.875,0.7237634228962204,1.0,0.8112770410805017
USA,1977,0.9751096526939904,0.8177021113262212,1.0,0.09575801033707843,0.9994743109978257,0.8352988450336666,0.724535125119548,0.875,0.724535125119548,1.0,0.8110200444415102
USA,1978,0.9718234450756513,0.8106306411603299,1.0,0.10216851807270985,0.9994743109978266,0.8522767499022464,0.7243524926373459,0.875,0.7243524926373459,1.0,0.812131412670261
USA,1979,0.9694130274942747,0.8116132447528311,1.0,0.10449797438984465,0.9994743109978282,0.8669770603765198,0.7327627668830959,0.875,0.7327627668830959,1.0,0.814832628208308
USA,1980,0.9678632539872449,0.7993082956022471,1.0,0.10695559133025515,0.9994754406032514,0.8741611914154521,0.73997015149453,0.8785714285714286,0.73997015149453,1.0,0.8159507770031011
USA,1981,0.967159399034693,0.7902313566365022,1.0,0.11865415035796685,0.9994806975415885,0.8848445735004477,0.7460216810747158,0.8821428571428571,0.7460216810747158,1.0,0.8186196683914906
USA,1982,0.9672871415846875,0.7859286678049895,1.0,0.15097201809441535,0.9994859544799255,0.8893075065473692,0.7555551631536873,0.8857142857142857,0.7555551631536873,1.0,0.823852903260569
USA,1983,0.9682325498415173,0.784460028259292,1.0,0.21108318085184674,0.9994912114182718,0.8901551640456329,0.7658686621133389,0.8892857142857142,0.7658686621133389,1.0,0.83202699739359
USA,1984,0.9691704162481845,0.7766372785422737,1.0,0.26899679120327546,0.9994964683566174,0.8899661424393482,0.7691100165002258,0.8928571428571429,0.7691100165002258,1.0,0.8381803043949846
USA,1985,0.970100830694933,0.7802917798896294,1.0,0.3279900080332525,0.9995005956895614,0.8867328275634654,0.7738990408009856,0.8964285714285715,0.7738990408009856,1.0,0.8455157875562644
USA,1986,0.9710238816490971,0.7834554138260303,1.0,0.3812019004269684,0.9995005956896114,0.883334396902581,0.7820442315008419,0.9,0.7820442315008419,1.0,0.8527094476570102
USA,1987,0.9719396561831448,0.8237476461383159,1.0,0.4303773562090981,0.9995560487578722,0.8978323339113595,0.7863994449561188,0.9035714285714286,0.7863994449561188,1.0,0.8644379179582686
USA,1988,0.9728482400020626,0.8673981477622752,1.0,0.4730384917822509,0.9996253373747424,0.9107317202809192,0.7963577941364157,0.9071428571428571,0.7963577941364157,1.0,0.8765317034122192
USA,1989,0.9742478174941894,0.9123745944514919,1.0,0.5718555303507803,0.9997054590889867,0.9209004606972835,0.811555868562786,0.9107142857142857,0.811555868562786,1.0,0.8949613002245436
USA,1990,0.9761465225496764,0.9575896332917975,1.0,0.4945824562361686,0.9997874863008178,0.9339587697224292,0.830051874894455,0.9142857142857143,0.830051874894455,1.0,0.8966644513145983
USA,1991,0.9785525714565961,1.0,1.0,0.40552605019722876,0.9998685718627993,0.9454215087205269,0.8422740690350248,0.9178571428571428,0.8422740690350248,1.0,0.8958841805803703
USA,1992,0.9814742651566034,1.0,1.0,0.5007973723814059,0.9998947619973961,0.9305521112720904,0.8584228162312015,0.9214285714285715,0.8584228162312015,1.0,0.9073232724875457
USA,1993,0.9849199915452385,0.9963939946925155,1.0,0.5798565044856164,0.9999072394611733,0.910804428233505,0.8707113279924871,0.925,0.8707113279924871,1.0,0.91579091461794
USA,1994,0.9884001277944151,0.9853446669564004,1.0,0.6036119247478648,0.9999088944693085,0.9069290607504492,0.8711674229701643,0.9285714285714286,0.8711674229701643,1.0,0.9178003015928037
USA,1995,0.9919151919546085,0.9723452512300028,1.0,0.8000060713471153,0.999909674255056,0.8998241703226355,0.8723198157081532,0.9321428571428572,0.8723198157081532,1.0,0.936665196436324
USA,1996,0.9949380739873664,0.9559087177385676,1.0,1.0,0.9999134652237069,0.8926261132901038,0.8757647100942915,0.9357142857142857,0.8757647100942915,1.0,0.9558073900946296
USA,1997,0.9971827191864465,0.9368072203244125,1.0,1.0,0.9999177165089275,0.8987807696598319,0.8745325002513052,0.9392857142857143,0.8745325002513052,1.0,0.9552007107078373
USA,1998,0.9978220287471083,0.9162093831981638,1.0,1.0,0.9999223424160144,0.9117460152203396,0.8784895091416969,0.9428571428571428,0.8784895091416969,1.0,0.9556630761953442
USA,1999,0.9983576234947474,0.8981826664891497,1.0,1.0,0.9999292051920887,0.9091101573480413,0.8788637582742009,0.9464285714285714,0.8788637582742009,1.0,0.9542696958825561
USA,2000,0.9985544851138556,0.9110875181591837,1.0,1.0,0.9999368419645546,0.9101775334576743,0.8834142304940202,0.95,0.8834142304940202,1.0,0.9569154966993227
USA,2001,0.9985544851138556,0.916844484153313,1.0,1.0,0.9999428789350105,0.9143404029313382,0.9031482371141877,0.9535714285714285,0.9031482371141877,1.0,0.9614038992218872
USA,2002,0.9986367982666842,0.9161895942231,1.0,1.0,0.9999469069862232,0.9118668426766361,0.9104406378977427,0.9571428571428572,0.9104406378977427,1.0,0.9627333783846888
USA,2003,0.9996215398840651,0.9221869094803237,1.0,1.0,0.9999504997161781,0.9082355105479619,0.9131358217962432,0.9607142857142857,0.9131358217962432,1.0,0.9640580390836356
USA,2004,1.0,0.9231071046633188,1.0,1.0,0.9999519175178284,0.9046563672831434,0.9401935070104658,0.9642857142857143,0.9401935070104658,1.0,0.9684434221408562
USA,2005,1.0,0.8843812392654231,1.0,1.0,0.9999516013733334,0.8970897506702098,0.9832136824324325,0.9678571428571429,0.9832136824324325,1.0,0.9708028829243331
USA,2006,1.0,0.849827895087428,1.0,1.0,0.9999509229087187,0.8721071514695502,0.9832136824324325,0.9714285714285714,0.9832136824324325,1.0,0.9653849350257205
USA,2007,1.0,0.8098845486456204,1.0,1.0,0.9999563516354779,0.8290202345500803,0.9832136824324325,0.975,0.9832136824324325,1.0,0.9576181658479829
USA,2008,1.0,0.7691487146601915,1.0,1.0,0.9999616318535965,0.7759681985436997,0.9832136824324325,0.9785714285714285,0.9832136824324325,1.0,0.9487756211563281
USA,2009,1.0,0.7306814924858992,1.0,1.0,0.9999656282925932,0.7115005195440891,0.9832136824324325,0.9821428571428571,0.9832136824324325,1.0,0.9390182449685518
USA,2010,1.0,0.6956121443999762,1.0,1.0,0.9999688943392936,0.6492350342190749,0.9832136824324325,0.9857142857142858,0.9832136824324325,1.0,0.9298208025178424
USA,2011,1.0,0.657067535581209,1.0,0.9964328410875891,0.9999716959813213,0.6024898942381904,0.9832136824324325,0.9892857142857143,0.9832136824324325,1.0,0.921471106196553
USA,2012,1.0,0.6299451531006868,1.0,0.9932900399421983,0.9999707092934675,0.5765951265354202,0.9832136824324325,0.9928571428571429,0.9832136824324325,1.0,0.9163907266806137
USA,2013,1.0,0.6039800123789612,1.0,0.9903114777263002,0.9999705095011555,0.5597522116592185,0.9832136824324325,0.9964285714285714,0.9832136824324325,1.0,0.9123477592057143
USA,2014,1.0,0.5859953204994804,1.0,0.9903114777263002,0.9999718210193995,0.5573184229158843,0.9832136824324325,1.0,0.9832136824324325,1.0,0.9108417565809714
USA,2015,1.0,0.5748563725495788,1.0,0.9888274109643163,0.9999741176781587,0.557476046460974,0.9832136824324325,1.0,0.9832136824324325,1.0,0.9095954471301678
USA,2016,1.0,0.5727710308895518,1.0,0.9880087767042693,0.9999760660027622,0.5612862054619998,0.9832136824324325,1.0,0.9832136824324325,1.0,0.9096862602707233
USA,2017,1.0,0.5762118370010724,1.0,0.9873356200912395,0.9999768789223868,0.5617064028521708,0.9832136824324325,0.75,0.9832136824324325,1.0,0.872505126251552
USA,2018,1.0,0.5769611834204657,1.0,0.9693002968002942,0.9999782921596614,0.5682328295506276,0.9832136824324325,0.75,0.9832136824324325,1.0,0.87142931255797
USA,2019,1.0,0.5769611834204657,1.0,0.9482864112934506,0.9999794052830862,0.5739622820355347,0.9832136824324325,0.5,0.9832136824324325,1.0,0.8324009805681187
USA,2020,1.0,0.5769611834204657,1.0,0.9216845621651434,0.9999802702664518,0.5574089975720828,0.9832136824324325,0.5,0.9832136824324325,1.0,0.8280855537072794
USA,2020,1.0,0.5769611834204657,1.0,0.9072791905092565,0.9999818627393511,0.5366024117666667,0.9832136824324325,0.5,0.9832136824324325,1.0,0.824564517208439
USA,2021,1.0,0.5769611834204657,1.0,0.8980125513535329,0.9999832669270698,0.511402917931493,0.9832136824324325,0.5,0.9832136824324325,1.0,0.8211180443281212
USA,2022,1.0,0.5769611834204657,1.0,0.9031080698992554,0.999986392243013,0.4943152731816863,0.9832136824324325,0.25,0.9832136824324325,1.0,0.782419144239307
USA,2023,1.0,0.5769611834204657,1.0,0.9051524442576238,0.9999872434054137,0.4715345355398496,0.9832136824324325,0.25,0.9832136824324325,1.0,0.7803455930272002
USA,2024,1.0,0.5769611834204657,1.0,0.9203464521606503,0.999988533786707,0.47074238502266824,0.9832136824324325,0.25,0.9832136824324325,1.0,0.7817859078039141
